path,label,source_label,group,source_dataset,source_url,license,original_id,first_party
data/raw_acquired/bangladeshi_vegetables/potato/bangladeshi_veg_IMG_0357.JPG,potato,Potato,data/raw_acquired/bangladeshi_vegetables/potato/bangladeshi_veg_IMG_0357.JPG,bangladeshi_vegetables,https://data.mendeley.com/datasets/b9rvg4f2st/4,CC BY 4.0,bangladeshi_veg_IMG_0357.JPG,False
data/raw_acquired/bangladeshi_vegetables/potato/bangladeshi_veg_IMG_0358.JPG,potato,Potato,data/raw_acquired/bangladeshi_vegetables/potato/bangladeshi_veg_IMG_0358.JPG,bangladeshi_vegetables,https://data.mendeley.com/datasets/b9rvg4f2st/4,CC BY 4.0,bangladeshi_veg_IMG_0358.JPG,False
data/raw_acquired/bangladeshi_vegetables/potato/bangladeshi_veg_IMG_0359.JPG,potato,Potato,data/raw_acquired/bangladeshi_vegetables/potato/bangladeshi_veg_IMG_0357.JPG,bangladeshi_vegetables,https://data.mendeley.com/datasets/b9rvg4f2st/4,CC BY 4.0,bangladeshi_veg_IMG_0359.JPG,False
data/raw_acquired/bangladeshi_vegetables/potato/bangladeshi_veg_IMG_0360.JPG,potato,Potato,data/raw_acquired/bangladeshi_vegetables/potato/bangladeshi_veg_IMG_0360.JPG,bangladeshi_vegetables,https://data.mendeley.com/datasets/b9rvg4f2st/4,CC BY 4.0,bangladeshi_veg_IMG_0360.JPG,False
data/raw_acquired/bangladeshi_vegetables/potato/bangladeshi_veg_IMG_0361.JPG,potato,Potato,data/raw_acquired/bangladeshi_vegetables/potato/bangladeshi_veg_IMG_0357.JPG,bangladeshi_vegetables,https://data.mendeley.com/datasets/b9rvg4f2st/4,CC BY 4.0,bangladeshi_veg_IMG_0361.JPG,False
data/raw_acquired/bangladeshi_vegetables/potato/bangladeshi_veg_IMG_0363.JPG,potato,Potato,data/raw_acquired/bangladeshi_vegetables/potato/bangladeshi_veg_IMG_0363.JPG,bangladeshi_vegetables,https://data.mendeley.com/datasets/b9rvg4f2st/4,CC BY 4.0,bangladeshi_veg_IMG_0363.JPG,False
data/raw_acquired/bangladeshi_vegetables/potato/bangladeshi_veg_IMG_0364.JPG,potato,Potato,data/raw_acquired/bangladeshi_vegetables/potato/bangladeshi_veg_IMG_0357.JPG,bangladeshi_vegetables,https://data.mendeley.com/datasets/b9rvg4f2st/4,CC BY 4.0,bangladeshi_veg_IMG_0364.JPG,False
data/raw_acquired/bangladeshi_vegetables/potato/bangladeshi_veg_IMG_0365.JPG,potato,Potato,data/raw_acquired/bangladeshi_vegetables/potato/bangladeshi_veg_IMG_0357.JPG,bangladeshi_vegetables,https://data.mendeley.com/datasets/b9rvg4f2st/4,CC BY 4.0,bangladeshi_veg_IMG_0365.JPG,False
data/raw_acquired/bangladeshi_vegetables/potato/bangladeshi_veg_IMG_0366.JPG,potato,Potato,data/raw_acquired/bangladeshi_vegetables/potato/bangladeshi_veg_IMG_0357.JPG,bangladeshi_vegetables,https://data.mendeley.com/datasets/b9rvg4f2st/4,CC BY 4.0,bangladeshi_veg_IMG_0366.JPG,False
data/raw_acquired/bangladeshi_vegetables/potato/bangladeshi_veg_IMG_0367.JPG,potato,Potato,data/raw_acquired/bangladeshi_vegetables/potato/bangladeshi_veg_IMG_0357.JPG,bangladeshi_vegetables,https://data.mendeley.com/datasets/b9rvg4f2st/4,CC BY 4.0,bangladeshi_veg_IMG_0367.JPG,False
data/raw_acquired/bangladeshi_vegetables/potato/bangladeshi_veg_IMG_0368.JPG,potato,Potato,data/raw_acquired/bangladeshi_vegetables/potato/bangladeshi_veg_IMG_0368.JPG,bangladeshi_vegetables,https://data.mendeley.com/datasets/b9rvg4f2st/4,CC BY 4.0,bangladeshi_veg_IMG_0368.JPG,False
data/raw_acquired/bangladeshi_vegetables/potato/bangladeshi_veg_IMG_0369.JPG,potato,Potato,data/raw_acquired/bangladeshi_vegetables/potato/bangladeshi_veg_IMG_0369.JPG,bangladeshi_vegetables,https://data.mendeley.com/datasets/b9rvg4f2st/4,CC BY 4.0,bangladeshi_veg_IMG_0369.JPG,False
data/raw_acquired/bangladeshi_vegetables/potato/bangladeshi_veg_IMG_0370.JPG,potato,Potato,data/raw_acquired/bangladeshi_vegetables/potato/bangladeshi_veg_IMG_0370.JPG,bangladeshi_vegetables,https://data.mendeley.com/datasets/b9rvg4f2st/4,CC BY 4.0,bangladeshi_veg_IMG_0370.JPG,False
data/raw_acquired/bangladeshi_vegetables/potato/bangladeshi_veg_IMG_0371.JPG,potato,Potato,data/raw_acquired/bangladeshi_vegetables/potato/bangladeshi_veg_IMG_0371.JPG,bangladeshi_vegetables,https://data.mendeley.com/datasets/b9rvg4f2st/4,CC BY 4.0,bangladeshi_veg_IMG_0371.JPG,False
data/raw_acquired/bangladeshi_vegetables/potato/bangladeshi_veg_IMG_0372.JPG,potato,Potato,data/raw_acquired/bangladeshi_vegetables/potato/bangladeshi_veg_IMG_0357.JPG,bangladeshi_vegetables,https://data.mendeley.com/datasets/b9rvg4f2st/4,CC BY 4.0,bangladeshi_veg_IMG_0372.JPG,False
data/raw_acquired/bangladeshi_vegetables/potato/bangladeshi_veg_IMG_0373.JPG,potato,Potato,data/raw_acquired/bangladeshi_vegetables/potato/bangladeshi_veg_IMG_0357.JPG,bangladeshi_vegetables,https://data.mendeley.com/datasets/b9rvg4f2st/4,CC BY 4.0,bangladeshi_veg_IMG_0373.JPG,False
data/raw_acquired/bangladeshi_vegetables/potato/bangladeshi_veg_IMG_0374.JPG,potato,Potato,data/raw_acquired/bangladeshi_vegetables/potato/bangladeshi_veg_IMG_0374.JPG,bangladeshi_vegetables,https://data.mendeley.com/datasets/b9rvg4f2st/4,CC BY 4.0,bangladeshi_veg_IMG_0374.JPG,False
data/raw_acquired/bangladeshi_vegetables/potato/bangladeshi_veg_IMG_0375.JPG,potato,Potato,data/raw_acquired/bangladeshi_vegetables/potato/bangladeshi_veg_IMG_0375.JPG,bangladeshi_vegetables,https://data.mendeley.com/datasets/b9rvg4f2st/4,CC BY 4.0,bangladeshi_veg_IMG_0375.JPG,False
data/raw_acquired/bangladeshi_vegetables/potato/bangladeshi_veg_IMG_0376.JPG,potato,Potato,data/raw_acquired/bangladeshi_vegetables/potato/bangladeshi_veg_IMG_0376.JPG,bangladeshi_vegetables,https://data.mendeley.com/datasets/b9rvg4f2st/4,CC BY 4.0,bangladeshi_veg_IMG_0376.JPG,False
data/raw_acquired/bangladeshi_vegetables/potato/bangladeshi_veg_IMG_0377.JPG,potato,Potato,data/raw_acquired/bangladeshi_vegetables/potato/bangladeshi_veg_IMG_0377.JPG,bangladeshi_vegetables,https://data.mendeley.com/datasets/b9rvg4f2st/4,CC BY 4.0,bangladeshi_veg_IMG_0377.JPG,False
data/raw_acquired/bangladeshi_vegetables/potato/bangladeshi_veg_IMG_0378.JPG,potato,Potato,data/raw_acquired/bangladeshi_vegetables/potato/bangladeshi_veg_IMG_0357.JPG,bangladeshi_vegetables,https://data.mendeley.com/datasets/b9rvg4f2st/4,CC BY 4.0,bangladeshi_veg_IMG_0378.JPG,False
data/raw_acquired/bangladeshi_vegetables/potato/bangladeshi_veg_IMG_0379.JPG,potato,Potato,data/raw_acquired/bangladeshi_vegetables/potato/bangladeshi_veg_IMG_0379.JPG,bangladeshi_vegetables,https://data.mendeley.com/datasets/b9rvg4f2st/4,CC BY 4.0,bangladeshi_veg_IMG_0379.JPG,False
data/raw_acquired/bangladeshi_vegetables/potato/bangladeshi_veg_IMG_0380.JPG,potato,Potato,data/raw_acquired/bangladeshi_vegetables/potato/bangladeshi_veg_IMG_0379.JPG,bangladeshi_vegetables,https://data.mendeley.com/datasets/b9rvg4f2st/4,CC BY 4.0,bangladeshi_veg_IMG_0380.JPG,False
data/raw_acquired/bangladeshi_vegetables/potato/bangladeshi_veg_IMG_0381.JPG,potato,Potato,data/raw_acquired/bangladeshi_vegetables/potato/bangladeshi_veg_IMG_0379.JPG,bangladeshi_vegetables,https://data.mendeley.com/datasets/b9rvg4f2st/4,CC BY 4.0,bangladeshi_veg_IMG_0381.JPG,False
data/raw_acquired/bangladeshi_vegetables/potato/bangladeshi_veg_IMG_0382.JPG,potato,Potato,data/raw_acquired/bangladeshi_vegetables/potato/bangladeshi_veg_IMG_0357.JPG,bangladeshi_vegetables,https://data.mendeley.com/datasets/b9rvg4f2st/4,CC BY 4.0,bangladeshi_veg_IMG_0382.JPG,False
data/raw_acquired/bangladeshi_vegetables/potato/bangladeshi_veg_IMG_0383.JPG,potato,Potato,data/raw_acquired/bangladeshi_vegetables/potato/bangladeshi_veg_IMG_0357.JPG,bangladeshi_vegetables,https://data.mendeley.com/datasets/b9rvg4f2st/4,CC BY 4.0,bangladeshi_veg_IMG_0383.JPG,False
data/raw_acquired/bangladeshi_vegetables/potato/bangladeshi_veg_IMG_0384.JPG,potato,Potato,data/raw_acquired/bangladeshi_vegetables/potato/bangladeshi_veg_IMG_0357.JPG,bangladeshi_vegetables,https://data.mendeley.com/datasets/b9rvg4f2st/4,CC BY 4.0,bangladeshi_veg_IMG_0384.JPG,False
data/raw_acquired/bangladeshi_vegetables/potato/bangladeshi_veg_IMG_0385.JPG,potato,Potato,data/raw_acquired/bangladeshi_vegetables/potato/bangladeshi_veg_IMG_0357.JPG,bangladeshi_vegetables,https://data.mendeley.com/datasets/b9rvg4f2st/4,CC BY 4.0,bangladeshi_veg_IMG_0385.JPG,False
data/raw_acquired/bangladeshi_vegetables/potato/bangladeshi_veg_IMG_0386.JPG,potato,Potato,data/raw_acquired/bangladeshi_vegetables/potato/bangladeshi_veg_IMG_0357.JPG,bangladeshi_vegetables,https://data.mendeley.com/datasets/b9rvg4f2st/4,CC BY 4.0,bangladeshi_veg_IMG_0386.JPG,False
data/raw_acquired/bangladeshi_vegetables/potato/bangladeshi_veg_IMG_0387.JPG,potato,Potato,data/raw_acquired/bangladeshi_vegetables/potato/bangladeshi_veg_IMG_0357.JPG,bangladeshi_vegetables,https://data.mendeley.com/datasets/b9rvg4f2st/4,CC BY 4.0,bangladeshi_veg_IMG_0387.JPG,False
data/raw_acquired/bangladeshi_vegetables/potato/bangladeshi_veg_IMG_0388.JPG,potato,Potato,data/raw_acquired/bangladeshi_vegetables/potato/bangladeshi_veg_IMG_0388.JPG,bangladeshi_vegetables,https://data.mendeley.com/datasets/b9rvg4f2st/4,CC BY 4.0,bangladeshi_veg_IMG_0388.JPG,False
data/raw_acquired/bangladeshi_vegetables/potato/bangladeshi_veg_IMG_0389.JPG,potato,Potato,data/raw_acquired/bangladeshi_vegetables/potato/bangladeshi_veg_IMG_0388.JPG,bangladeshi_vegetables,https://data.mendeley.com/datasets/b9rvg4f2st/4,CC BY 4.0,bangladeshi_veg_IMG_0389.JPG,False
data/raw_acquired/bangladeshi_vegetables/potato/bangladeshi_veg_IMG_0390.JPG,potato,Potato,data/raw_acquired/bangladeshi_vegetables/potato/bangladeshi_veg_IMG_0379.JPG,bangladeshi_vegetables,https://data.mendeley.com/datasets/b9rvg4f2st/4,CC BY 4.0,bangladeshi_veg_IMG_0390.JPG,False
data/raw_acquired/bangladeshi_vegetables/potato/bangladeshi_veg_IMG_0391.JPG,potato,Potato,data/raw_acquired/bangladeshi_vegetables/potato/bangladeshi_veg_IMG_0369.JPG,bangladeshi_vegetables,https://data.mendeley.com/datasets/b9rvg4f2st/4,CC BY 4.0,bangladeshi_veg_IMG_0391.JPG,False
data/raw_acquired/bangladeshi_vegetables/potato/bangladeshi_veg_IMG_0392.JPG,potato,Potato,data/raw_acquired/bangladeshi_vegetables/potato/bangladeshi_veg_IMG_0392.JPG,bangladeshi_vegetables,https://data.mendeley.com/datasets/b9rvg4f2st/4,CC BY 4.0,bangladeshi_veg_IMG_0392.JPG,False
data/raw_acquired/bangladeshi_vegetables/potato/bangladeshi_veg_IMG_0393.JPG,potato,Potato,data/raw_acquired/bangladeshi_vegetables/potato/bangladeshi_veg_IMG_0393.JPG,bangladeshi_vegetables,https://data.mendeley.com/datasets/b9rvg4f2st/4,CC BY 4.0,bangladeshi_veg_IMG_0393.JPG,False
data/raw_acquired/bangladeshi_vegetables/potato/bangladeshi_veg_IMG_0394.JPG,potato,Potato,data/raw_acquired/bangladeshi_vegetables/potato/bangladeshi_veg_IMG_0379.JPG,bangladeshi_vegetables,https://data.mendeley.com/datasets/b9rvg4f2st/4,CC BY 4.0,bangladeshi_veg_IMG_0394.JPG,False
data/raw_acquired/bangladeshi_vegetables/potato/bangladeshi_veg_IMG_0395.JPG,potato,Potato,data/raw_acquired/bangladeshi_vegetables/potato/bangladeshi_veg_IMG_0395.JPG,bangladeshi_vegetables,https://data.mendeley.com/datasets/b9rvg4f2st/4,CC BY 4.0,bangladeshi_veg_IMG_0395.JPG,False
data/raw_acquired/bangladeshi_vegetables/potato/bangladeshi_veg_IMG_0396.JPG,potato,Potato,data/raw_acquired/bangladeshi_vegetables/potato/bangladeshi_veg_IMG_0396.JPG,bangladeshi_vegetables,https://data.mendeley.com/datasets/b9rvg4f2st/4,CC BY 4.0,bangladeshi_veg_IMG_0396.JPG,False
data/raw_acquired/bangladeshi_vegetables/potato/bangladeshi_veg_IMG_0397.JPG,potato,Potato,data/raw_acquired/bangladeshi_vegetables/potato/bangladeshi_veg_IMG_0397.JPG,bangladeshi_vegetables,https://data.mendeley.com/datasets/b9rvg4f2st/4,CC BY 4.0,bangladeshi_veg_IMG_0397.JPG,False
data/raw_acquired/bangladeshi_vegetables/potato/bangladeshi_veg_IMG_0398.JPG,potato,Potato,data/raw_acquired/bangladeshi_vegetables/potato/bangladeshi_veg_IMG_0396.JPG,bangladeshi_vegetables,https://data.mendeley.com/datasets/b9rvg4f2st/4,CC BY 4.0,bangladeshi_veg_IMG_0398.JPG,False
data/raw_acquired/bangladeshi_vegetables/potato/bangladeshi_veg_IMG_0399.JPG,potato,Potato,data/raw_acquired/bangladeshi_vegetables/potato/bangladeshi_veg_IMG_0399.JPG,bangladeshi_vegetables,https://data.mendeley.com/datasets/b9rvg4f2st/4,CC BY 4.0,bangladeshi_veg_IMG_0399.JPG,False
data/raw_acquired/bangladeshi_vegetables/potato/bangladeshi_veg_IMG_0400.JPG,potato,Potato,data/raw_acquired/bangladeshi_vegetables/potato/bangladeshi_veg_IMG_0399.JPG,bangladeshi_vegetables,https://data.mendeley.com/datasets/b9rvg4f2st/4,CC BY 4.0,bangladeshi_veg_IMG_0400.JPG,False
data/raw_acquired/bangladeshi_vegetables/potato/bangladeshi_veg_IMG_0401.JPG,potato,Potato,data/raw_acquired/bangladeshi_vegetables/potato/bangladeshi_veg_IMG_0401.JPG,bangladeshi_vegetables,https://data.mendeley.com/datasets/b9rvg4f2st/4,CC BY 4.0,bangladeshi_veg_IMG_0401.JPG,False
data/raw_acquired/bangladeshi_vegetables/potato/bangladeshi_veg_IMG_0402.JPG,potato,Potato,data/raw_acquired/bangladeshi_vegetables/potato/bangladeshi_veg_IMG_0402.JPG,bangladeshi_vegetables,https://data.mendeley.com/datasets/b9rvg4f2st/4,CC BY 4.0,bangladeshi_veg_IMG_0402.JPG,False
data/raw_acquired/bangladeshi_vegetables/potato/bangladeshi_veg_IMG_0403.JPG,potato,Potato,data/raw_acquired/bangladeshi_vegetables/potato/bangladeshi_veg_IMG_0402.JPG,bangladeshi_vegetables,https://data.mendeley.com/datasets/b9rvg4f2st/4,CC BY 4.0,bangladeshi_veg_IMG_0403.JPG,False
data/raw_acquired/bangladeshi_vegetables/potato/bangladeshi_veg_IMG_0404.JPG,potato,Potato,data/raw_acquired/bangladeshi_vegetables/potato/bangladeshi_veg_IMG_0404.JPG,bangladeshi_vegetables,https://data.mendeley.com/datasets/b9rvg4f2st/4,CC BY 4.0,bangladeshi_veg_IMG_0404.JPG,False
data/raw_acquired/bangladeshi_vegetables/potato/bangladeshi_veg_IMG_0405.JPG,potato,Potato,data/raw_acquired/bangladeshi_vegetables/potato/bangladeshi_veg_IMG_0405.JPG,bangladeshi_vegetables,https://data.mendeley.com/datasets/b9rvg4f2st/4,CC BY 4.0,bangladeshi_veg_IMG_0405.JPG,False
data/raw_acquired/bangladeshi_vegetables/potato/bangladeshi_veg_IMG_0406.JPG,potato,Potato,data/raw_acquired/bangladeshi_vegetables/potato/bangladeshi_veg_IMG_0396.JPG,bangladeshi_vegetables,https://data.mendeley.com/datasets/b9rvg4f2st/4,CC BY 4.0,bangladeshi_veg_IMG_0406.JPG,False
data/raw_acquired/bangladeshi_vegetables/potato/bangladeshi_veg_IMG_0407.JPG,potato,Potato,data/raw_acquired/bangladeshi_vegetables/potato/bangladeshi_veg_IMG_0402.JPG,bangladeshi_vegetables,https://data.mendeley.com/datasets/b9rvg4f2st/4,CC BY 4.0,bangladeshi_veg_IMG_0407.JPG,False
data/raw_acquired/bangladeshi_vegetables/potato/bangladeshi_veg_IMG_0408.JPG,potato,Potato,data/raw_acquired/bangladeshi_vegetables/potato/bangladeshi_veg_IMG_0408.JPG,bangladeshi_vegetables,https://data.mendeley.com/datasets/b9rvg4f2st/4,CC BY 4.0,bangladeshi_veg_IMG_0408.JPG,False
data/raw_acquired/bangladeshi_vegetables/potato/bangladeshi_veg_IMG_20241029_131517.jpg,potato,Potato,data/raw_acquired/bangladeshi_vegetables/potato/bangladeshi_veg_IMG_0357.JPG,bangladeshi_vegetables,https://data.mendeley.com/datasets/b9rvg4f2st/4,CC BY 4.0,bangladeshi_veg_IMG_20241029_131517.jpg,False
data/raw_acquired/bangladeshi_vegetables/potato/bangladeshi_veg_IMG_20241029_131520.jpg,potato,Potato,data/raw_acquired/bangladeshi_vegetables/potato/bangladeshi_veg_IMG_0357.JPG,bangladeshi_vegetables,https://data.mendeley.com/datasets/b9rvg4f2st/4,CC BY 4.0,bangladeshi_veg_IMG_20241029_131520.jpg,False
data/raw_acquired/bangladeshi_vegetables/potato/bangladeshi_veg_IMG_20241029_131532.jpg,potato,Potato,data/raw_acquired/bangladeshi_vegetables/potato/bangladeshi_veg_IMG_0357.JPG,bangladeshi_vegetables,https://data.mendeley.com/datasets/b9rvg4f2st/4,CC BY 4.0,bangladeshi_veg_IMG_20241029_131532.jpg,False
data/raw_acquired/bangladeshi_vegetables/potato/bangladeshi_veg_IMG_20241029_131534.jpg,potato,Potato,data/raw_acquired/bangladeshi_vegetables/potato/bangladeshi_veg_IMG_0357.JPG,bangladeshi_vegetables,https://data.mendeley.com/datasets/b9rvg4f2st/4,CC BY 4.0,bangladeshi_veg_IMG_20241029_131534.jpg,False
data/raw_acquired/bangladeshi_vegetables/potato/bangladeshi_veg_IMG_20241029_131549.jpg,potato,Potato,data/raw_acquired/bangladeshi_vegetables/potato/bangladeshi_veg_IMG_0357.JPG,bangladeshi_vegetables,https://data.mendeley.com/datasets/b9rvg4f2st/4,CC BY 4.0,bangladeshi_veg_IMG_20241029_131549.jpg,False
data/raw_acquired/bangladeshi_vegetables/potato/bangladeshi_veg_IMG_20241029_131600.jpg,potato,Potato,data/raw_acquired/bangladeshi_vegetables/potato/bangladeshi_veg_IMG_0357.JPG,bangladeshi_vegetables,https://data.mendeley.com/datasets/b9rvg4f2st/4,CC BY 4.0,bangladeshi_veg_IMG_20241029_131600.jpg,False
data/raw_acquired/bangladeshi_vegetables/potato/bangladeshi_veg_IMG_20241029_131612.jpg,potato,Potato,data/raw_acquired/bangladeshi_vegetables/potato/bangladeshi_veg_IMG_20241029_131612.jpg,bangladeshi_vegetables,https://data.mendeley.com/datasets/b9rvg4f2st/4,CC BY 4.0,bangladeshi_veg_IMG_20241029_131612.jpg,False
data/raw_acquired/bangladeshi_vegetables/potato/bangladeshi_veg_IMG_20241029_131625.jpg,potato,Potato,data/raw_acquired/bangladeshi_vegetables/potato/bangladeshi_veg_IMG_20241029_131625.jpg,bangladeshi_vegetables,https://data.mendeley.com/datasets/b9rvg4f2st/4,CC BY 4.0,bangladeshi_veg_IMG_20241029_131625.jpg,False
data/raw_acquired/bangladeshi_vegetables/potato/bangladeshi_veg_IMG_20241029_223117.jpg,potato,Potato,data/raw_acquired/bangladeshi_vegetables/potato/bangladeshi_veg_IMG_20241029_223117.jpg,bangladeshi_vegetables,https://data.mendeley.com/datasets/b9rvg4f2st/4,CC BY 4.0,bangladeshi_veg_IMG_20241029_223117.jpg,False
data/raw_acquired/bangladeshi_vegetables/potato/bangladeshi_veg_IMG_20241029_223207.jpg,potato,Potato,data/raw_acquired/bangladeshi_vegetables/potato/bangladeshi_veg_IMG_20241029_223207.jpg,bangladeshi_vegetables,https://data.mendeley.com/datasets/b9rvg4f2st/4,CC BY 4.0,bangladeshi_veg_IMG_20241029_223207.jpg,False
data/raw_acquired/bangladeshi_vegetables/potato/bangladeshi_veg_IMG_20241029_223217.jpg,potato,Potato,data/raw_acquired/bangladeshi_vegetables/potato/bangladeshi_veg_IMG_20241029_223207.jpg,bangladeshi_vegetables,https://data.mendeley.com/datasets/b9rvg4f2st/4,CC BY 4.0,bangladeshi_veg_IMG_20241029_223217.jpg,False
data/raw_acquired/bangladeshi_vegetables/potato/bangladeshi_veg_IMG_20241029_223227.jpg,potato,Potato,data/raw_acquired/bangladeshi_vegetables/potato/bangladeshi_veg_IMG_20241029_223207.jpg,bangladeshi_vegetables,https://data.mendeley.com/datasets/b9rvg4f2st/4,CC BY 4.0,bangladeshi_veg_IMG_20241029_223227.jpg,False
data/raw_acquired/bangladeshi_vegetables/potato/bangladeshi_veg_IMG_20241029_223304.jpg,potato,Potato,data/raw_acquired/bangladeshi_vegetables/potato/bangladeshi_veg_IMG_20241029_223304.jpg,bangladeshi_vegetables,https://data.mendeley.com/datasets/b9rvg4f2st/4,CC BY 4.0,bangladeshi_veg_IMG_20241029_223304.jpg,False
data/raw_acquired/bangladeshi_vegetables/potato/bangladeshi_veg_IMG_20241029_223320.jpg,potato,Potato,data/raw_acquired/bangladeshi_vegetables/potato/bangladeshi_veg_IMG_20241029_223304.jpg,bangladeshi_vegetables,https://data.mendeley.com/datasets/b9rvg4f2st/4,CC BY 4.0,bangladeshi_veg_IMG_20241029_223320.jpg,False
data/raw_acquired/bangladeshi_vegetables/potato/bangladeshi_veg_IMG_20241029_223325.jpg,potato,Potato,data/raw_acquired/bangladeshi_vegetables/potato/bangladeshi_veg_IMG_20241029_223304.jpg,bangladeshi_vegetables,https://data.mendeley.com/datasets/b9rvg4f2st/4,CC BY 4.0,bangladeshi_veg_IMG_20241029_223325.jpg,False
data/raw_acquired/bangladeshi_vegetables/potato/bangladeshi_veg_IMG_20241029_223333.jpg,potato,Potato,data/raw_acquired/bangladeshi_vegetables/potato/bangladeshi_veg_IMG_20241029_223333.jpg,bangladeshi_vegetables,https://data.mendeley.com/datasets/b9rvg4f2st/4,CC BY 4.0,bangladeshi_veg_IMG_20241029_223333.jpg,False
data/raw_acquired/bangladeshi_vegetables/potato/bangladeshi_veg_IMG_20241029_223340.jpg,potato,Potato,data/raw_acquired/bangladeshi_vegetables/potato/bangladeshi_veg_IMG_20241029_223304.jpg,bangladeshi_vegetables,https://data.mendeley.com/datasets/b9rvg4f2st/4,CC BY 4.0,bangladeshi_veg_IMG_20241029_223340.jpg,False
data/raw_acquired/bangladeshi_vegetables/potato/bangladeshi_veg_IMG_20241029_223348.jpg,potato,Potato,data/raw_acquired/bangladeshi_vegetables/potato/bangladeshi_veg_IMG_20241029_223304.jpg,bangladeshi_vegetables,https://data.mendeley.com/datasets/b9rvg4f2st/4,CC BY 4.0,bangladeshi_veg_IMG_20241029_223348.jpg,False
data/raw_acquired/bangladeshi_vegetables/potato/bangladeshi_veg_IMG_20241029_223355.jpg,potato,Potato,data/raw_acquired/bangladeshi_vegetables/potato/bangladeshi_veg_IMG_20241029_223304.jpg,bangladeshi_vegetables,https://data.mendeley.com/datasets/b9rvg4f2st/4,CC BY 4.0,bangladeshi_veg_IMG_20241029_223355.jpg,False
data/raw_acquired/bangladeshi_vegetables/potato/bangladeshi_veg_IMG_20241029_223402.jpg,potato,Potato,data/raw_acquired/bangladeshi_vegetables/potato/bangladeshi_veg_IMG_20241029_223304.jpg,bangladeshi_vegetables,https://data.mendeley.com/datasets/b9rvg4f2st/4,CC BY 4.0,bangladeshi_veg_IMG_20241029_223402.jpg,False
data/raw_acquired/bangladeshi_vegetables/potato/bangladeshi_veg_IMG_20241029_223407.jpg,potato,Potato,data/raw_acquired/bangladeshi_vegetables/potato/bangladeshi_veg_IMG_20241029_223304.jpg,bangladeshi_vegetables,https://data.mendeley.com/datasets/b9rvg4f2st/4,CC BY 4.0,bangladeshi_veg_IMG_20241029_223407.jpg,False
data/raw_acquired/bangladeshi_vegetables/potato/bangladeshi_veg_IMG_20241029_223414.jpg,potato,Potato,data/raw_acquired/bangladeshi_vegetables/potato/bangladeshi_veg_IMG_20241029_223414.jpg,bangladeshi_vegetables,https://data.mendeley.com/datasets/b9rvg4f2st/4,CC BY 4.0,bangladeshi_veg_IMG_20241029_223414.jpg,False
data/raw_acquired/bangladeshi_vegetables/potato/bangladeshi_veg_IMG_20241029_223419.jpg,potato,Potato,data/raw_acquired/bangladeshi_vegetables/potato/bangladeshi_veg_IMG_20241029_223304.jpg,bangladeshi_vegetables,https://data.mendeley.com/datasets/b9rvg4f2st/4,CC BY 4.0,bangladeshi_veg_IMG_20241029_223419.jpg,False
data/raw_acquired/bangladeshi_vegetables/potato/bangladeshi_veg_IMG_20241029_223427.jpg,potato,Potato,data/raw_acquired/bangladeshi_vegetables/potato/bangladeshi_veg_IMG_20241029_223304.jpg,bangladeshi_vegetables,https://data.mendeley.com/datasets/b9rvg4f2st/4,CC BY 4.0,bangladeshi_veg_IMG_20241029_223427.jpg,False
data/raw_acquired/bangladeshi_vegetables/potato/bangladeshi_veg_IMG_20241029_223431.jpg,potato,Potato,data/raw_acquired/bangladeshi_vegetables/potato/bangladeshi_veg_IMG_20241029_223304.jpg,bangladeshi_vegetables,https://data.mendeley.com/datasets/b9rvg4f2st/4,CC BY 4.0,bangladeshi_veg_IMG_20241029_223431.jpg,False
data/raw_acquired/bangladeshi_vegetables/potato/bangladeshi_veg_IMG_20241029_223438.jpg,potato,Potato,data/raw_acquired/bangladeshi_vegetables/potato/bangladeshi_veg_IMG_20241029_223304.jpg,bangladeshi_vegetables,https://data.mendeley.com/datasets/b9rvg4f2st/4,CC BY 4.0,bangladeshi_veg_IMG_20241029_223438.jpg,False
data/raw_acquired/bangladeshi_vegetables/potato/bangladeshi_veg_IMG_20241029_223443.jpg,potato,Potato,data/raw_acquired/bangladeshi_vegetables/potato/bangladeshi_veg_IMG_20241029_223304.jpg,bangladeshi_vegetables,https://data.mendeley.com/datasets/b9rvg4f2st/4,CC BY 4.0,bangladeshi_veg_IMG_20241029_223443.jpg,False
data/raw_acquired/bangladeshi_vegetables/potato/bangladeshi_veg_IMG_20241029_223451.jpg,potato,Potato,data/raw_acquired/bangladeshi_vegetables/potato/bangladeshi_veg_IMG_20241029_223304.jpg,bangladeshi_vegetables,https://data.mendeley.com/datasets/b9rvg4f2st/4,CC BY 4.0,bangladeshi_veg_IMG_20241029_223451.jpg,False
data/raw_acquired/bangladeshi_vegetables/potato/bangladeshi_veg_IMG_20241029_223455.jpg,potato,Potato,data/raw_acquired/bangladeshi_vegetables/potato/bangladeshi_veg_IMG_20241029_223304.jpg,bangladeshi_vegetables,https://data.mendeley.com/datasets/b9rvg4f2st/4,CC BY 4.0,bangladeshi_veg_IMG_20241029_223455.jpg,False
data/raw_acquired/bangladeshi_vegetables/potato/bangladeshi_veg_IMG_20241029_223502.jpg,potato,Potato,data/raw_acquired/bangladeshi_vegetables/potato/bangladeshi_veg_IMG_20241029_223304.jpg,bangladeshi_vegetables,https://data.mendeley.com/datasets/b9rvg4f2st/4,CC BY 4.0,bangladeshi_veg_IMG_20241029_223502.jpg,False
data/raw_acquired/bangladeshi_vegetables/potato/bangladeshi_veg_IMG_20241029_223513.jpg,potato,Potato,data/raw_acquired/bangladeshi_vegetables/potato/bangladeshi_veg_IMG_20241029_223304.jpg,bangladeshi_vegetables,https://data.mendeley.com/datasets/b9rvg4f2st/4,CC BY 4.0,bangladeshi_veg_IMG_20241029_223513.jpg,False
data/raw_acquired/bangladeshi_vegetables/potato/bangladeshi_veg_IMG_20241029_223517.jpg,potato,Potato,data/raw_acquired/bangladeshi_vegetables/potato/bangladeshi_veg_IMG_20241029_223304.jpg,bangladeshi_vegetables,https://data.mendeley.com/datasets/b9rvg4f2st/4,CC BY 4.0,bangladeshi_veg_IMG_20241029_223517.jpg,False
data/raw_acquired/bangladeshi_vegetables/potato/bangladeshi_veg_IMG_20241029_223543.jpg,potato,Potato,data/raw_acquired/bangladeshi_vegetables/potato/bangladeshi_veg_IMG_20241029_223543.jpg,bangladeshi_vegetables,https://data.mendeley.com/datasets/b9rvg4f2st/4,CC BY 4.0,bangladeshi_veg_IMG_20241029_223543.jpg,False
data/raw_acquired/bangladeshi_vegetables/potato/bangladeshi_veg_IMG_20241029_223552.jpg,potato,Potato,data/raw_acquired/bangladeshi_vegetables/potato/bangladeshi_veg_IMG_20241029_223543.jpg,bangladeshi_vegetables,https://data.mendeley.com/datasets/b9rvg4f2st/4,CC BY 4.0,bangladeshi_veg_IMG_20241029_223552.jpg,False
data/raw_acquired/bangladeshi_vegetables/potato/bangladeshi_veg_IMG_20241029_223605.jpg,potato,Potato,data/raw_acquired/bangladeshi_vegetables/potato/bangladeshi_veg_IMG_0357.JPG,bangladeshi_vegetables,https://data.mendeley.com/datasets/b9rvg4f2st/4,CC BY 4.0,bangladeshi_veg_IMG_20241029_223605.jpg,False
data/raw_acquired/bangladeshi_vegetables/potato/bangladeshi_veg_IMG_20241029_223616.jpg,potato,Potato,data/raw_acquired/bangladeshi_vegetables/potato/bangladeshi_veg_IMG_20241029_223543.jpg,bangladeshi_vegetables,https://data.mendeley.com/datasets/b9rvg4f2st/4,CC BY 4.0,bangladeshi_veg_IMG_20241029_223616.jpg,False
data/raw_acquired/bangladeshi_vegetables/potato/bangladeshi_veg_IMG_20241029_223638.jpg,potato,Potato,data/raw_acquired/bangladeshi_vegetables/potato/bangladeshi_veg_IMG_0357.JPG,bangladeshi_vegetables,https://data.mendeley.com/datasets/b9rvg4f2st/4,CC BY 4.0,bangladeshi_veg_IMG_20241029_223638.jpg,False
data/raw_acquired/bangladeshi_vegetables/potato/bangladeshi_veg_IMG_20241029_223650.jpg,potato,Potato,data/raw_acquired/bangladeshi_vegetables/potato/bangladeshi_veg_IMG_20241029_223543.jpg,bangladeshi_vegetables,https://data.mendeley.com/datasets/b9rvg4f2st/4,CC BY 4.0,bangladeshi_veg_IMG_20241029_223650.jpg,False
data/raw_acquired/bangladeshi_vegetables/potato/bangladeshi_veg_IMG_20241029_223704.jpg,potato,Potato,data/raw_acquired/bangladeshi_vegetables/potato/bangladeshi_veg_IMG_0357.JPG,bangladeshi_vegetables,https://data.mendeley.com/datasets/b9rvg4f2st/4,CC BY 4.0,bangladeshi_veg_IMG_20241029_223704.jpg,False
data/raw_acquired/bangladeshi_vegetables/potato/bangladeshi_veg_IMG_20241029_223737.jpg,potato,Potato,data/raw_acquired/bangladeshi_vegetables/potato/bangladeshi_veg_IMG_0357.JPG,bangladeshi_vegetables,https://data.mendeley.com/datasets/b9rvg4f2st/4,CC BY 4.0,bangladeshi_veg_IMG_20241029_223737.jpg,False
data/raw_acquired/bangladeshi_vegetables/potato/bangladeshi_veg_IMG_20241029_223748.jpg,potato,Potato,data/raw_acquired/bangladeshi_vegetables/potato/bangladeshi_veg_IMG_0357.JPG,bangladeshi_vegetables,https://data.mendeley.com/datasets/b9rvg4f2st/4,CC BY 4.0,bangladeshi_veg_IMG_20241029_223748.jpg,False
data/raw_acquired/bangladeshi_vegetables/potato/bangladeshi_veg_IMG_20241029_223759.jpg,potato,Potato,data/raw_acquired/bangladeshi_vegetables/potato/bangladeshi_veg_IMG_0357.JPG,bangladeshi_vegetables,https://data.mendeley.com/datasets/b9rvg4f2st/4,CC BY 4.0,bangladeshi_veg_IMG_20241029_223759.jpg,False
data/raw_acquired/bangladeshi_vegetables/potato/bangladeshi_veg_IMG_20241029_223809.jpg,potato,Potato,data/raw_acquired/bangladeshi_vegetables/potato/bangladeshi_veg_IMG_0357.JPG,bangladeshi_vegetables,https://data.mendeley.com/datasets/b9rvg4f2st/4,CC BY 4.0,bangladeshi_veg_IMG_20241029_223809.jpg,False
data/raw_acquired/bangladeshi_vegetables/potato/bangladeshi_veg_IMG_20241029_223825.jpg,potato,Potato,data/raw_acquired/bangladeshi_vegetables/potato/bangladeshi_veg_IMG_0357.JPG,bangladeshi_vegetables,https://data.mendeley.com/datasets/b9rvg4f2st/4,CC BY 4.0,bangladeshi_veg_IMG_20241029_223825.jpg,False
data/raw_acquired/bangladeshi_vegetables/potato/bangladeshi_veg_IMG_20241029_223840.jpg,potato,Potato,data/raw_acquired/bangladeshi_vegetables/potato/bangladeshi_veg_IMG_20241029_223333.jpg,bangladeshi_vegetables,https://data.mendeley.com/datasets/b9rvg4f2st/4,CC BY 4.0,bangladeshi_veg_IMG_20241029_223840.jpg,False
data/raw_acquired/bangladeshi_vegetables/potato/bangladeshi_veg_IMG_20241029_223851.jpg,potato,Potato,data/raw_acquired/bangladeshi_vegetables/potato/bangladeshi_veg_IMG_20241029_223851.jpg,bangladeshi_vegetables,https://data.mendeley.com/datasets/b9rvg4f2st/4,CC BY 4.0,bangladeshi_veg_IMG_20241029_223851.jpg,False
data/raw_acquired/bangladeshi_vegetables/potato/bangladeshi_veg_IMG_20241029_223926.jpg,potato,Potato,data/raw_acquired/bangladeshi_vegetables/potato/bangladeshi_veg_IMG_0357.JPG,bangladeshi_vegetables,https://data.mendeley.com/datasets/b9rvg4f2st/4,CC BY 4.0,bangladeshi_veg_IMG_20241029_223926.jpg,False
data/raw_acquired/bangladeshi_vegetables/potato/bangladeshi_veg_IMG_20241029_223945.jpg,potato,Potato,data/raw_acquired/bangladeshi_vegetables/potato/bangladeshi_veg_IMG_0357.JPG,bangladeshi_vegetables,https://data.mendeley.com/datasets/b9rvg4f2st/4,CC BY 4.0,bangladeshi_veg_IMG_20241029_223945.jpg,False
data/raw_acquired/bangladeshi_vegetables/potato/bangladeshi_veg_IMG_20241029_224003.jpg,potato,Potato,data/raw_acquired/bangladeshi_vegetables/potato/bangladeshi_veg_IMG_0357.JPG,bangladeshi_vegetables,https://data.mendeley.com/datasets/b9rvg4f2st/4,CC BY 4.0,bangladeshi_veg_IMG_20241029_224003.jpg,False
data/raw_acquired/bangladeshi_vegetables/potato/bangladeshi_veg_IMG_20241029_224014.jpg,potato,Potato,data/raw_acquired/bangladeshi_vegetables/potato/bangladeshi_veg_IMG_0357.JPG,bangladeshi_vegetables,https://data.mendeley.com/datasets/b9rvg4f2st/4,CC BY 4.0,bangladeshi_veg_IMG_20241029_224014.jpg,False
data/raw_acquired/bangladeshi_vegetables/potato/bangladeshi_veg_IMG_20241029_224036.jpg,potato,Potato,data/raw_acquired/bangladeshi_vegetables/potato/bangladeshi_veg_IMG_0357.JPG,bangladeshi_vegetables,https://data.mendeley.com/datasets/b9rvg4f2st/4,CC BY 4.0,bangladeshi_veg_IMG_20241029_224036.jpg,False
data/raw_acquired/bangladeshi_vegetables/potato/bangladeshi_veg_IMG_20241029_224051.jpg,potato,Potato,data/raw_acquired/bangladeshi_vegetables/potato/bangladeshi_veg_IMG_0357.JPG,bangladeshi_vegetables,https://data.mendeley.com/datasets/b9rvg4f2st/4,CC BY 4.0,bangladeshi_veg_IMG_20241029_224051.jpg,False
data/raw_acquired/bangladeshi_vegetables/potato/bangladeshi_veg_IMG_20241029_224119.jpg,potato,Potato,data/raw_acquired/bangladeshi_vegetables/potato/bangladeshi_veg_IMG_0357.JPG,bangladeshi_vegetables,https://data.mendeley.com/datasets/b9rvg4f2st/4,CC BY 4.0,bangladeshi_veg_IMG_20241029_224119.jpg,False
data/raw_acquired/bangladeshi_vegetables/potato/bangladeshi_veg_IMG_20241029_224134.jpg,potato,Potato,data/raw_acquired/bangladeshi_vegetables/potato/bangladeshi_veg_IMG_0357.JPG,bangladeshi_vegetables,https://data.mendeley.com/datasets/b9rvg4f2st/4,CC BY 4.0,bangladeshi_veg_IMG_20241029_224134.jpg,False
data/raw_acquired/bangladeshi_vegetables/potato/bangladeshi_veg_IMG_20241029_224155.jpg,potato,Potato,data/raw_acquired/bangladeshi_vegetables/potato/bangladeshi_veg_IMG_0357.JPG,bangladeshi_vegetables,https://data.mendeley.com/datasets/b9rvg4f2st/4,CC BY 4.0,bangladeshi_veg_IMG_20241029_224155.jpg,False
data/raw_acquired/bangladeshi_vegetables/potato/bangladeshi_veg_IMG_20241029_224214.jpg,potato,Potato,data/raw_acquired/bangladeshi_vegetables/potato/bangladeshi_veg_IMG_0357.JPG,bangladeshi_vegetables,https://data.mendeley.com/datasets/b9rvg4f2st/4,CC BY 4.0,bangladeshi_veg_IMG_20241029_224214.jpg,False
data/raw_acquired/bangladeshi_vegetables/potato/bangladeshi_veg_IMG_20241030_115506.jpg,potato,Potato,data/raw_acquired/bangladeshi_vegetables/potato/bangladeshi_veg_IMG_0357.JPG,bangladeshi_vegetables,https://data.mendeley.com/datasets/b9rvg4f2st/4,CC BY 4.0,bangladeshi_veg_IMG_20241030_115506.jpg,False
data/raw_acquired/bangladeshi_vegetables/potato/bangladeshi_veg_IMG_20241030_115513.jpg,potato,Potato,data/raw_acquired/bangladeshi_vegetables/potato/bangladeshi_veg_IMG_0357.JPG,bangladeshi_vegetables,https://data.mendeley.com/datasets/b9rvg4f2st/4,CC BY 4.0,bangladeshi_veg_IMG_20241030_115513.jpg,False
data/raw_acquired/bangladeshi_vegetables/potato/bangladeshi_veg_IMG_20241030_115533.jpg,potato,Potato,data/raw_acquired/bangladeshi_vegetables/potato/bangladeshi_veg_IMG_0357.JPG,bangladeshi_vegetables,https://data.mendeley.com/datasets/b9rvg4f2st/4,CC BY 4.0,bangladeshi_veg_IMG_20241030_115533.jpg,False
data/raw_acquired/bangladeshi_vegetables/potato/bangladeshi_veg_IMG_20241030_115539.jpg,potato,Potato,data/raw_acquired/bangladeshi_vegetables/potato/bangladeshi_veg_IMG_0357.JPG,bangladeshi_vegetables,https://data.mendeley.com/datasets/b9rvg4f2st/4,CC BY 4.0,bangladeshi_veg_IMG_20241030_115539.jpg,False
data/raw_acquired/bangladeshi_vegetables/potato/bangladeshi_veg_IMG_20241030_115547.jpg,potato,Potato,data/raw_acquired/bangladeshi_vegetables/potato/bangladeshi_veg_IMG_20241030_115547.jpg,bangladeshi_vegetables,https://data.mendeley.com/datasets/b9rvg4f2st/4,CC BY 4.0,bangladeshi_veg_IMG_20241030_115547.jpg,False
data/raw_acquired/bangladeshi_vegetables/potato/bangladeshi_veg_IMG_20241030_115554.jpg,potato,Potato,data/raw_acquired/bangladeshi_vegetables/potato/bangladeshi_veg_IMG_20241030_115547.jpg,bangladeshi_vegetables,https://data.mendeley.com/datasets/b9rvg4f2st/4,CC BY 4.0,bangladeshi_veg_IMG_20241030_115554.jpg,False
data/raw_acquired/bangladeshi_vegetables/potato/bangladeshi_veg_IMG_20241030_115606.jpg,potato,Potato,data/raw_acquired/bangladeshi_vegetables/potato/bangladeshi_veg_IMG_0357.JPG,bangladeshi_vegetables,https://data.mendeley.com/datasets/b9rvg4f2st/4,CC BY 4.0,bangladeshi_veg_IMG_20241030_115606.jpg,False
data/raw_acquired/bangladeshi_vegetables/potato/bangladeshi_veg_IMG_20241030_115610.jpg,potato,Potato,data/raw_acquired/bangladeshi_vegetables/potato/bangladeshi_veg_IMG_0357.JPG,bangladeshi_vegetables,https://data.mendeley.com/datasets/b9rvg4f2st/4,CC BY 4.0,bangladeshi_veg_IMG_20241030_115610.jpg,False
data/raw_acquired/bangladeshi_vegetables/potato/bangladeshi_veg_IMG_20241030_115617.jpg,potato,Potato,data/raw_acquired/bangladeshi_vegetables/potato/bangladeshi_veg_IMG_0357.JPG,bangladeshi_vegetables,https://data.mendeley.com/datasets/b9rvg4f2st/4,CC BY 4.0,bangladeshi_veg_IMG_20241030_115617.jpg,False
data/raw_acquired/bangladeshi_vegetables/potato/bangladeshi_veg_IMG_20241030_115623.jpg,potato,Potato,data/raw_acquired/bangladeshi_vegetables/potato/bangladeshi_veg_IMG_0357.JPG,bangladeshi_vegetables,https://data.mendeley.com/datasets/b9rvg4f2st/4,CC BY 4.0,bangladeshi_veg_IMG_20241030_115623.jpg,False
data/raw_acquired/bangladeshi_vegetables/potato/bangladeshi_veg_IMG_20241030_115628.jpg,potato,Potato,data/raw_acquired/bangladeshi_vegetables/potato/bangladeshi_veg_IMG_0357.JPG,bangladeshi_vegetables,https://data.mendeley.com/datasets/b9rvg4f2st/4,CC BY 4.0,bangladeshi_veg_IMG_20241030_115628.jpg,False
data/raw_acquired/bangladeshi_vegetables/potato/bangladeshi_veg_IMG_20241030_115637.jpg,potato,Potato,data/raw_acquired/bangladeshi_vegetables/potato/bangladeshi_veg_IMG_0357.JPG,bangladeshi_vegetables,https://data.mendeley.com/datasets/b9rvg4f2st/4,CC BY 4.0,bangladeshi_veg_IMG_20241030_115637.jpg,False
data/raw_acquired/bangladeshi_vegetables/potato/bangladeshi_veg_IMG_20241030_115647.jpg,potato,Potato,data/raw_acquired/bangladeshi_vegetables/potato/bangladeshi_veg_IMG_0357.JPG,bangladeshi_vegetables,https://data.mendeley.com/datasets/b9rvg4f2st/4,CC BY 4.0,bangladeshi_veg_IMG_20241030_115647.jpg,False
data/raw_acquired/bangladeshi_vegetables/potato/bangladeshi_veg_IMG_20241030_115653.jpg,potato,Potato,data/raw_acquired/bangladeshi_vegetables/potato/bangladeshi_veg_IMG_0357.JPG,bangladeshi_vegetables,https://data.mendeley.com/datasets/b9rvg4f2st/4,CC BY 4.0,bangladeshi_veg_IMG_20241030_115653.jpg,False
data/raw_acquired/bangladeshi_vegetables/potato/bangladeshi_veg_IMG_20241030_115701.jpg,potato,Potato,data/raw_acquired/bangladeshi_vegetables/potato/bangladeshi_veg_IMG_0357.JPG,bangladeshi_vegetables,https://data.mendeley.com/datasets/b9rvg4f2st/4,CC BY 4.0,bangladeshi_veg_IMG_20241030_115701.jpg,False
data/raw_acquired/bangladeshi_vegetables/potato/bangladeshi_veg_IMG_20241030_115707.jpg,potato,Potato,data/raw_acquired/bangladeshi_vegetables/potato/bangladeshi_veg_IMG_0357.JPG,bangladeshi_vegetables,https://data.mendeley.com/datasets/b9rvg4f2st/4,CC BY 4.0,bangladeshi_veg_IMG_20241030_115707.jpg,False
data/raw_acquired/bangladeshi_vegetables/potato/bangladeshi_veg_IMG_20241030_115712.jpg,potato,Potato,data/raw_acquired/bangladeshi_vegetables/potato/bangladeshi_veg_IMG_0357.JPG,bangladeshi_vegetables,https://data.mendeley.com/datasets/b9rvg4f2st/4,CC BY 4.0,bangladeshi_veg_IMG_20241030_115712.jpg,False
data/raw_acquired/bangladeshi_vegetables/potato/bangladeshi_veg_IMG_20241030_115719.jpg,potato,Potato,data/raw_acquired/bangladeshi_vegetables/potato/bangladeshi_veg_IMG_20241030_115719.jpg,bangladeshi_vegetables,https://data.mendeley.com/datasets/b9rvg4f2st/4,CC BY 4.0,bangladeshi_veg_IMG_20241030_115719.jpg,False
data/raw_acquired/bangladeshi_vegetables/potato/bangladeshi_veg_IMG_20241030_115739.jpg,potato,Potato,data/raw_acquired/bangladeshi_vegetables/potato/bangladeshi_veg_IMG_0357.JPG,bangladeshi_vegetables,https://data.mendeley.com/datasets/b9rvg4f2st/4,CC BY 4.0,bangladeshi_veg_IMG_20241030_115739.jpg,False
data/raw_acquired/bangladeshi_vegetables/potato/bangladeshi_veg_IMG_20241030_115744.jpg,potato,Potato,data/raw_acquired/bangladeshi_vegetables/potato/bangladeshi_veg_IMG_0357.JPG,bangladeshi_vegetables,https://data.mendeley.com/datasets/b9rvg4f2st/4,CC BY 4.0,bangladeshi_veg_IMG_20241030_115744.jpg,False
data/raw_acquired/bangladeshi_vegetables/potato/bangladeshi_veg_IMG_20241030_115751.jpg,potato,Potato,data/raw_acquired/bangladeshi_vegetables/potato/bangladeshi_veg_IMG_0357.JPG,bangladeshi_vegetables,https://data.mendeley.com/datasets/b9rvg4f2st/4,CC BY 4.0,bangladeshi_veg_IMG_20241030_115751.jpg,False
data/raw_acquired/bangladeshi_vegetables/potato/bangladeshi_veg_IMG_20241030_115756.jpg,potato,Potato,data/raw_acquired/bangladeshi_vegetables/potato/bangladeshi_veg_IMG_0357.JPG,bangladeshi_vegetables,https://data.mendeley.com/datasets/b9rvg4f2st/4,CC BY 4.0,bangladeshi_veg_IMG_20241030_115756.jpg,False
data/raw_acquired/bangladeshi_vegetables/potato/bangladeshi_veg_IMG_20241030_115804.jpg,potato,Potato,data/raw_acquired/bangladeshi_vegetables/potato/bangladeshi_veg_IMG_0357.JPG,bangladeshi_vegetables,https://data.mendeley.com/datasets/b9rvg4f2st/4,CC BY 4.0,bangladeshi_veg_IMG_20241030_115804.jpg,False
data/raw_acquired/bangladeshi_vegetables/potato/bangladeshi_veg_IMG_20241030_115812.jpg,potato,Potato,data/raw_acquired/bangladeshi_vegetables/potato/bangladeshi_veg_IMG_0357.JPG,bangladeshi_vegetables,https://data.mendeley.com/datasets/b9rvg4f2st/4,CC BY 4.0,bangladeshi_veg_IMG_20241030_115812.jpg,False
data/raw_acquired/bangladeshi_vegetables/potato/bangladeshi_veg_IMG_20241030_122907.jpg,potato,Potato,data/raw_acquired/bangladeshi_vegetables/potato/bangladeshi_veg_IMG_20241030_122907.jpg,bangladeshi_vegetables,https://data.mendeley.com/datasets/b9rvg4f2st/4,CC BY 4.0,bangladeshi_veg_IMG_20241030_122907.jpg,False
data/raw_acquired/bangladeshi_vegetables/potato/bangladeshi_veg_IMG_20241030_122913.jpg,potato,Potato,data/raw_acquired/bangladeshi_vegetables/potato/bangladeshi_veg_IMG_20241030_122913.jpg,bangladeshi_vegetables,https://data.mendeley.com/datasets/b9rvg4f2st/4,CC BY 4.0,bangladeshi_veg_IMG_20241030_122913.jpg,False
data/raw_acquired/bangladeshi_vegetables/potato/bangladeshi_veg_IMG_20241030_122919.jpg,potato,Potato,data/raw_acquired/bangladeshi_vegetables/potato/bangladeshi_veg_IMG_0357.JPG,bangladeshi_vegetables,https://data.mendeley.com/datasets/b9rvg4f2st/4,CC BY 4.0,bangladeshi_veg_IMG_20241030_122919.jpg,False
data/raw_acquired/bangladeshi_vegetables/potato/bangladeshi_veg_IMG_20241030_122927.jpg,potato,Potato,data/raw_acquired/bangladeshi_vegetables/potato/bangladeshi_veg_IMG_0357.JPG,bangladeshi_vegetables,https://data.mendeley.com/datasets/b9rvg4f2st/4,CC BY 4.0,bangladeshi_veg_IMG_20241030_122927.jpg,False
data/raw_acquired/bangladeshi_vegetables/potato/bangladeshi_veg_IMG_20241030_122939.jpg,potato,Potato,data/raw_acquired/bangladeshi_vegetables/potato/bangladeshi_veg_IMG_0357.JPG,bangladeshi_vegetables,https://data.mendeley.com/datasets/b9rvg4f2st/4,CC BY 4.0,bangladeshi_veg_IMG_20241030_122939.jpg,False
data/raw_acquired/bangladeshi_vegetables/potato/bangladeshi_veg_IMG_20241030_122946.jpg,potato,Potato,data/raw_acquired/bangladeshi_vegetables/potato/bangladeshi_veg_IMG_20241030_122946.jpg,bangladeshi_vegetables,https://data.mendeley.com/datasets/b9rvg4f2st/4,CC BY 4.0,bangladeshi_veg_IMG_20241030_122946.jpg,False
data/raw_acquired/bangladeshi_vegetables/potato/bangladeshi_veg_IMG_20241030_123008.jpg,potato,Potato,data/raw_acquired/bangladeshi_vegetables/potato/bangladeshi_veg_IMG_20241030_122946.jpg,bangladeshi_vegetables,https://data.mendeley.com/datasets/b9rvg4f2st/4,CC BY 4.0,bangladeshi_veg_IMG_20241030_123008.jpg,False
data/raw_acquired/bangladeshi_vegetables/potato/bangladeshi_veg_IMG_20241030_123016.jpg,potato,Potato,data/raw_acquired/bangladeshi_vegetables/potato/bangladeshi_veg_IMG_0357.JPG,bangladeshi_vegetables,https://data.mendeley.com/datasets/b9rvg4f2st/4,CC BY 4.0,bangladeshi_veg_IMG_20241030_123016.jpg,False
data/raw_acquired/bangladeshi_vegetables/potato/bangladeshi_veg_IMG_20241030_123025.jpg,potato,Potato,data/raw_acquired/bangladeshi_vegetables/potato/bangladeshi_veg_IMG_0357.JPG,bangladeshi_vegetables,https://data.mendeley.com/datasets/b9rvg4f2st/4,CC BY 4.0,bangladeshi_veg_IMG_20241030_123025.jpg,False
data/raw_acquired/bangladeshi_vegetables/potato/bangladeshi_veg_IMG_20241030_123032.jpg,potato,Potato,data/raw_acquired/bangladeshi_vegetables/potato/bangladeshi_veg_IMG_0357.JPG,bangladeshi_vegetables,https://data.mendeley.com/datasets/b9rvg4f2st/4,CC BY 4.0,bangladeshi_veg_IMG_20241030_123032.jpg,False
data/raw_acquired/bangladeshi_vegetables/potato/bangladeshi_veg_IMG_20241030_123039.jpg,potato,Potato,data/raw_acquired/bangladeshi_vegetables/potato/bangladeshi_veg_IMG_0357.JPG,bangladeshi_vegetables,https://data.mendeley.com/datasets/b9rvg4f2st/4,CC BY 4.0,bangladeshi_veg_IMG_20241030_123039.jpg,False
data/raw_acquired/bangladeshi_vegetables/potato/bangladeshi_veg_IMG_20241030_123046.jpg,potato,Potato,data/raw_acquired/bangladeshi_vegetables/potato/bangladeshi_veg_IMG_0357.JPG,bangladeshi_vegetables,https://data.mendeley.com/datasets/b9rvg4f2st/4,CC BY 4.0,bangladeshi_veg_IMG_20241030_123046.jpg,False
data/raw_acquired/bangladeshi_vegetables/potato/bangladeshi_veg_IMG_20241030_123054.jpg,potato,Potato,data/raw_acquired/bangladeshi_vegetables/potato/bangladeshi_veg_IMG_0357.JPG,bangladeshi_vegetables,https://data.mendeley.com/datasets/b9rvg4f2st/4,CC BY 4.0,bangladeshi_veg_IMG_20241030_123054.jpg,False
data/raw_acquired/bangladeshi_vegetables/potato/bangladeshi_veg_IMG_20241030_123104.jpg,potato,Potato,data/raw_acquired/bangladeshi_vegetables/potato/bangladeshi_veg_IMG_0357.JPG,bangladeshi_vegetables,https://data.mendeley.com/datasets/b9rvg4f2st/4,CC BY 4.0,bangladeshi_veg_IMG_20241030_123104.jpg,False
data/raw_acquired/bangladeshi_vegetables/potato/bangladeshi_veg_IMG_20241030_123111.jpg,potato,Potato,data/raw_acquired/bangladeshi_vegetables/potato/bangladeshi_veg_IMG_0357.JPG,bangladeshi_vegetables,https://data.mendeley.com/datasets/b9rvg4f2st/4,CC BY 4.0,bangladeshi_veg_IMG_20241030_123111.jpg,False
data/raw_acquired/bangladeshi_vegetables/potato/bangladeshi_veg_IMG_20241030_123117.jpg,potato,Potato,data/raw_acquired/bangladeshi_vegetables/potato/bangladeshi_veg_IMG_0357.JPG,bangladeshi_vegetables,https://data.mendeley.com/datasets/b9rvg4f2st/4,CC BY 4.0,bangladeshi_veg_IMG_20241030_123117.jpg,False
data/raw_acquired/bangladeshi_vegetables/potato/bangladeshi_veg_IMG_20241030_123124.jpg,potato,Potato,data/raw_acquired/bangladeshi_vegetables/potato/bangladeshi_veg_IMG_20241030_123124.jpg,bangladeshi_vegetables,https://data.mendeley.com/datasets/b9rvg4f2st/4,CC BY 4.0,bangladeshi_veg_IMG_20241030_123124.jpg,False
data/raw_acquired/bangladeshi_vegetables/potato/bangladeshi_veg_IMG_20241030_123131.jpg,potato,Potato,data/raw_acquired/bangladeshi_vegetables/potato/bangladeshi_veg_IMG_0357.JPG,bangladeshi_vegetables,https://data.mendeley.com/datasets/b9rvg4f2st/4,CC BY 4.0,bangladeshi_veg_IMG_20241030_123131.jpg,False
data/raw_acquired/bangladeshi_vegetables/potato/bangladeshi_veg_IMG_20241030_123141.jpg,potato,Potato,data/raw_acquired/bangladeshi_vegetables/potato/bangladeshi_veg_IMG_0357.JPG,bangladeshi_vegetables,https://data.mendeley.com/datasets/b9rvg4f2st/4,CC BY 4.0,bangladeshi_veg_IMG_20241030_123141.jpg,False
data/raw_acquired/bangladeshi_vegetables/potato/bangladeshi_veg_IMG_20241030_123149.jpg,potato,Potato,data/raw_acquired/bangladeshi_vegetables/potato/bangladeshi_veg_IMG_0357.JPG,bangladeshi_vegetables,https://data.mendeley.com/datasets/b9rvg4f2st/4,CC BY 4.0,bangladeshi_veg_IMG_20241030_123149.jpg,False
data/raw_acquired/bangladeshi_vegetables/potato/bangladeshi_veg_IMG_20241030_123159.jpg,potato,Potato,data/raw_acquired/bangladeshi_vegetables/potato/bangladeshi_veg_IMG_0357.JPG,bangladeshi_vegetables,https://data.mendeley.com/datasets/b9rvg4f2st/4,CC BY 4.0,bangladeshi_veg_IMG_20241030_123159.jpg,False
data/raw_acquired/bangladeshi_vegetables/potato/bangladeshi_veg_IMG_20241030_123208.jpg,potato,Potato,data/raw_acquired/bangladeshi_vegetables/potato/bangladeshi_veg_IMG_0357.JPG,bangladeshi_vegetables,https://data.mendeley.com/datasets/b9rvg4f2st/4,CC BY 4.0,bangladeshi_veg_IMG_20241030_123208.jpg,False
data/raw_acquired/bangladeshi_vegetables/potato/bangladeshi_veg_IMG_20241030_123217.jpg,potato,Potato,data/raw_acquired/bangladeshi_vegetables/potato/bangladeshi_veg_IMG_20241030_123217.jpg,bangladeshi_vegetables,https://data.mendeley.com/datasets/b9rvg4f2st/4,CC BY 4.0,bangladeshi_veg_IMG_20241030_123217.jpg,False
data/raw_acquired/bangladeshi_vegetables/potato/bangladeshi_veg_IMG_20241030_123227.jpg,potato,Potato,data/raw_acquired/bangladeshi_vegetables/potato/bangladeshi_veg_IMG_20241030_123227.jpg,bangladeshi_vegetables,https://data.mendeley.com/datasets/b9rvg4f2st/4,CC BY 4.0,bangladeshi_veg_IMG_20241030_123227.jpg,False
data/raw_acquired/bangladeshi_vegetables/potato/bangladeshi_veg_IMG_20241030_123242.jpg,potato,Potato,data/raw_acquired/bangladeshi_vegetables/potato/bangladeshi_veg_IMG_0357.JPG,bangladeshi_vegetables,https://data.mendeley.com/datasets/b9rvg4f2st/4,CC BY 4.0,bangladeshi_veg_IMG_20241030_123242.jpg,False
data/raw_acquired/bangladeshi_vegetables/potato/bangladeshi_veg_IMG_20241030_123247.jpg,potato,Potato,data/raw_acquired/bangladeshi_vegetables/potato/bangladeshi_veg_IMG_0357.JPG,bangladeshi_vegetables,https://data.mendeley.com/datasets/b9rvg4f2st/4,CC BY 4.0,bangladeshi_veg_IMG_20241030_123247.jpg,False
data/raw_acquired/bangladeshi_vegetables/potato/bangladeshi_veg_IMG_20241030_123253.jpg,potato,Potato,data/raw_acquired/bangladeshi_vegetables/potato/bangladeshi_veg_IMG_0357.JPG,bangladeshi_vegetables,https://data.mendeley.com/datasets/b9rvg4f2st/4,CC BY 4.0,bangladeshi_veg_IMG_20241030_123253.jpg,False
data/raw_acquired/bangladeshi_vegetables/potato/bangladeshi_veg_IMG_20241030_123300.jpg,potato,Potato,data/raw_acquired/bangladeshi_vegetables/potato/bangladeshi_veg_IMG_0357.JPG,bangladeshi_vegetables,https://data.mendeley.com/datasets/b9rvg4f2st/4,CC BY 4.0,bangladeshi_veg_IMG_20241030_123300.jpg,False
data/raw_acquired/bangladeshi_vegetables/potato/bangladeshi_veg_IMG_20241030_123311.jpg,potato,Potato,data/raw_acquired/bangladeshi_vegetables/potato/bangladeshi_veg_IMG_20241030_123311.jpg,bangladeshi_vegetables,https://data.mendeley.com/datasets/b9rvg4f2st/4,CC BY 4.0,bangladeshi_veg_IMG_20241030_123311.jpg,False
data/raw_acquired/bangladeshi_vegetables/potato/bangladeshi_veg_IMG_20241030_123322.jpg,potato,Potato,data/raw_acquired/bangladeshi_vegetables/potato/bangladeshi_veg_IMG_0357.JPG,bangladeshi_vegetables,https://data.mendeley.com/datasets/b9rvg4f2st/4,CC BY 4.0,bangladeshi_veg_IMG_20241030_123322.jpg,False
data/raw_acquired/bangladeshi_vegetables/potato/bangladeshi_veg_IMG_20241030_123344.jpg,potato,Potato,data/raw_acquired/bangladeshi_vegetables/potato/bangladeshi_veg_IMG_20241030_123344.jpg,bangladeshi_vegetables,https://data.mendeley.com/datasets/b9rvg4f2st/4,CC BY 4.0,bangladeshi_veg_IMG_20241030_123344.jpg,False
data/raw_acquired/bangladeshi_vegetables/potato/bangladeshi_veg_IMG_20241030_123352.jpg,potato,Potato,data/raw_acquired/bangladeshi_vegetables/potato/bangladeshi_veg_IMG_20241030_123352.jpg,bangladeshi_vegetables,https://data.mendeley.com/datasets/b9rvg4f2st/4,CC BY 4.0,bangladeshi_veg_IMG_20241030_123352.jpg,False
data/raw_acquired/bangladeshi_vegetables/potato/bangladeshi_veg_IMG_20241030_123408.jpg,potato,Potato,data/raw_acquired/bangladeshi_vegetables/potato/bangladeshi_veg_IMG_0357.JPG,bangladeshi_vegetables,https://data.mendeley.com/datasets/b9rvg4f2st/4,CC BY 4.0,bangladeshi_veg_IMG_20241030_123408.jpg,False
data/raw_acquired/bangladeshi_vegetables/potato/bangladeshi_veg_IMG_20241030_123424.jpg,potato,Potato,data/raw_acquired/bangladeshi_vegetables/potato/bangladeshi_veg_IMG_0357.JPG,bangladeshi_vegetables,https://data.mendeley.com/datasets/b9rvg4f2st/4,CC BY 4.0,bangladeshi_veg_IMG_20241030_123424.jpg,False
data/raw_acquired/bangladeshi_vegetables/potato/bangladeshi_veg_IMG_20241030_123439.jpg,potato,Potato,data/raw_acquired/bangladeshi_vegetables/potato/bangladeshi_veg_IMG_20241030_123217.jpg,bangladeshi_vegetables,https://data.mendeley.com/datasets/b9rvg4f2st/4,CC BY 4.0,bangladeshi_veg_IMG_20241030_123439.jpg,False
data/raw_acquired/bangladeshi_vegetables/potato/bangladeshi_veg_IMG_20241030_123450.jpg,potato,Potato,data/raw_acquired/bangladeshi_vegetables/potato/bangladeshi_veg_IMG_0357.JPG,bangladeshi_vegetables,https://data.mendeley.com/datasets/b9rvg4f2st/4,CC BY 4.0,bangladeshi_veg_IMG_20241030_123450.jpg,False
data/raw_acquired/bangladeshi_vegetables/potato/bangladeshi_veg_IMG_20241030_123457.jpg,potato,Potato,data/raw_acquired/bangladeshi_vegetables/potato/bangladeshi_veg_IMG_0357.JPG,bangladeshi_vegetables,https://data.mendeley.com/datasets/b9rvg4f2st/4,CC BY 4.0,bangladeshi_veg_IMG_20241030_123457.jpg,False
data/raw_acquired/bangladeshi_vegetables/potato/bangladeshi_veg_IMG_20241030_123505.jpg,potato,Potato,data/raw_acquired/bangladeshi_vegetables/potato/bangladeshi_veg_IMG_0357.JPG,bangladeshi_vegetables,https://data.mendeley.com/datasets/b9rvg4f2st/4,CC BY 4.0,bangladeshi_veg_IMG_20241030_123505.jpg,False
data/raw_acquired/bangladeshi_vegetables/potato/bangladeshi_veg_IMG_20241030_123513.jpg,potato,Potato,data/raw_acquired/bangladeshi_vegetables/potato/bangladeshi_veg_IMG_0357.JPG,bangladeshi_vegetables,https://data.mendeley.com/datasets/b9rvg4f2st/4,CC BY 4.0,bangladeshi_veg_IMG_20241030_123513.jpg,False
data/raw_acquired/bangladeshi_vegetables/potato/bangladeshi_veg_IMG_20241030_123519.jpg,potato,Potato,data/raw_acquired/bangladeshi_vegetables/potato/bangladeshi_veg_IMG_0357.JPG,bangladeshi_vegetables,https://data.mendeley.com/datasets/b9rvg4f2st/4,CC BY 4.0,bangladeshi_veg_IMG_20241030_123519.jpg,False
data/raw_acquired/bangladeshi_vegetables/potato/bangladeshi_veg_IMG_20241030_123526.jpg,potato,Potato,data/raw_acquired/bangladeshi_vegetables/potato/bangladeshi_veg_IMG_0357.JPG,bangladeshi_vegetables,https://data.mendeley.com/datasets/b9rvg4f2st/4,CC BY 4.0,bangladeshi_veg_IMG_20241030_123526.jpg,False
data/raw_acquired/bangladeshi_vegetables/potato/bangladeshi_veg_IMG_20241030_123535.jpg,potato,Potato,data/raw_acquired/bangladeshi_vegetables/potato/bangladeshi_veg_IMG_0357.JPG,bangladeshi_vegetables,https://data.mendeley.com/datasets/b9rvg4f2st/4,CC BY 4.0,bangladeshi_veg_IMG_20241030_123535.jpg,False
data/raw_acquired/bangladeshi_vegetables/potato/bangladeshi_veg_IMG_20241030_123542.jpg,potato,Potato,data/raw_acquired/bangladeshi_vegetables/potato/bangladeshi_veg_IMG_0357.JPG,bangladeshi_vegetables,https://data.mendeley.com/datasets/b9rvg4f2st/4,CC BY 4.0,bangladeshi_veg_IMG_20241030_123542.jpg,False
data/raw_acquired/bangladeshi_vegetables/potato/bangladeshi_veg_IMG_20241030_123548.jpg,potato,Potato,data/raw_acquired/bangladeshi_vegetables/potato/bangladeshi_veg_IMG_0357.JPG,bangladeshi_vegetables,https://data.mendeley.com/datasets/b9rvg4f2st/4,CC BY 4.0,bangladeshi_veg_IMG_20241030_123548.jpg,False
data/raw_acquired/bangladeshi_vegetables/potato/bangladeshi_veg_IMG_20241030_123555.jpg,potato,Potato,data/raw_acquired/bangladeshi_vegetables/potato/bangladeshi_veg_IMG_0357.JPG,bangladeshi_vegetables,https://data.mendeley.com/datasets/b9rvg4f2st/4,CC BY 4.0,bangladeshi_veg_IMG_20241030_123555.jpg,False
data/raw_acquired/bangladeshi_vegetables/potato/bangladeshi_veg_IMG_20241030_123601.jpg,potato,Potato,data/raw_acquired/bangladeshi_vegetables/potato/bangladeshi_veg_IMG_20241030_123601.jpg,bangladeshi_vegetables,https://data.mendeley.com/datasets/b9rvg4f2st/4,CC BY 4.0,bangladeshi_veg_IMG_20241030_123601.jpg,False
data/raw_acquired/bangladeshi_vegetables/potato/bangladeshi_veg_IMG_20241030_123650.jpg,potato,Potato,data/raw_acquired/bangladeshi_vegetables/potato/bangladeshi_veg_IMG_20241030_123650.jpg,bangladeshi_vegetables,https://data.mendeley.com/datasets/b9rvg4f2st/4,CC BY 4.0,bangladeshi_veg_IMG_20241030_123650.jpg,False
data/raw_acquired/bangladeshi_vegetables/potato/bangladeshi_veg_IMG_20241030_123656.jpg,potato,Potato,data/raw_acquired/bangladeshi_vegetables/potato/bangladeshi_veg_IMG_0357.JPG,bangladeshi_vegetables,https://data.mendeley.com/datasets/b9rvg4f2st/4,CC BY 4.0,bangladeshi_veg_IMG_20241030_123656.jpg,False
data/raw_acquired/bangladeshi_vegetables/potato/bangladeshi_veg_IMG_20241030_123701.jpg,potato,Potato,data/raw_acquired/bangladeshi_vegetables/potato/bangladeshi_veg_IMG_0357.JPG,bangladeshi_vegetables,https://data.mendeley.com/datasets/b9rvg4f2st/4,CC BY 4.0,bangladeshi_veg_IMG_20241030_123701.jpg,False
data/raw_acquired/bangladeshi_vegetables/potato/bangladeshi_veg_IMG_20241030_123710.jpg,potato,Potato,data/raw_acquired/bangladeshi_vegetables/potato/bangladeshi_veg_IMG_0357.JPG,bangladeshi_vegetables,https://data.mendeley.com/datasets/b9rvg4f2st/4,CC BY 4.0,bangladeshi_veg_IMG_20241030_123710.jpg,False
data/raw_acquired/bangladeshi_vegetables/potato/bangladeshi_veg_IMG_20241030_123723.jpg,potato,Potato,data/raw_acquired/bangladeshi_vegetables/potato/bangladeshi_veg_IMG_0357.JPG,bangladeshi_vegetables,https://data.mendeley.com/datasets/b9rvg4f2st/4,CC BY 4.0,bangladeshi_veg_IMG_20241030_123723.jpg,False
data/raw_acquired/bangladeshi_vegetables/potato/bangladeshi_veg_IMG_20241030_123730.jpg,potato,Potato,data/raw_acquired/bangladeshi_vegetables/potato/bangladeshi_veg_IMG_0357.JPG,bangladeshi_vegetables,https://data.mendeley.com/datasets/b9rvg4f2st/4,CC BY 4.0,bangladeshi_veg_IMG_20241030_123730.jpg,False
data/raw_acquired/bangladeshi_vegetables/potato/bangladeshi_veg_IMG_20241030_123737.jpg,potato,Potato,data/raw_acquired/bangladeshi_vegetables/potato/bangladeshi_veg_IMG_0357.JPG,bangladeshi_vegetables,https://data.mendeley.com/datasets/b9rvg4f2st/4,CC BY 4.0,bangladeshi_veg_IMG_20241030_123737.jpg,False
data/raw_acquired/bangladeshi_vegetables/potato/bangladeshi_veg_IMG_20241030_123743.jpg,potato,Potato,data/raw_acquired/bangladeshi_vegetables/potato/bangladeshi_veg_IMG_0357.JPG,bangladeshi_vegetables,https://data.mendeley.com/datasets/b9rvg4f2st/4,CC BY 4.0,bangladeshi_veg_IMG_20241030_123743.jpg,False
data/raw_acquired/bangladeshi_vegetables/potato/bangladeshi_veg_IMG_20241030_123750.jpg,potato,Potato,data/raw_acquired/bangladeshi_vegetables/potato/bangladeshi_veg_IMG_0357.JPG,bangladeshi_vegetables,https://data.mendeley.com/datasets/b9rvg4f2st/4,CC BY 4.0,bangladeshi_veg_IMG_20241030_123750.jpg,False
data/raw_acquired/bangladeshi_vegetables/potato/bangladeshi_veg_IMG_20241030_123759.jpg,potato,Potato,data/raw_acquired/bangladeshi_vegetables/potato/bangladeshi_veg_IMG_0357.JPG,bangladeshi_vegetables,https://data.mendeley.com/datasets/b9rvg4f2st/4,CC BY 4.0,bangladeshi_veg_IMG_20241030_123759.jpg,False
data/raw_acquired/bangladeshi_vegetables/potato/bangladeshi_veg_IMG_20241030_123804.jpg,potato,Potato,data/raw_acquired/bangladeshi_vegetables/potato/bangladeshi_veg_IMG_0357.JPG,bangladeshi_vegetables,https://data.mendeley.com/datasets/b9rvg4f2st/4,CC BY 4.0,bangladeshi_veg_IMG_20241030_123804.jpg,False
data/raw_acquired/bangladeshi_vegetables/potato/bangladeshi_veg_IMG_20241030_123812.jpg,potato,Potato,data/raw_acquired/bangladeshi_vegetables/potato/bangladeshi_veg_IMG_0357.JPG,bangladeshi_vegetables,https://data.mendeley.com/datasets/b9rvg4f2st/4,CC BY 4.0,bangladeshi_veg_IMG_20241030_123812.jpg,False
data/raw_acquired/bangladeshi_vegetables/potato/bangladeshi_veg_IMG_20241030_123818.jpg,potato,Potato,data/raw_acquired/bangladeshi_vegetables/potato/bangladeshi_veg_IMG_0357.JPG,bangladeshi_vegetables,https://data.mendeley.com/datasets/b9rvg4f2st/4,CC BY 4.0,bangladeshi_veg_IMG_20241030_123818.jpg,False
data/raw_acquired/bangladeshi_vegetables/potato/bangladeshi_veg_IMG_20241030_123824.jpg,potato,Potato,data/raw_acquired/bangladeshi_vegetables/potato/bangladeshi_veg_IMG_0357.JPG,bangladeshi_vegetables,https://data.mendeley.com/datasets/b9rvg4f2st/4,CC BY 4.0,bangladeshi_veg_IMG_20241030_123824.jpg,False
data/raw_acquired/bangladeshi_vegetables/potato/bangladeshi_veg_IMG_20241030_123833.jpg,potato,Potato,data/raw_acquired/bangladeshi_vegetables/potato/bangladeshi_veg_IMG_0357.JPG,bangladeshi_vegetables,https://data.mendeley.com/datasets/b9rvg4f2st/4,CC BY 4.0,bangladeshi_veg_IMG_20241030_123833.jpg,False
data/raw_acquired/bangladeshi_vegetables/potato/bangladeshi_veg_IMG_20241030_123843.jpg,potato,Potato,data/raw_acquired/bangladeshi_vegetables/potato/bangladeshi_veg_IMG_0357.JPG,bangladeshi_vegetables,https://data.mendeley.com/datasets/b9rvg4f2st/4,CC BY 4.0,bangladeshi_veg_IMG_20241030_123843.jpg,False
data/raw_acquired/bangladeshi_vegetables/potato/bangladeshi_veg_IMG_20241030_123855.jpg,potato,Potato,data/raw_acquired/bangladeshi_vegetables/potato/bangladeshi_veg_IMG_0357.JPG,bangladeshi_vegetables,https://data.mendeley.com/datasets/b9rvg4f2st/4,CC BY 4.0,bangladeshi_veg_IMG_20241030_123855.jpg,False
data/raw_acquired/bangladeshi_vegetables/potato/bangladeshi_veg_IMG_20241030_123902.jpg,potato,Potato,data/raw_acquired/bangladeshi_vegetables/potato/bangladeshi_veg_IMG_0357.JPG,bangladeshi_vegetables,https://data.mendeley.com/datasets/b9rvg4f2st/4,CC BY 4.0,bangladeshi_veg_IMG_20241030_123902.jpg,False
data/raw_acquired/bangladeshi_vegetables/potato/bangladeshi_veg_IMG_20241030_123913.jpg,potato,Potato,data/raw_acquired/bangladeshi_vegetables/potato/bangladeshi_veg_IMG_0357.JPG,bangladeshi_vegetables,https://data.mendeley.com/datasets/b9rvg4f2st/4,CC BY 4.0,bangladeshi_veg_IMG_20241030_123913.jpg,False
data/raw_acquired/bangladeshi_vegetables/potato/bangladeshi_veg_IMG_20241030_123922.jpg,potato,Potato,data/raw_acquired/bangladeshi_vegetables/potato/bangladeshi_veg_IMG_0357.JPG,bangladeshi_vegetables,https://data.mendeley.com/datasets/b9rvg4f2st/4,CC BY 4.0,bangladeshi_veg_IMG_20241030_123922.jpg,False
data/raw_acquired/bangladeshi_vegetables/potato/bangladeshi_veg_IMG_20241030_124245.jpg,potato,Potato,data/raw_acquired/bangladeshi_vegetables/potato/bangladeshi_veg_IMG_0357.JPG,bangladeshi_vegetables,https://data.mendeley.com/datasets/b9rvg4f2st/4,CC BY 4.0,bangladeshi_veg_IMG_20241030_124245.jpg,False
data/raw_acquired/bangladeshi_vegetables/potato/bangladeshi_veg_IMG_20241030_124257.jpg,potato,Potato,data/raw_acquired/bangladeshi_vegetables/potato/bangladeshi_veg_IMG_0357.JPG,bangladeshi_vegetables,https://data.mendeley.com/datasets/b9rvg4f2st/4,CC BY 4.0,bangladeshi_veg_IMG_20241030_124257.jpg,False
data/raw_acquired/bangladeshi_vegetables/potato/bangladeshi_veg_IMG_20241030_124310.jpg,potato,Potato,data/raw_acquired/bangladeshi_vegetables/potato/bangladeshi_veg_IMG_0357.JPG,bangladeshi_vegetables,https://data.mendeley.com/datasets/b9rvg4f2st/4,CC BY 4.0,bangladeshi_veg_IMG_20241030_124310.jpg,False
data/raw_acquired/bangladeshi_vegetables/potato/bangladeshi_veg_IMG_20241030_124320.jpg,potato,Potato,data/raw_acquired/bangladeshi_vegetables/potato/bangladeshi_veg_IMG_0357.JPG,bangladeshi_vegetables,https://data.mendeley.com/datasets/b9rvg4f2st/4,CC BY 4.0,bangladeshi_veg_IMG_20241030_124320.jpg,False
data/raw_acquired/bangladeshi_vegetables/potato/bangladeshi_veg_IMG_20241030_124332.jpg,potato,Potato,data/raw_acquired/bangladeshi_vegetables/potato/bangladeshi_veg_IMG_0357.JPG,bangladeshi_vegetables,https://data.mendeley.com/datasets/b9rvg4f2st/4,CC BY 4.0,bangladeshi_veg_IMG_20241030_124332.jpg,False
data/raw_acquired/bangladeshi_vegetables/potato/bangladeshi_veg_IMG_20241030_124340.jpg,potato,Potato,data/raw_acquired/bangladeshi_vegetables/potato/bangladeshi_veg_IMG_0357.JPG,bangladeshi_vegetables,https://data.mendeley.com/datasets/b9rvg4f2st/4,CC BY 4.0,bangladeshi_veg_IMG_20241030_124340.jpg,False
data/raw_acquired/bangladeshi_vegetables/potato/bangladeshi_veg_IMG_20241030_124350.jpg,potato,Potato,data/raw_acquired/bangladeshi_vegetables/potato/bangladeshi_veg_IMG_0357.JPG,bangladeshi_vegetables,https://data.mendeley.com/datasets/b9rvg4f2st/4,CC BY 4.0,bangladeshi_veg_IMG_20241030_124350.jpg,False
data/raw_acquired/bangladeshi_vegetables/potato/bangladeshi_veg_IMG_20241030_124356.jpg,potato,Potato,data/raw_acquired/bangladeshi_vegetables/potato/bangladeshi_veg_IMG_0357.JPG,bangladeshi_vegetables,https://data.mendeley.com/datasets/b9rvg4f2st/4,CC BY 4.0,bangladeshi_veg_IMG_20241030_124356.jpg,False
data/raw_acquired/bangladeshi_vegetables/potato/bangladeshi_veg_IMG_20241030_124413.jpg,potato,Potato,data/raw_acquired/bangladeshi_vegetables/potato/bangladeshi_veg_IMG_0357.JPG,bangladeshi_vegetables,https://data.mendeley.com/datasets/b9rvg4f2st/4,CC BY 4.0,bangladeshi_veg_IMG_20241030_124413.jpg,False
data/raw_acquired/bangladeshi_vegetables/potato/bangladeshi_veg_IMG_20241030_124421.jpg,potato,Potato,data/raw_acquired/bangladeshi_vegetables/potato/bangladeshi_veg_IMG_0357.JPG,bangladeshi_vegetables,https://data.mendeley.com/datasets/b9rvg4f2st/4,CC BY 4.0,bangladeshi_veg_IMG_20241030_124421.jpg,False
data/raw_acquired/bangladeshi_vegetables/potato/bangladeshi_veg_IMG_20241030_124428.jpg,potato,Potato,data/raw_acquired/bangladeshi_vegetables/potato/bangladeshi_veg_IMG_0357.JPG,bangladeshi_vegetables,https://data.mendeley.com/datasets/b9rvg4f2st/4,CC BY 4.0,bangladeshi_veg_IMG_20241030_124428.jpg,False
data/raw_acquired/bangladeshi_vegetables/potato/bangladeshi_veg_IMG_20241030_124436.jpg,potato,Potato,data/raw_acquired/bangladeshi_vegetables/potato/bangladeshi_veg_IMG_0357.JPG,bangladeshi_vegetables,https://data.mendeley.com/datasets/b9rvg4f2st/4,CC BY 4.0,bangladeshi_veg_IMG_20241030_124436.jpg,False
data/raw_acquired/bangladeshi_vegetables/potato/bangladeshi_veg_IMG_20241030_124442.jpg,potato,Potato,data/raw_acquired/bangladeshi_vegetables/potato/bangladeshi_veg_IMG_0357.JPG,bangladeshi_vegetables,https://data.mendeley.com/datasets/b9rvg4f2st/4,CC BY 4.0,bangladeshi_veg_IMG_20241030_124442.jpg,False
data/raw_acquired/bangladeshi_vegetables/potato/bangladeshi_veg_IMG_20241030_124448.jpg,potato,Potato,data/raw_acquired/bangladeshi_vegetables/potato/bangladeshi_veg_IMG_0357.JPG,bangladeshi_vegetables,https://data.mendeley.com/datasets/b9rvg4f2st/4,CC BY 4.0,bangladeshi_veg_IMG_20241030_124448.jpg,False
data/raw_acquired/bangladeshi_vegetables/potato/bangladeshi_veg_IMG_20241030_124500.jpg,potato,Potato,data/raw_acquired/bangladeshi_vegetables/potato/bangladeshi_veg_IMG_0357.JPG,bangladeshi_vegetables,https://data.mendeley.com/datasets/b9rvg4f2st/4,CC BY 4.0,bangladeshi_veg_IMG_20241030_124500.jpg,False
data/raw_acquired/bangladeshi_vegetables/potato/bangladeshi_veg_IMG_20241030_124506.jpg,potato,Potato,data/raw_acquired/bangladeshi_vegetables/potato/bangladeshi_veg_IMG_0357.JPG,bangladeshi_vegetables,https://data.mendeley.com/datasets/b9rvg4f2st/4,CC BY 4.0,bangladeshi_veg_IMG_20241030_124506.jpg,False
data/raw_acquired/bangladeshi_vegetables/potato/bangladeshi_veg_IMG_20241030_124519.jpg,potato,Potato,data/raw_acquired/bangladeshi_vegetables/potato/bangladeshi_veg_IMG_20241030_124519.jpg,bangladeshi_vegetables,https://data.mendeley.com/datasets/b9rvg4f2st/4,CC BY 4.0,bangladeshi_veg_IMG_20241030_124519.jpg,False
data/raw_acquired/bangladeshi_vegetables/potato/bangladeshi_veg_IMG_20241030_124524.jpg,potato,Potato,data/raw_acquired/bangladeshi_vegetables/potato/bangladeshi_veg_IMG_20241030_124524.jpg,bangladeshi_vegetables,https://data.mendeley.com/datasets/b9rvg4f2st/4,CC BY 4.0,bangladeshi_veg_IMG_20241030_124524.jpg,False
data/raw_acquired/bangladeshi_vegetables/potato/bangladeshi_veg_IMG_20241030_124554.jpg,potato,Potato,data/raw_acquired/bangladeshi_vegetables/potato/bangladeshi_veg_IMG_20241030_124554.jpg,bangladeshi_vegetables,https://data.mendeley.com/datasets/b9rvg4f2st/4,CC BY 4.0,bangladeshi_veg_IMG_20241030_124554.jpg,False
data/raw_acquired/bangladeshi_vegetables/potato/bangladeshi_veg_IMG_20241030_124602.jpg,potato,Potato,data/raw_acquired/bangladeshi_vegetables/potato/bangladeshi_veg_IMG_0357.JPG,bangladeshi_vegetables,https://data.mendeley.com/datasets/b9rvg4f2st/4,CC BY 4.0,bangladeshi_veg_IMG_20241030_124602.jpg,False
data/raw_acquired/bangladeshi_vegetables/potato/bangladeshi_veg_IMG_20241030_124615.jpg,potato,Potato,data/raw_acquired/bangladeshi_vegetables/potato/bangladeshi_veg_IMG_20241030_124615.jpg,bangladeshi_vegetables,https://data.mendeley.com/datasets/b9rvg4f2st/4,CC BY 4.0,bangladeshi_veg_IMG_20241030_124615.jpg,False
data/raw_acquired/bangladeshi_vegetables/potato/bangladeshi_veg_IMG_20241030_124621.jpg,potato,Potato,data/raw_acquired/bangladeshi_vegetables/potato/bangladeshi_veg_IMG_0357.JPG,bangladeshi_vegetables,https://data.mendeley.com/datasets/b9rvg4f2st/4,CC BY 4.0,bangladeshi_veg_IMG_20241030_124621.jpg,False
data/raw_acquired/bangladeshi_vegetables/potato/bangladeshi_veg_IMG_20241030_124626.jpg,potato,Potato,data/raw_acquired/bangladeshi_vegetables/potato/bangladeshi_veg_IMG_0357.JPG,bangladeshi_vegetables,https://data.mendeley.com/datasets/b9rvg4f2st/4,CC BY 4.0,bangladeshi_veg_IMG_20241030_124626.jpg,False
data/raw_acquired/bangladeshi_vegetables/potato/bangladeshi_veg_IMG_20241030_124631.jpg,potato,Potato,data/raw_acquired/bangladeshi_vegetables/potato/bangladeshi_veg_IMG_0357.JPG,bangladeshi_vegetables,https://data.mendeley.com/datasets/b9rvg4f2st/4,CC BY 4.0,bangladeshi_veg_IMG_20241030_124631.jpg,False
data/raw_acquired/bangladeshi_vegetables/potato/bangladeshi_veg_IMG_20241030_124638.jpg,potato,Potato,data/raw_acquired/bangladeshi_vegetables/potato/bangladeshi_veg_IMG_0357.JPG,bangladeshi_vegetables,https://data.mendeley.com/datasets/b9rvg4f2st/4,CC BY 4.0,bangladeshi_veg_IMG_20241030_124638.jpg,False
data/raw_acquired/bangladeshi_vegetables/potato/bangladeshi_veg_IMG_20241030_124645.jpg,potato,Potato,data/raw_acquired/bangladeshi_vegetables/potato/bangladeshi_veg_IMG_0357.JPG,bangladeshi_vegetables,https://data.mendeley.com/datasets/b9rvg4f2st/4,CC BY 4.0,bangladeshi_veg_IMG_20241030_124645.jpg,False
data/raw_acquired/bangladeshi_vegetables/potato/bangladeshi_veg_IMG_20241030_124654.jpg,potato,Potato,data/raw_acquired/bangladeshi_vegetables/potato/bangladeshi_veg_IMG_20241030_124654.jpg,bangladeshi_vegetables,https://data.mendeley.com/datasets/b9rvg4f2st/4,CC BY 4.0,bangladeshi_veg_IMG_20241030_124654.jpg,False
data/raw_acquired/bangladeshi_vegetables/potato/bangladeshi_veg_IMG_20241030_124700.jpg,potato,Potato,data/raw_acquired/bangladeshi_vegetables/potato/bangladeshi_veg_IMG_20241030_124700.jpg,bangladeshi_vegetables,https://data.mendeley.com/datasets/b9rvg4f2st/4,CC BY 4.0,bangladeshi_veg_IMG_20241030_124700.jpg,False
data/raw_acquired/bangladeshi_vegetables/potato/bangladeshi_veg_IMG_20241030_124708.jpg,potato,Potato,data/raw_acquired/bangladeshi_vegetables/potato/bangladeshi_veg_IMG_0357.JPG,bangladeshi_vegetables,https://data.mendeley.com/datasets/b9rvg4f2st/4,CC BY 4.0,bangladeshi_veg_IMG_20241030_124708.jpg,False
data/raw_acquired/bangladeshi_vegetables/potato/bangladeshi_veg_IMG_20241030_124715.jpg,potato,Potato,data/raw_acquired/bangladeshi_vegetables/potato/bangladeshi_veg_IMG_0357.JPG,bangladeshi_vegetables,https://data.mendeley.com/datasets/b9rvg4f2st/4,CC BY 4.0,bangladeshi_veg_IMG_20241030_124715.jpg,False
data/raw_acquired/bangladeshi_vegetables/potato/bangladeshi_veg_IMG_20241030_124723.jpg,potato,Potato,data/raw_acquired/bangladeshi_vegetables/potato/bangladeshi_veg_IMG_0357.JPG,bangladeshi_vegetables,https://data.mendeley.com/datasets/b9rvg4f2st/4,CC BY 4.0,bangladeshi_veg_IMG_20241030_124723.jpg,False
data/raw_acquired/bangladeshi_vegetables/potato/bangladeshi_veg_IMG_20241030_124729.jpg,potato,Potato,data/raw_acquired/bangladeshi_vegetables/potato/bangladeshi_veg_IMG_0357.JPG,bangladeshi_vegetables,https://data.mendeley.com/datasets/b9rvg4f2st/4,CC BY 4.0,bangladeshi_veg_IMG_20241030_124729.jpg,False
data/raw_acquired/bangladeshi_vegetables/potato/bangladeshi_veg_IMG_20241030_124734.jpg,potato,Potato,data/raw_acquired/bangladeshi_vegetables/potato/bangladeshi_veg_IMG_0357.JPG,bangladeshi_vegetables,https://data.mendeley.com/datasets/b9rvg4f2st/4,CC BY 4.0,bangladeshi_veg_IMG_20241030_124734.jpg,False
data/raw_acquired/bangladeshi_vegetables/potato/bangladeshi_veg_IMG_20241030_124739.jpg,potato,Potato,data/raw_acquired/bangladeshi_vegetables/potato/bangladeshi_veg_IMG_0357.JPG,bangladeshi_vegetables,https://data.mendeley.com/datasets/b9rvg4f2st/4,CC BY 4.0,bangladeshi_veg_IMG_20241030_124739.jpg,False
data/raw_acquired/bangladeshi_vegetables/potato/bangladeshi_veg_IMG_20241030_124746.jpg,potato,Potato,data/raw_acquired/bangladeshi_vegetables/potato/bangladeshi_veg_IMG_0357.JPG,bangladeshi_vegetables,https://data.mendeley.com/datasets/b9rvg4f2st/4,CC BY 4.0,bangladeshi_veg_IMG_20241030_124746.jpg,False
data/raw_acquired/bangladeshi_vegetables/potato/bangladeshi_veg_IMG_20241030_124751.jpg,potato,Potato,data/raw_acquired/bangladeshi_vegetables/potato/bangladeshi_veg_IMG_0357.JPG,bangladeshi_vegetables,https://data.mendeley.com/datasets/b9rvg4f2st/4,CC BY 4.0,bangladeshi_veg_IMG_20241030_124751.jpg,False
data/raw_acquired/bangladeshi_vegetables/potato/bangladeshi_veg_IMG_20241030_124756.jpg,potato,Potato,data/raw_acquired/bangladeshi_vegetables/potato/bangladeshi_veg_IMG_0357.JPG,bangladeshi_vegetables,https://data.mendeley.com/datasets/b9rvg4f2st/4,CC BY 4.0,bangladeshi_veg_IMG_20241030_124756.jpg,False
data/raw_acquired/bangladeshi_vegetables/potato/bangladeshi_veg_IMG_20241030_124802.jpg,potato,Potato,data/raw_acquired/bangladeshi_vegetables/potato/bangladeshi_veg_IMG_0357.JPG,bangladeshi_vegetables,https://data.mendeley.com/datasets/b9rvg4f2st/4,CC BY 4.0,bangladeshi_veg_IMG_20241030_124802.jpg,False
data/raw_acquired/bangladeshi_vegetables/potato/bangladeshi_veg_IMG_20241030_124808.jpg,potato,Potato,data/raw_acquired/bangladeshi_vegetables/potato/bangladeshi_veg_IMG_0357.JPG,bangladeshi_vegetables,https://data.mendeley.com/datasets/b9rvg4f2st/4,CC BY 4.0,bangladeshi_veg_IMG_20241030_124808.jpg,False
data/raw_acquired/bangladeshi_vegetables/potato/bangladeshi_veg_IMG_20241030_124815.jpg,potato,Potato,data/raw_acquired/bangladeshi_vegetables/potato/bangladeshi_veg_IMG_0357.JPG,bangladeshi_vegetables,https://data.mendeley.com/datasets/b9rvg4f2st/4,CC BY 4.0,bangladeshi_veg_IMG_20241030_124815.jpg,False
data/raw_acquired/bangladeshi_vegetables/potato/bangladeshi_veg_IMG_20241030_124822.jpg,potato,Potato,data/raw_acquired/bangladeshi_vegetables/potato/bangladeshi_veg_IMG_20241030_124822.jpg,bangladeshi_vegetables,https://data.mendeley.com/datasets/b9rvg4f2st/4,CC BY 4.0,bangladeshi_veg_IMG_20241030_124822.jpg,False
data/raw_acquired/bangladeshi_vegetables/potato/bangladeshi_veg_IMG_20241030_124835.jpg,potato,Potato,data/raw_acquired/bangladeshi_vegetables/potato/bangladeshi_veg_IMG_0357.JPG,bangladeshi_vegetables,https://data.mendeley.com/datasets/b9rvg4f2st/4,CC BY 4.0,bangladeshi_veg_IMG_20241030_124835.jpg,False
data/raw_acquired/bangladeshi_vegetables/potato/bangladeshi_veg_IMG_20241030_124840.jpg,potato,Potato,data/raw_acquired/bangladeshi_vegetables/potato/bangladeshi_veg_IMG_0357.JPG,bangladeshi_vegetables,https://data.mendeley.com/datasets/b9rvg4f2st/4,CC BY 4.0,bangladeshi_veg_IMG_20241030_124840.jpg,False
data/raw_acquired/bangladeshi_vegetables/potato/bangladeshi_veg_IMG_20241030_124844.jpg,potato,Potato,data/raw_acquired/bangladeshi_vegetables/potato/bangladeshi_veg_IMG_0357.JPG,bangladeshi_vegetables,https://data.mendeley.com/datasets/b9rvg4f2st/4,CC BY 4.0,bangladeshi_veg_IMG_20241030_124844.jpg,False
data/raw_acquired/bangladeshi_vegetables/potato/bangladeshi_veg_IMG_20241030_125047.jpg,potato,Potato,data/raw_acquired/bangladeshi_vegetables/potato/bangladeshi_veg_IMG_0357.JPG,bangladeshi_vegetables,https://data.mendeley.com/datasets/b9rvg4f2st/4,CC BY 4.0,bangladeshi_veg_IMG_20241030_125047.jpg,False
data/raw_acquired/bangladeshi_vegetables/potato/bangladeshi_veg_IMG_20241030_125053.jpg,potato,Potato,data/raw_acquired/bangladeshi_vegetables/potato/bangladeshi_veg_IMG_0357.JPG,bangladeshi_vegetables,https://data.mendeley.com/datasets/b9rvg4f2st/4,CC BY 4.0,bangladeshi_veg_IMG_20241030_125053.jpg,False
data/raw_acquired/bangladeshi_vegetables/potato/bangladeshi_veg_IMG_20241030_125105.jpg,potato,Potato,data/raw_acquired/bangladeshi_vegetables/potato/bangladeshi_veg_IMG_0357.JPG,bangladeshi_vegetables,https://data.mendeley.com/datasets/b9rvg4f2st/4,CC BY 4.0,bangladeshi_veg_IMG_20241030_125105.jpg,False
data/raw_acquired/bangladeshi_vegetables/potato/bangladeshi_veg_IMG_20241030_125113.jpg,potato,Potato,data/raw_acquired/bangladeshi_vegetables/potato/bangladeshi_veg_IMG_0357.JPG,bangladeshi_vegetables,https://data.mendeley.com/datasets/b9rvg4f2st/4,CC BY 4.0,bangladeshi_veg_IMG_20241030_125113.jpg,False
data/raw_acquired/bangladeshi_vegetables/potato/bangladeshi_veg_IMG_20241030_125126.jpg,potato,Potato,data/raw_acquired/bangladeshi_vegetables/potato/bangladeshi_veg_IMG_0357.JPG,bangladeshi_vegetables,https://data.mendeley.com/datasets/b9rvg4f2st/4,CC BY 4.0,bangladeshi_veg_IMG_20241030_125126.jpg,False
data/raw_acquired/bangladeshi_vegetables/potato/bangladeshi_veg_IMG_20241030_125134.jpg,potato,Potato,data/raw_acquired/bangladeshi_vegetables/potato/bangladeshi_veg_IMG_0357.JPG,bangladeshi_vegetables,https://data.mendeley.com/datasets/b9rvg4f2st/4,CC BY 4.0,bangladeshi_veg_IMG_20241030_125134.jpg,False
data/raw_acquired/bangladeshi_vegetables/potato/bangladeshi_veg_IMG_20241030_125143.jpg,potato,Potato,data/raw_acquired/bangladeshi_vegetables/potato/bangladeshi_veg_IMG_0357.JPG,bangladeshi_vegetables,https://data.mendeley.com/datasets/b9rvg4f2st/4,CC BY 4.0,bangladeshi_veg_IMG_20241030_125143.jpg,False
data/raw_acquired/bangladeshi_vegetables/potato/bangladeshi_veg_IMG_20241030_125150.jpg,potato,Potato,data/raw_acquired/bangladeshi_vegetables/potato/bangladeshi_veg_IMG_0357.JPG,bangladeshi_vegetables,https://data.mendeley.com/datasets/b9rvg4f2st/4,CC BY 4.0,bangladeshi_veg_IMG_20241030_125150.jpg,False
data/raw_acquired/bangladeshi_vegetables/potato/bangladeshi_veg_IMG_20241030_125202.jpg,potato,Potato,data/raw_acquired/bangladeshi_vegetables/potato/bangladeshi_veg_IMG_0357.JPG,bangladeshi_vegetables,https://data.mendeley.com/datasets/b9rvg4f2st/4,CC BY 4.0,bangladeshi_veg_IMG_20241030_125202.jpg,False
data/raw_acquired/bangladeshi_vegetables/potato/bangladeshi_veg_IMG_20241030_125207.jpg,potato,Potato,data/raw_acquired/bangladeshi_vegetables/potato/bangladeshi_veg_IMG_0357.JPG,bangladeshi_vegetables,https://data.mendeley.com/datasets/b9rvg4f2st/4,CC BY 4.0,bangladeshi_veg_IMG_20241030_125207.jpg,False
data/raw_acquired/bangladeshi_vegetables/potato/bangladeshi_veg_IMG_20241030_125212.jpg,potato,Potato,data/raw_acquired/bangladeshi_vegetables/potato/bangladeshi_veg_IMG_0357.JPG,bangladeshi_vegetables,https://data.mendeley.com/datasets/b9rvg4f2st/4,CC BY 4.0,bangladeshi_veg_IMG_20241030_125212.jpg,False
data/raw_acquired/bangladeshi_vegetables/potato/bangladeshi_veg_IMG_20241030_125222.jpg,potato,Potato,data/raw_acquired/bangladeshi_vegetables/potato/bangladeshi_veg_IMG_0357.JPG,bangladeshi_vegetables,https://data.mendeley.com/datasets/b9rvg4f2st/4,CC BY 4.0,bangladeshi_veg_IMG_20241030_125222.jpg,False
data/raw_acquired/bangladeshi_vegetables/potato/bangladeshi_veg_IMG_20241030_125231.jpg,potato,Potato,data/raw_acquired/bangladeshi_vegetables/potato/bangladeshi_veg_IMG_0357.JPG,bangladeshi_vegetables,https://data.mendeley.com/datasets/b9rvg4f2st/4,CC BY 4.0,bangladeshi_veg_IMG_20241030_125231.jpg,False
data/raw_acquired/bangladeshi_vegetables/potato/bangladeshi_veg_IMG_20241030_125237.jpg,potato,Potato,data/raw_acquired/bangladeshi_vegetables/potato/bangladeshi_veg_IMG_0357.JPG,bangladeshi_vegetables,https://data.mendeley.com/datasets/b9rvg4f2st/4,CC BY 4.0,bangladeshi_veg_IMG_20241030_125237.jpg,False
data/raw_acquired/bangladeshi_vegetables/potato/bangladeshi_veg_IMG_20241030_125244.jpg,potato,Potato,data/raw_acquired/bangladeshi_vegetables/potato/bangladeshi_veg_IMG_0357.JPG,bangladeshi_vegetables,https://data.mendeley.com/datasets/b9rvg4f2st/4,CC BY 4.0,bangladeshi_veg_IMG_20241030_125244.jpg,False
data/raw_acquired/bangladeshi_vegetables/potato/bangladeshi_veg_IMG_20241030_125254.jpg,potato,Potato,data/raw_acquired/bangladeshi_vegetables/potato/bangladeshi_veg_IMG_20241030_125254.jpg,bangladeshi_vegetables,https://data.mendeley.com/datasets/b9rvg4f2st/4,CC BY 4.0,bangladeshi_veg_IMG_20241030_125254.jpg,False
data/raw_acquired/bangladeshi_vegetables/potato/bangladeshi_veg_IMG_20241030_125301.jpg,potato,Potato,data/raw_acquired/bangladeshi_vegetables/potato/bangladeshi_veg_IMG_0357.JPG,bangladeshi_vegetables,https://data.mendeley.com/datasets/b9rvg4f2st/4,CC BY 4.0,bangladeshi_veg_IMG_20241030_125301.jpg,False
data/raw_acquired/bangladeshi_vegetables/potato/bangladeshi_veg_IMG_20241030_125307.jpg,potato,Potato,data/raw_acquired/bangladeshi_vegetables/potato/bangladeshi_veg_IMG_0357.JPG,bangladeshi_vegetables,https://data.mendeley.com/datasets/b9rvg4f2st/4,CC BY 4.0,bangladeshi_veg_IMG_20241030_125307.jpg,False
data/raw_acquired/bangladeshi_vegetables/potato/bangladeshi_veg_IMG_20241030_125315.jpg,potato,Potato,data/raw_acquired/bangladeshi_vegetables/potato/bangladeshi_veg_IMG_0357.JPG,bangladeshi_vegetables,https://data.mendeley.com/datasets/b9rvg4f2st/4,CC BY 4.0,bangladeshi_veg_IMG_20241030_125315.jpg,False
data/raw_acquired/bangladeshi_vegetables/potato/bangladeshi_veg_IMG_20241030_125324.jpg,potato,Potato,data/raw_acquired/bangladeshi_vegetables/potato/bangladeshi_veg_IMG_0357.JPG,bangladeshi_vegetables,https://data.mendeley.com/datasets/b9rvg4f2st/4,CC BY 4.0,bangladeshi_veg_IMG_20241030_125324.jpg,False
data/raw_acquired/bangladeshi_vegetables/potato/bangladeshi_veg_IMG_20241030_125332.jpg,potato,Potato,data/raw_acquired/bangladeshi_vegetables/potato/bangladeshi_veg_IMG_0357.JPG,bangladeshi_vegetables,https://data.mendeley.com/datasets/b9rvg4f2st/4,CC BY 4.0,bangladeshi_veg_IMG_20241030_125332.jpg,False
data/raw_acquired/bangladeshi_vegetables/potato/bangladeshi_veg_IMG_20241030_125342.jpg,potato,Potato,data/raw_acquired/bangladeshi_vegetables/potato/bangladeshi_veg_IMG_20241030_125342.jpg,bangladeshi_vegetables,https://data.mendeley.com/datasets/b9rvg4f2st/4,CC BY 4.0,bangladeshi_veg_IMG_20241030_125342.jpg,False
data/raw_acquired/bangladeshi_vegetables/potato/bangladeshi_veg_IMG_20241030_125354.jpg,potato,Potato,data/raw_acquired/bangladeshi_vegetables/potato/bangladeshi_veg_IMG_0357.JPG,bangladeshi_vegetables,https://data.mendeley.com/datasets/b9rvg4f2st/4,CC BY 4.0,bangladeshi_veg_IMG_20241030_125354.jpg,False
data/raw_acquired/bangladeshi_vegetables/potato/bangladeshi_veg_IMG_20241030_125358.jpg,potato,Potato,data/raw_acquired/bangladeshi_vegetables/potato/bangladeshi_veg_IMG_0357.JPG,bangladeshi_vegetables,https://data.mendeley.com/datasets/b9rvg4f2st/4,CC BY 4.0,bangladeshi_veg_IMG_20241030_125358.jpg,False
data/raw_acquired/bangladeshi_vegetables/potato/bangladeshi_veg_IMG_20241030_125403.jpg,potato,Potato,data/raw_acquired/bangladeshi_vegetables/potato/bangladeshi_veg_IMG_0357.JPG,bangladeshi_vegetables,https://data.mendeley.com/datasets/b9rvg4f2st/4,CC BY 4.0,bangladeshi_veg_IMG_20241030_125403.jpg,False
data/raw_acquired/bangladeshi_vegetables/potato/bangladeshi_veg_IMG_20241030_125409.jpg,potato,Potato,data/raw_acquired/bangladeshi_vegetables/potato/bangladeshi_veg_IMG_0357.JPG,bangladeshi_vegetables,https://data.mendeley.com/datasets/b9rvg4f2st/4,CC BY 4.0,bangladeshi_veg_IMG_20241030_125409.jpg,False
data/raw_acquired/bangladeshi_vegetables/potato/bangladeshi_veg_IMG_20241030_125418.jpg,potato,Potato,data/raw_acquired/bangladeshi_vegetables/potato/bangladeshi_veg_IMG_0357.JPG,bangladeshi_vegetables,https://data.mendeley.com/datasets/b9rvg4f2st/4,CC BY 4.0,bangladeshi_veg_IMG_20241030_125418.jpg,False
data/raw_acquired/bangladeshi_vegetables/potato/bangladeshi_veg_IMG_20241030_125424.jpg,potato,Potato,data/raw_acquired/bangladeshi_vegetables/potato/bangladeshi_veg_IMG_0357.JPG,bangladeshi_vegetables,https://data.mendeley.com/datasets/b9rvg4f2st/4,CC BY 4.0,bangladeshi_veg_IMG_20241030_125424.jpg,False
data/raw_acquired/bangladeshi_vegetables/potato/bangladeshi_veg_IMG_20250217_185438.jpg,potato,Potato,data/raw_acquired/bangladeshi_vegetables/potato/bangladeshi_veg_IMG_0357.JPG,bangladeshi_vegetables,https://data.mendeley.com/datasets/b9rvg4f2st/4,CC BY 4.0,bangladeshi_veg_IMG_20250217_185438.jpg,False
data/raw_acquired/bangladeshi_vegetables/potato/bangladeshi_veg_IMG_20250217_185456.jpg,potato,Potato,data/raw_acquired/bangladeshi_vegetables/potato/bangladeshi_veg_IMG_0357.JPG,bangladeshi_vegetables,https://data.mendeley.com/datasets/b9rvg4f2st/4,CC BY 4.0,bangladeshi_veg_IMG_20250217_185456.jpg,False
data/raw_acquired/bangladeshi_vegetables/potato/bangladeshi_veg_IMG_20250217_185509.jpg,potato,Potato,data/raw_acquired/bangladeshi_vegetables/potato/bangladeshi_veg_IMG_0357.JPG,bangladeshi_vegetables,https://data.mendeley.com/datasets/b9rvg4f2st/4,CC BY 4.0,bangladeshi_veg_IMG_20250217_185509.jpg,False
data/raw_acquired/bangladeshi_vegetables/potato/bangladeshi_veg_IMG_20250217_185517.jpg,potato,Potato,data/raw_acquired/bangladeshi_vegetables/potato/bangladeshi_veg_IMG_0357.JPG,bangladeshi_vegetables,https://data.mendeley.com/datasets/b9rvg4f2st/4,CC BY 4.0,bangladeshi_veg_IMG_20250217_185517.jpg,False
data/raw_acquired/bangladeshi_vegetables/potato/bangladeshi_veg_IMG_20250217_185526.jpg,potato,Potato,data/raw_acquired/bangladeshi_vegetables/potato/bangladeshi_veg_IMG_0357.JPG,bangladeshi_vegetables,https://data.mendeley.com/datasets/b9rvg4f2st/4,CC BY 4.0,bangladeshi_veg_IMG_20250217_185526.jpg,False
data/raw_acquired/bangladeshi_vegetables/potato/bangladeshi_veg_IMG_20250217_185545.jpg,potato,Potato,data/raw_acquired/bangladeshi_vegetables/potato/bangladeshi_veg_IMG_0357.JPG,bangladeshi_vegetables,https://data.mendeley.com/datasets/b9rvg4f2st/4,CC BY 4.0,bangladeshi_veg_IMG_20250217_185545.jpg,False
data/raw_acquired/bangladeshi_vegetables/potato/bangladeshi_veg_IMG_20250217_185555.jpg,potato,Potato,data/raw_acquired/bangladeshi_vegetables/potato/bangladeshi_veg_IMG_0357.JPG,bangladeshi_vegetables,https://data.mendeley.com/datasets/b9rvg4f2st/4,CC BY 4.0,bangladeshi_veg_IMG_20250217_185555.jpg,False
data/raw_acquired/bangladeshi_vegetables/potato/bangladeshi_veg_IMG_20250217_185607.jpg,potato,Potato,data/raw_acquired/bangladeshi_vegetables/potato/bangladeshi_veg_IMG_0357.JPG,bangladeshi_vegetables,https://data.mendeley.com/datasets/b9rvg4f2st/4,CC BY 4.0,bangladeshi_veg_IMG_20250217_185607.jpg,False
data/raw_acquired/bangladeshi_vegetables/potato/bangladeshi_veg_IMG_20250217_185625.jpg,potato,Potato,data/raw_acquired/bangladeshi_vegetables/potato/bangladeshi_veg_IMG_0357.JPG,bangladeshi_vegetables,https://data.mendeley.com/datasets/b9rvg4f2st/4,CC BY 4.0,bangladeshi_veg_IMG_20250217_185625.jpg,False
data/raw_acquired/bangladeshi_vegetables/potato/bangladeshi_veg_IMG_20250217_185632.jpg,potato,Potato,data/raw_acquired/bangladeshi_vegetables/potato/bangladeshi_veg_IMG_0357.JPG,bangladeshi_vegetables,https://data.mendeley.com/datasets/b9rvg4f2st/4,CC BY 4.0,bangladeshi_veg_IMG_20250217_185632.jpg,False
data/raw_acquired/bangladeshi_vegetables/potato/bangladeshi_veg_IMG_20250217_185643.jpg,potato,Potato,data/raw_acquired/bangladeshi_vegetables/potato/bangladeshi_veg_IMG_0357.JPG,bangladeshi_vegetables,https://data.mendeley.com/datasets/b9rvg4f2st/4,CC BY 4.0,bangladeshi_veg_IMG_20250217_185643.jpg,False
data/raw_acquired/bangladeshi_vegetables/potato/bangladeshi_veg_IMG_20250217_185658.jpg,potato,Potato,data/raw_acquired/bangladeshi_vegetables/potato/bangladeshi_veg_IMG_0357.JPG,bangladeshi_vegetables,https://data.mendeley.com/datasets/b9rvg4f2st/4,CC BY 4.0,bangladeshi_veg_IMG_20250217_185658.jpg,False
data/raw_acquired/bangladeshi_vegetables/potato/bangladeshi_veg_IMG_20250217_185716.jpg,potato,Potato,data/raw_acquired/bangladeshi_vegetables/potato/bangladeshi_veg_IMG_0357.JPG,bangladeshi_vegetables,https://data.mendeley.com/datasets/b9rvg4f2st/4,CC BY 4.0,bangladeshi_veg_IMG_20250217_185716.jpg,False
data/raw_acquired/bangladeshi_vegetables/potato/bangladeshi_veg_IMG_20250217_185731.jpg,potato,Potato,data/raw_acquired/bangladeshi_vegetables/potato/bangladeshi_veg_IMG_0357.JPG,bangladeshi_vegetables,https://data.mendeley.com/datasets/b9rvg4f2st/4,CC BY 4.0,bangladeshi_veg_IMG_20250217_185731.jpg,False
data/raw_acquired/bangladeshi_vegetables/potato/bangladeshi_veg_IMG_20250217_185746.jpg,potato,Potato,data/raw_acquired/bangladeshi_vegetables/potato/bangladeshi_veg_IMG_0357.JPG,bangladeshi_vegetables,https://data.mendeley.com/datasets/b9rvg4f2st/4,CC BY 4.0,bangladeshi_veg_IMG_20250217_185746.jpg,False
data/raw_acquired/bangladeshi_vegetables/potato/bangladeshi_veg_IMG_20250217_185759.jpg,potato,Potato,data/raw_acquired/bangladeshi_vegetables/potato/bangladeshi_veg_IMG_0357.JPG,bangladeshi_vegetables,https://data.mendeley.com/datasets/b9rvg4f2st/4,CC BY 4.0,bangladeshi_veg_IMG_20250217_185759.jpg,False
data/raw_acquired/bangladeshi_vegetables/potato/bangladeshi_veg_IMG_20250217_185814.jpg,potato,Potato,data/raw_acquired/bangladeshi_vegetables/potato/bangladeshi_veg_IMG_0357.JPG,bangladeshi_vegetables,https://data.mendeley.com/datasets/b9rvg4f2st/4,CC BY 4.0,bangladeshi_veg_IMG_20250217_185814.jpg,False
data/raw_acquired/bangladeshi_vegetables/potato/bangladeshi_veg_IMG_20250217_185828.jpg,potato,Potato,data/raw_acquired/bangladeshi_vegetables/potato/bangladeshi_veg_IMG_0357.JPG,bangladeshi_vegetables,https://data.mendeley.com/datasets/b9rvg4f2st/4,CC BY 4.0,bangladeshi_veg_IMG_20250217_185828.jpg,False
data/raw_acquired/bangladeshi_vegetables/potato/bangladeshi_veg_IMG_20250217_185838.jpg,potato,Potato,data/raw_acquired/bangladeshi_vegetables/potato/bangladeshi_veg_IMG_0357.JPG,bangladeshi_vegetables,https://data.mendeley.com/datasets/b9rvg4f2st/4,CC BY 4.0,bangladeshi_veg_IMG_20250217_185838.jpg,False
data/raw_acquired/bangladeshi_vegetables/potato/bangladeshi_veg_IMG_20250217_185846.jpg,potato,Potato,data/raw_acquired/bangladeshi_vegetables/potato/bangladeshi_veg_IMG_0357.JPG,bangladeshi_vegetables,https://data.mendeley.com/datasets/b9rvg4f2st/4,CC BY 4.0,bangladeshi_veg_IMG_20250217_185846.jpg,False
data/raw_acquired/bangladeshi_vegetables/potato/bangladeshi_veg_IMG_20250217_185853.jpg,potato,Potato,data/raw_acquired/bangladeshi_vegetables/potato/bangladeshi_veg_IMG_0357.JPG,bangladeshi_vegetables,https://data.mendeley.com/datasets/b9rvg4f2st/4,CC BY 4.0,bangladeshi_veg_IMG_20250217_185853.jpg,False
data/raw_acquired/bangladeshi_vegetables/potato/bangladeshi_veg_IMG_20250217_185903.jpg,potato,Potato,data/raw_acquired/bangladeshi_vegetables/potato/bangladeshi_veg_IMG_0357.JPG,bangladeshi_vegetables,https://data.mendeley.com/datasets/b9rvg4f2st/4,CC BY 4.0,bangladeshi_veg_IMG_20250217_185903.jpg,False
data/raw_acquired/bangladeshi_vegetables/potato/bangladeshi_veg_IMG_20250217_185912.jpg,potato,Potato,data/raw_acquired/bangladeshi_vegetables/potato/bangladeshi_veg_IMG_0357.JPG,bangladeshi_vegetables,https://data.mendeley.com/datasets/b9rvg4f2st/4,CC BY 4.0,bangladeshi_veg_IMG_20250217_185912.jpg,False
data/raw_acquired/bangladeshi_vegetables/potato/bangladeshi_veg_IMG_20250217_185919.jpg,potato,Potato,data/raw_acquired/bangladeshi_vegetables/potato/bangladeshi_veg_IMG_0357.JPG,bangladeshi_vegetables,https://data.mendeley.com/datasets/b9rvg4f2st/4,CC BY 4.0,bangladeshi_veg_IMG_20250217_185919.jpg,False
data/raw_acquired/bangladeshi_vegetables/potato/bangladeshi_veg_IMG_20250217_185930.jpg,potato,Potato,data/raw_acquired/bangladeshi_vegetables/potato/bangladeshi_veg_IMG_0357.JPG,bangladeshi_vegetables,https://data.mendeley.com/datasets/b9rvg4f2st/4,CC BY 4.0,bangladeshi_veg_IMG_20250217_185930.jpg,False
data/raw_acquired/bangladeshi_vegetables/potato/bangladeshi_veg_IMG_20250217_185941.jpg,potato,Potato,data/raw_acquired/bangladeshi_vegetables/potato/bangladeshi_veg_IMG_0357.JPG,bangladeshi_vegetables,https://data.mendeley.com/datasets/b9rvg4f2st/4,CC BY 4.0,bangladeshi_veg_IMG_20250217_185941.jpg,False
data/raw_acquired/bangladeshi_vegetables/potato/bangladeshi_veg_IMG_20250217_185950.jpg,potato,Potato,data/raw_acquired/bangladeshi_vegetables/potato/bangladeshi_veg_IMG_0357.JPG,bangladeshi_vegetables,https://data.mendeley.com/datasets/b9rvg4f2st/4,CC BY 4.0,bangladeshi_veg_IMG_20250217_185950.jpg,False
data/raw_acquired/bangladeshi_vegetables/potato/bangladeshi_veg_IMG_20250217_190000.jpg,potato,Potato,data/raw_acquired/bangladeshi_vegetables/potato/bangladeshi_veg_IMG_0357.JPG,bangladeshi_vegetables,https://data.mendeley.com/datasets/b9rvg4f2st/4,CC BY 4.0,bangladeshi_veg_IMG_20250217_190000.jpg,False
data/raw_acquired/bangladeshi_vegetables/potato/bangladeshi_veg_IMG_20250217_190148.jpg,potato,Potato,data/raw_acquired/bangladeshi_vegetables/potato/bangladeshi_veg_IMG_0357.JPG,bangladeshi_vegetables,https://data.mendeley.com/datasets/b9rvg4f2st/4,CC BY 4.0,bangladeshi_veg_IMG_20250217_190148.jpg,False
data/raw_acquired/bangladeshi_vegetables/potato/bangladeshi_veg_IMG_20250217_190205.jpg,potato,Potato,data/raw_acquired/bangladeshi_vegetables/potato/bangladeshi_veg_IMG_0357.JPG,bangladeshi_vegetables,https://data.mendeley.com/datasets/b9rvg4f2st/4,CC BY 4.0,bangladeshi_veg_IMG_20250217_190205.jpg,False
data/raw_acquired/bangladeshi_vegetables/potato/bangladeshi_veg_IMG_20250217_190215.jpg,potato,Potato,data/raw_acquired/bangladeshi_vegetables/potato/bangladeshi_veg_IMG_0357.JPG,bangladeshi_vegetables,https://data.mendeley.com/datasets/b9rvg4f2st/4,CC BY 4.0,bangladeshi_veg_IMG_20250217_190215.jpg,False
data/raw_acquired/bangladeshi_vegetables/potato/bangladeshi_veg_IMG_20250217_190230.jpg,potato,Potato,data/raw_acquired/bangladeshi_vegetables/potato/bangladeshi_veg_IMG_0357.JPG,bangladeshi_vegetables,https://data.mendeley.com/datasets/b9rvg4f2st/4,CC BY 4.0,bangladeshi_veg_IMG_20250217_190230.jpg,False
data/raw_acquired/bangladeshi_vegetables/potato/bangladeshi_veg_IMG_20250217_190240.jpg,potato,Potato,data/raw_acquired/bangladeshi_vegetables/potato/bangladeshi_veg_IMG_0357.JPG,bangladeshi_vegetables,https://data.mendeley.com/datasets/b9rvg4f2st/4,CC BY 4.0,bangladeshi_veg_IMG_20250217_190240.jpg,False
data/raw_acquired/bangladeshi_vegetables/potato/bangladeshi_veg_IMG_20250217_190250.jpg,potato,Potato,data/raw_acquired/bangladeshi_vegetables/potato/bangladeshi_veg_IMG_0357.JPG,bangladeshi_vegetables,https://data.mendeley.com/datasets/b9rvg4f2st/4,CC BY 4.0,bangladeshi_veg_IMG_20250217_190250.jpg,False
data/raw_acquired/bangladeshi_vegetables/potato/bangladeshi_veg_IMG_20250217_190300.jpg,potato,Potato,data/raw_acquired/bangladeshi_vegetables/potato/bangladeshi_veg_IMG_0357.JPG,bangladeshi_vegetables,https://data.mendeley.com/datasets/b9rvg4f2st/4,CC BY 4.0,bangladeshi_veg_IMG_20250217_190300.jpg,False
data/raw_acquired/bangladeshi_vegetables/potato/bangladeshi_veg_IMG_20250217_190311.jpg,potato,Potato,data/raw_acquired/bangladeshi_vegetables/potato/bangladeshi_veg_IMG_0357.JPG,bangladeshi_vegetables,https://data.mendeley.com/datasets/b9rvg4f2st/4,CC BY 4.0,bangladeshi_veg_IMG_20250217_190311.jpg,False
data/raw_acquired/bangladeshi_vegetables/potato/bangladeshi_veg_IMG_20250217_190320.jpg,potato,Potato,data/raw_acquired/bangladeshi_vegetables/potato/bangladeshi_veg_IMG_0357.JPG,bangladeshi_vegetables,https://data.mendeley.com/datasets/b9rvg4f2st/4,CC BY 4.0,bangladeshi_veg_IMG_20250217_190320.jpg,False
data/raw_acquired/bangladeshi_vegetables/potato/bangladeshi_veg_IMG_20250217_190335.jpg,potato,Potato,data/raw_acquired/bangladeshi_vegetables/potato/bangladeshi_veg_IMG_0357.JPG,bangladeshi_vegetables,https://data.mendeley.com/datasets/b9rvg4f2st/4,CC BY 4.0,bangladeshi_veg_IMG_20250217_190335.jpg,False
data/raw_acquired/bangladeshi_vegetables/potato/bangladeshi_veg_IMG_20250217_190348.jpg,potato,Potato,data/raw_acquired/bangladeshi_vegetables/potato/bangladeshi_veg_IMG_0357.JPG,bangladeshi_vegetables,https://data.mendeley.com/datasets/b9rvg4f2st/4,CC BY 4.0,bangladeshi_veg_IMG_20250217_190348.jpg,False
data/raw_acquired/bangladeshi_vegetables/potato/bangladeshi_veg_IMG_20250217_190402.jpg,potato,Potato,data/raw_acquired/bangladeshi_vegetables/potato/bangladeshi_veg_IMG_0357.JPG,bangladeshi_vegetables,https://data.mendeley.com/datasets/b9rvg4f2st/4,CC BY 4.0,bangladeshi_veg_IMG_20250217_190402.jpg,False
data/raw_acquired/bangladeshi_vegetables/potato/bangladeshi_veg_IMG_20250217_190412.jpg,potato,Potato,data/raw_acquired/bangladeshi_vegetables/potato/bangladeshi_veg_IMG_0357.JPG,bangladeshi_vegetables,https://data.mendeley.com/datasets/b9rvg4f2st/4,CC BY 4.0,bangladeshi_veg_IMG_20250217_190412.jpg,False
data/raw_acquired/bangladeshi_vegetables/potato/bangladeshi_veg_IMG_20250217_190424.jpg,potato,Potato,data/raw_acquired/bangladeshi_vegetables/potato/bangladeshi_veg_IMG_0357.JPG,bangladeshi_vegetables,https://data.mendeley.com/datasets/b9rvg4f2st/4,CC BY 4.0,bangladeshi_veg_IMG_20250217_190424.jpg,False
data/raw_acquired/bangladeshi_vegetables/potato/bangladeshi_veg_IMG_20250217_190431.jpg,potato,Potato,data/raw_acquired/bangladeshi_vegetables/potato/bangladeshi_veg_IMG_0357.JPG,bangladeshi_vegetables,https://data.mendeley.com/datasets/b9rvg4f2st/4,CC BY 4.0,bangladeshi_veg_IMG_20250217_190431.jpg,False
data/raw_acquired/bangladeshi_vegetables/potato/bangladeshi_veg_IMG_20250217_190439.jpg,potato,Potato,data/raw_acquired/bangladeshi_vegetables/potato/bangladeshi_veg_IMG_0357.JPG,bangladeshi_vegetables,https://data.mendeley.com/datasets/b9rvg4f2st/4,CC BY 4.0,bangladeshi_veg_IMG_20250217_190439.jpg,False
data/raw_acquired/bangladeshi_vegetables/potato/bangladeshi_veg_IMG_20250217_190447.jpg,potato,Potato,data/raw_acquired/bangladeshi_vegetables/potato/bangladeshi_veg_IMG_0357.JPG,bangladeshi_vegetables,https://data.mendeley.com/datasets/b9rvg4f2st/4,CC BY 4.0,bangladeshi_veg_IMG_20250217_190447.jpg,False
data/raw_acquired/bangladeshi_vegetables/potato/bangladeshi_veg_IMG_20250217_190458.jpg,potato,Potato,data/raw_acquired/bangladeshi_vegetables/potato/bangladeshi_veg_IMG_0357.JPG,bangladeshi_vegetables,https://data.mendeley.com/datasets/b9rvg4f2st/4,CC BY 4.0,bangladeshi_veg_IMG_20250217_190458.jpg,False
data/raw_acquired/bangladeshi_vegetables/potato/bangladeshi_veg_IMG_20250217_190506.jpg,potato,Potato,data/raw_acquired/bangladeshi_vegetables/potato/bangladeshi_veg_IMG_0357.JPG,bangladeshi_vegetables,https://data.mendeley.com/datasets/b9rvg4f2st/4,CC BY 4.0,bangladeshi_veg_IMG_20250217_190506.jpg,False
data/raw_acquired/bangladeshi_vegetables/potato/bangladeshi_veg_IMG_20250217_190513.jpg,potato,Potato,data/raw_acquired/bangladeshi_vegetables/potato/bangladeshi_veg_IMG_0357.JPG,bangladeshi_vegetables,https://data.mendeley.com/datasets/b9rvg4f2st/4,CC BY 4.0,bangladeshi_veg_IMG_20250217_190513.jpg,False
data/raw_acquired/bangladeshi_vegetables/potato/bangladeshi_veg_IMG_20250217_190526.jpg,potato,Potato,data/raw_acquired/bangladeshi_vegetables/potato/bangladeshi_veg_IMG_0357.JPG,bangladeshi_vegetables,https://data.mendeley.com/datasets/b9rvg4f2st/4,CC BY 4.0,bangladeshi_veg_IMG_20250217_190526.jpg,False
data/raw_acquired/bangladeshi_vegetables/potato/bangladeshi_veg_IMG_20250217_190536.jpg,potato,Potato,data/raw_acquired/bangladeshi_vegetables/potato/bangladeshi_veg_IMG_0357.JPG,bangladeshi_vegetables,https://data.mendeley.com/datasets/b9rvg4f2st/4,CC BY 4.0,bangladeshi_veg_IMG_20250217_190536.jpg,False
data/raw_acquired/bangladeshi_vegetables/potato/bangladeshi_veg_IMG_20250217_190546.jpg,potato,Potato,data/raw_acquired/bangladeshi_vegetables/potato/bangladeshi_veg_IMG_0357.JPG,bangladeshi_vegetables,https://data.mendeley.com/datasets/b9rvg4f2st/4,CC BY 4.0,bangladeshi_veg_IMG_20250217_190546.jpg,False
data/raw_acquired/bangladeshi_vegetables/potato/bangladeshi_veg_IMG_20250217_190558.jpg,potato,Potato,data/raw_acquired/bangladeshi_vegetables/potato/bangladeshi_veg_IMG_0357.JPG,bangladeshi_vegetables,https://data.mendeley.com/datasets/b9rvg4f2st/4,CC BY 4.0,bangladeshi_veg_IMG_20250217_190558.jpg,False
data/raw_acquired/bangladeshi_vegetables/potato/bangladeshi_veg_IMG_20250217_190609.jpg,potato,Potato,data/raw_acquired/bangladeshi_vegetables/potato/bangladeshi_veg_IMG_0357.JPG,bangladeshi_vegetables,https://data.mendeley.com/datasets/b9rvg4f2st/4,CC BY 4.0,bangladeshi_veg_IMG_20250217_190609.jpg,False
data/raw_acquired/bangladeshi_vegetables/potato/bangladeshi_veg_IMG_20250217_190621.jpg,potato,Potato,data/raw_acquired/bangladeshi_vegetables/potato/bangladeshi_veg_IMG_0357.JPG,bangladeshi_vegetables,https://data.mendeley.com/datasets/b9rvg4f2st/4,CC BY 4.0,bangladeshi_veg_IMG_20250217_190621.jpg,False
data/raw_acquired/bangladeshi_vegetables/potato/bangladeshi_veg_IMG_20250217_190629.jpg,potato,Potato,data/raw_acquired/bangladeshi_vegetables/potato/bangladeshi_veg_IMG_0357.JPG,bangladeshi_vegetables,https://data.mendeley.com/datasets/b9rvg4f2st/4,CC BY 4.0,bangladeshi_veg_IMG_20250217_190629.jpg,False
data/raw_acquired/bangladeshi_vegetables/potato/bangladeshi_veg_IMG_20250217_190644.jpg,potato,Potato,data/raw_acquired/bangladeshi_vegetables/potato/bangladeshi_veg_IMG_0357.JPG,bangladeshi_vegetables,https://data.mendeley.com/datasets/b9rvg4f2st/4,CC BY 4.0,bangladeshi_veg_IMG_20250217_190644.jpg,False
data/raw_acquired/bangladeshi_vegetables/potato/bangladeshi_veg_IMG_20250217_190653.jpg,potato,Potato,data/raw_acquired/bangladeshi_vegetables/potato/bangladeshi_veg_IMG_0357.JPG,bangladeshi_vegetables,https://data.mendeley.com/datasets/b9rvg4f2st/4,CC BY 4.0,bangladeshi_veg_IMG_20250217_190653.jpg,False
data/raw_acquired/bangladeshi_vegetables/potato/bangladeshi_veg_IMG_20250217_190659.jpg,potato,Potato,data/raw_acquired/bangladeshi_vegetables/potato/bangladeshi_veg_IMG_0357.JPG,bangladeshi_vegetables,https://data.mendeley.com/datasets/b9rvg4f2st/4,CC BY 4.0,bangladeshi_veg_IMG_20250217_190659.jpg,False
data/raw_acquired/bangladeshi_vegetables/potato/bangladeshi_veg_IMG_20250217_190708.jpg,potato,Potato,data/raw_acquired/bangladeshi_vegetables/potato/bangladeshi_veg_IMG_0357.JPG,bangladeshi_vegetables,https://data.mendeley.com/datasets/b9rvg4f2st/4,CC BY 4.0,bangladeshi_veg_IMG_20250217_190708.jpg,False
data/raw_acquired/bangladeshi_vegetables/potato/bangladeshi_veg_IMG_20250217_190716.jpg,potato,Potato,data/raw_acquired/bangladeshi_vegetables/potato/bangladeshi_veg_IMG_0357.JPG,bangladeshi_vegetables,https://data.mendeley.com/datasets/b9rvg4f2st/4,CC BY 4.0,bangladeshi_veg_IMG_20250217_190716.jpg,False
data/raw_acquired/bangladeshi_vegetables/potato/bangladeshi_veg_IMG_20250217_190727.jpg,potato,Potato,data/raw_acquired/bangladeshi_vegetables/potato/bangladeshi_veg_IMG_0357.JPG,bangladeshi_vegetables,https://data.mendeley.com/datasets/b9rvg4f2st/4,CC BY 4.0,bangladeshi_veg_IMG_20250217_190727.jpg,False
data/raw_acquired/bangladeshi_vegetables/potato/bangladeshi_veg_IMG_20250217_190738.jpg,potato,Potato,data/raw_acquired/bangladeshi_vegetables/potato/bangladeshi_veg_IMG_0357.JPG,bangladeshi_vegetables,https://data.mendeley.com/datasets/b9rvg4f2st/4,CC BY 4.0,bangladeshi_veg_IMG_20250217_190738.jpg,False
data/raw_acquired/bangladeshi_vegetables/potato/bangladeshi_veg_IMG_20250217_190748.jpg,potato,Potato,data/raw_acquired/bangladeshi_vegetables/potato/bangladeshi_veg_IMG_0357.JPG,bangladeshi_vegetables,https://data.mendeley.com/datasets/b9rvg4f2st/4,CC BY 4.0,bangladeshi_veg_IMG_20250217_190748.jpg,False
data/raw_acquired/bangladeshi_vegetables/potato/bangladeshi_veg_IMG_20250217_190759.jpg,potato,Potato,data/raw_acquired/bangladeshi_vegetables/potato/bangladeshi_veg_IMG_0357.JPG,bangladeshi_vegetables,https://data.mendeley.com/datasets/b9rvg4f2st/4,CC BY 4.0,bangladeshi_veg_IMG_20250217_190759.jpg,False
data/raw_acquired/bangladeshi_vegetables/potato/bangladeshi_veg_IMG_20250217_190806.jpg,potato,Potato,data/raw_acquired/bangladeshi_vegetables/potato/bangladeshi_veg_IMG_0357.JPG,bangladeshi_vegetables,https://data.mendeley.com/datasets/b9rvg4f2st/4,CC BY 4.0,bangladeshi_veg_IMG_20250217_190806.jpg,False
data/raw_acquired/bangladeshi_vegetables/potato/bangladeshi_veg_IMG_20250217_190818.jpg,potato,Potato,data/raw_acquired/bangladeshi_vegetables/potato/bangladeshi_veg_IMG_0357.JPG,bangladeshi_vegetables,https://data.mendeley.com/datasets/b9rvg4f2st/4,CC BY 4.0,bangladeshi_veg_IMG_20250217_190818.jpg,False
data/raw_acquired/bangladeshi_vegetables/potato/bangladeshi_veg_IMG_20250217_190830.jpg,potato,Potato,data/raw_acquired/bangladeshi_vegetables/potato/bangladeshi_veg_IMG_0357.JPG,bangladeshi_vegetables,https://data.mendeley.com/datasets/b9rvg4f2st/4,CC BY 4.0,bangladeshi_veg_IMG_20250217_190830.jpg,False
data/raw_acquired/bangladeshi_vegetables/potato/bangladeshi_veg_IMG_20250217_190842.jpg,potato,Potato,data/raw_acquired/bangladeshi_vegetables/potato/bangladeshi_veg_IMG_0357.JPG,bangladeshi_vegetables,https://data.mendeley.com/datasets/b9rvg4f2st/4,CC BY 4.0,bangladeshi_veg_IMG_20250217_190842.jpg,False
data/raw_acquired/bangladeshi_vegetables/potato/bangladeshi_veg_IMG_20250217_190851.jpg,potato,Potato,data/raw_acquired/bangladeshi_vegetables/potato/bangladeshi_veg_IMG_0357.JPG,bangladeshi_vegetables,https://data.mendeley.com/datasets/b9rvg4f2st/4,CC BY 4.0,bangladeshi_veg_IMG_20250217_190851.jpg,False
data/raw_acquired/bangladeshi_vegetables/potato/bangladeshi_veg_IMG_20250217_190904.jpg,potato,Potato,data/raw_acquired/bangladeshi_vegetables/potato/bangladeshi_veg_IMG_0357.JPG,bangladeshi_vegetables,https://data.mendeley.com/datasets/b9rvg4f2st/4,CC BY 4.0,bangladeshi_veg_IMG_20250217_190904.jpg,False
data/raw_acquired/bangladeshi_vegetables/potato/bangladeshi_veg_IMG_20250217_190914.jpg,potato,Potato,data/raw_acquired/bangladeshi_vegetables/potato/bangladeshi_veg_IMG_0357.JPG,bangladeshi_vegetables,https://data.mendeley.com/datasets/b9rvg4f2st/4,CC BY 4.0,bangladeshi_veg_IMG_20250217_190914.jpg,False
data/raw_acquired/bangladeshi_vegetables/potato/bangladeshi_veg_IMG_20250217_190923.jpg,potato,Potato,data/raw_acquired/bangladeshi_vegetables/potato/bangladeshi_veg_IMG_0357.JPG,bangladeshi_vegetables,https://data.mendeley.com/datasets/b9rvg4f2st/4,CC BY 4.0,bangladeshi_veg_IMG_20250217_190923.jpg,False
data/raw_acquired/bangladeshi_vegetables/potato/bangladeshi_veg_IMG_20250217_190934.jpg,potato,Potato,data/raw_acquired/bangladeshi_vegetables/potato/bangladeshi_veg_IMG_0357.JPG,bangladeshi_vegetables,https://data.mendeley.com/datasets/b9rvg4f2st/4,CC BY 4.0,bangladeshi_veg_IMG_20250217_190934.jpg,False
data/raw_acquired/bangladeshi_vegetables/potato/bangladeshi_veg_IMG_20250217_190941.jpg,potato,Potato,data/raw_acquired/bangladeshi_vegetables/potato/bangladeshi_veg_IMG_0357.JPG,bangladeshi_vegetables,https://data.mendeley.com/datasets/b9rvg4f2st/4,CC BY 4.0,bangladeshi_veg_IMG_20250217_190941.jpg,False
data/raw_acquired/bangladeshi_vegetables/potato/bangladeshi_veg_IMG_20250217_190949.jpg,potato,Potato,data/raw_acquired/bangladeshi_vegetables/potato/bangladeshi_veg_IMG_0357.JPG,bangladeshi_vegetables,https://data.mendeley.com/datasets/b9rvg4f2st/4,CC BY 4.0,bangladeshi_veg_IMG_20250217_190949.jpg,False
data/raw_acquired/bangladeshi_vegetables/potato/bangladeshi_veg_IMG_20250217_191004.jpg,potato,Potato,data/raw_acquired/bangladeshi_vegetables/potato/bangladeshi_veg_IMG_0357.JPG,bangladeshi_vegetables,https://data.mendeley.com/datasets/b9rvg4f2st/4,CC BY 4.0,bangladeshi_veg_IMG_20250217_191004.jpg,False
data/raw_acquired/bangladeshi_vegetables/potato/bangladeshi_veg_IMG_20250217_191016.jpg,potato,Potato,data/raw_acquired/bangladeshi_vegetables/potato/bangladeshi_veg_IMG_0357.JPG,bangladeshi_vegetables,https://data.mendeley.com/datasets/b9rvg4f2st/4,CC BY 4.0,bangladeshi_veg_IMG_20250217_191016.jpg,False
data/raw_acquired/bangladeshi_vegetables/potato/bangladeshi_veg_IMG_20250217_191029.jpg,potato,Potato,data/raw_acquired/bangladeshi_vegetables/potato/bangladeshi_veg_IMG_0357.JPG,bangladeshi_vegetables,https://data.mendeley.com/datasets/b9rvg4f2st/4,CC BY 4.0,bangladeshi_veg_IMG_20250217_191029.jpg,False
data/raw_acquired/bangladeshi_vegetables/potato/bangladeshi_veg_IMG_20250217_191042.jpg,potato,Potato,data/raw_acquired/bangladeshi_vegetables/potato/bangladeshi_veg_IMG_0357.JPG,bangladeshi_vegetables,https://data.mendeley.com/datasets/b9rvg4f2st/4,CC BY 4.0,bangladeshi_veg_IMG_20250217_191042.jpg,False
data/raw_acquired/bangladeshi_vegetables/potato/bangladeshi_veg_IMG_20250217_191054.jpg,potato,Potato,data/raw_acquired/bangladeshi_vegetables/potato/bangladeshi_veg_IMG_0357.JPG,bangladeshi_vegetables,https://data.mendeley.com/datasets/b9rvg4f2st/4,CC BY 4.0,bangladeshi_veg_IMG_20250217_191054.jpg,False
data/raw_acquired/bangladeshi_vegetables/potato/bangladeshi_veg_IMG_20250217_191105.jpg,potato,Potato,data/raw_acquired/bangladeshi_vegetables/potato/bangladeshi_veg_IMG_0357.JPG,bangladeshi_vegetables,https://data.mendeley.com/datasets/b9rvg4f2st/4,CC BY 4.0,bangladeshi_veg_IMG_20250217_191105.jpg,False
data/raw_acquired/bangladeshi_vegetables/potato/bangladeshi_veg_IMG_20250217_191215.jpg,potato,Potato,data/raw_acquired/bangladeshi_vegetables/potato/bangladeshi_veg_IMG_0357.JPG,bangladeshi_vegetables,https://data.mendeley.com/datasets/b9rvg4f2st/4,CC BY 4.0,bangladeshi_veg_IMG_20250217_191215.jpg,False
data/raw_acquired/bangladeshi_vegetables/potato/bangladeshi_veg_IMG_20250217_191224.jpg,potato,Potato,data/raw_acquired/bangladeshi_vegetables/potato/bangladeshi_veg_IMG_0357.JPG,bangladeshi_vegetables,https://data.mendeley.com/datasets/b9rvg4f2st/4,CC BY 4.0,bangladeshi_veg_IMG_20250217_191224.jpg,False
data/raw_acquired/bangladeshi_vegetables/potato/bangladeshi_veg_IMG_20250217_191230.jpg,potato,Potato,data/raw_acquired/bangladeshi_vegetables/potato/bangladeshi_veg_IMG_0357.JPG,bangladeshi_vegetables,https://data.mendeley.com/datasets/b9rvg4f2st/4,CC BY 4.0,bangladeshi_veg_IMG_20250217_191230.jpg,False
data/raw_acquired/bangladeshi_vegetables/potato/bangladeshi_veg_IMG_20250217_191243.jpg,potato,Potato,data/raw_acquired/bangladeshi_vegetables/potato/bangladeshi_veg_IMG_0357.JPG,bangladeshi_vegetables,https://data.mendeley.com/datasets/b9rvg4f2st/4,CC BY 4.0,bangladeshi_veg_IMG_20250217_191243.jpg,False
data/raw_acquired/bangladeshi_vegetables/potato/bangladeshi_veg_IMG_20250217_191253.jpg,potato,Potato,data/raw_acquired/bangladeshi_vegetables/potato/bangladeshi_veg_IMG_0357.JPG,bangladeshi_vegetables,https://data.mendeley.com/datasets/b9rvg4f2st/4,CC BY 4.0,bangladeshi_veg_IMG_20250217_191253.jpg,False
data/raw_acquired/bangladeshi_vegetables/potato/bangladeshi_veg_IMG_20250217_191303.jpg,potato,Potato,data/raw_acquired/bangladeshi_vegetables/potato/bangladeshi_veg_IMG_0357.JPG,bangladeshi_vegetables,https://data.mendeley.com/datasets/b9rvg4f2st/4,CC BY 4.0,bangladeshi_veg_IMG_20250217_191303.jpg,False
data/raw_acquired/bangladeshi_vegetables/potato/bangladeshi_veg_IMG_20250217_191316.jpg,potato,Potato,data/raw_acquired/bangladeshi_vegetables/potato/bangladeshi_veg_IMG_0357.JPG,bangladeshi_vegetables,https://data.mendeley.com/datasets/b9rvg4f2st/4,CC BY 4.0,bangladeshi_veg_IMG_20250217_191316.jpg,False
data/raw_acquired/bangladeshi_vegetables/potato/bangladeshi_veg_IMG_20250217_191328.jpg,potato,Potato,data/raw_acquired/bangladeshi_vegetables/potato/bangladeshi_veg_IMG_0357.JPG,bangladeshi_vegetables,https://data.mendeley.com/datasets/b9rvg4f2st/4,CC BY 4.0,bangladeshi_veg_IMG_20250217_191328.jpg,False
data/raw_acquired/bangladeshi_vegetables/potato/bangladeshi_veg_IMG_20250217_191338.jpg,potato,Potato,data/raw_acquired/bangladeshi_vegetables/potato/bangladeshi_veg_IMG_0357.JPG,bangladeshi_vegetables,https://data.mendeley.com/datasets/b9rvg4f2st/4,CC BY 4.0,bangladeshi_veg_IMG_20250217_191338.jpg,False
data/raw_acquired/bangladeshi_vegetables/potato/bangladeshi_veg_IMG_20250217_191349.jpg,potato,Potato,data/raw_acquired/bangladeshi_vegetables/potato/bangladeshi_veg_IMG_0357.JPG,bangladeshi_vegetables,https://data.mendeley.com/datasets/b9rvg4f2st/4,CC BY 4.0,bangladeshi_veg_IMG_20250217_191349.jpg,False
data/raw_acquired/bangladeshi_vegetables/potato/bangladeshi_veg_IMG_20250217_191403.jpg,potato,Potato,data/raw_acquired/bangladeshi_vegetables/potato/bangladeshi_veg_IMG_0357.JPG,bangladeshi_vegetables,https://data.mendeley.com/datasets/b9rvg4f2st/4,CC BY 4.0,bangladeshi_veg_IMG_20250217_191403.jpg,False
data/raw_acquired/bangladeshi_vegetables/potato/bangladeshi_veg_IMG_20250217_191411.jpg,potato,Potato,data/raw_acquired/bangladeshi_vegetables/potato/bangladeshi_veg_IMG_0357.JPG,bangladeshi_vegetables,https://data.mendeley.com/datasets/b9rvg4f2st/4,CC BY 4.0,bangladeshi_veg_IMG_20250217_191411.jpg,False
data/raw_acquired/bangladeshi_vegetables/potato/bangladeshi_veg_storage emulated 0 DCIM Camera IMG_20241029_223235.jpg,potato,Potato,data/raw_acquired/bangladeshi_vegetables/potato/bangladeshi_veg_IMG_20241029_223304.jpg,bangladeshi_vegetables,https://data.mendeley.com/datasets/b9rvg4f2st/4,CC BY 4.0,bangladeshi_veg_storage emulated 0 DCIM Camera IMG_20241029_223235.jpg,False
data/raw_acquired/bangladeshi_vegetables/potato/bangladeshi_veg_storage emulated 0 DCIM Camera IMG_20241029_223248.jpg,potato,Potato,data/raw_acquired/bangladeshi_vegetables/potato/bangladeshi_veg_storage emulated 0 DCIM Camera IMG_20241029_223248.jpg,bangladeshi_vegetables,https://data.mendeley.com/datasets/b9rvg4f2st/4,CC BY 4.0,bangladeshi_veg_storage emulated 0 DCIM Camera IMG_20241029_223248.jpg,False
data/raw_acquired/bangladeshi_vegetables/potato/bangladeshi_veg_storage emulated 0 DCIM Camera IMG_20241029_223257.jpg,potato,Potato,data/raw_acquired/bangladeshi_vegetables/potato/bangladeshi_veg_IMG_20241029_223304.jpg,bangladeshi_vegetables,https://data.mendeley.com/datasets/b9rvg4f2st/4,CC BY 4.0,bangladeshi_veg_storage emulated 0 DCIM Camera IMG_20241029_223257.jpg,False
data/raw_acquired/bangladeshi_vegetables/onion/bangladeshi_veg_IMG_20241101_135245.jpg,onion,Onion,data/raw_acquired/bangladeshi_vegetables/onion/bangladeshi_veg_IMG_20241101_135245.jpg,bangladeshi_vegetables,https://data.mendeley.com/datasets/b9rvg4f2st/4,CC BY 4.0,bangladeshi_veg_IMG_20241101_135245.jpg,False
data/raw_acquired/bangladeshi_vegetables/onion/bangladeshi_veg_IMG_20241101_135301.jpg,onion,Onion,data/raw_acquired/bangladeshi_vegetables/onion/bangladeshi_veg_IMG_20241101_135301.jpg,bangladeshi_vegetables,https://data.mendeley.com/datasets/b9rvg4f2st/4,CC BY 4.0,bangladeshi_veg_IMG_20241101_135301.jpg,False
data/raw_acquired/bangladeshi_vegetables/onion/bangladeshi_veg_IMG_20241101_135313.jpg,onion,Onion,data/raw_acquired/bangladeshi_vegetables/onion/bangladeshi_veg_IMG_20241101_135245.jpg,bangladeshi_vegetables,https://data.mendeley.com/datasets/b9rvg4f2st/4,CC BY 4.0,bangladeshi_veg_IMG_20241101_135313.jpg,False
data/raw_acquired/bangladeshi_vegetables/onion/bangladeshi_veg_IMG_20241101_135327.jpg,onion,Onion,data/raw_acquired/bangladeshi_vegetables/onion/bangladeshi_veg_IMG_20241101_135245.jpg,bangladeshi_vegetables,https://data.mendeley.com/datasets/b9rvg4f2st/4,CC BY 4.0,bangladeshi_veg_IMG_20241101_135327.jpg,False
data/raw_acquired/bangladeshi_vegetables/onion/bangladeshi_veg_IMG_20241101_135336.jpg,onion,Onion,data/raw_acquired/bangladeshi_vegetables/onion/bangladeshi_veg_IMG_20241101_135245.jpg,bangladeshi_vegetables,https://data.mendeley.com/datasets/b9rvg4f2st/4,CC BY 4.0,bangladeshi_veg_IMG_20241101_135336.jpg,False
data/raw_acquired/bangladeshi_vegetables/onion/bangladeshi_veg_IMG_20241101_135349.jpg,onion,Onion,data/raw_acquired/bangladeshi_vegetables/onion/bangladeshi_veg_IMG_20241101_135245.jpg,bangladeshi_vegetables,https://data.mendeley.com/datasets/b9rvg4f2st/4,CC BY 4.0,bangladeshi_veg_IMG_20241101_135349.jpg,False
data/raw_acquired/bangladeshi_vegetables/onion/bangladeshi_veg_IMG_20241101_135402.jpg,onion,Onion,data/raw_acquired/bangladeshi_vegetables/onion/bangladeshi_veg_IMG_20241101_135402.jpg,bangladeshi_vegetables,https://data.mendeley.com/datasets/b9rvg4f2st/4,CC BY 4.0,bangladeshi_veg_IMG_20241101_135402.jpg,False
data/raw_acquired/bangladeshi_vegetables/onion/bangladeshi_veg_IMG_20241101_135414.jpg,onion,Onion,data/raw_acquired/bangladeshi_vegetables/onion/bangladeshi_veg_IMG_20241101_135245.jpg,bangladeshi_vegetables,https://data.mendeley.com/datasets/b9rvg4f2st/4,CC BY 4.0,bangladeshi_veg_IMG_20241101_135414.jpg,False
data/raw_acquired/bangladeshi_vegetables/onion/bangladeshi_veg_IMG_20241101_135423.jpg,onion,Onion,data/raw_acquired/bangladeshi_vegetables/onion/bangladeshi_veg_IMG_20241101_135245.jpg,bangladeshi_vegetables,https://data.mendeley.com/datasets/b9rvg4f2st/4,CC BY 4.0,bangladeshi_veg_IMG_20241101_135423.jpg,False
data/raw_acquired/bangladeshi_vegetables/onion/bangladeshi_veg_IMG_20241101_135434.jpg,onion,Onion,data/raw_acquired/bangladeshi_vegetables/onion/bangladeshi_veg_IMG_20241101_135245.jpg,bangladeshi_vegetables,https://data.mendeley.com/datasets/b9rvg4f2st/4,CC BY 4.0,bangladeshi_veg_IMG_20241101_135434.jpg,False
data/raw_acquired/bangladeshi_vegetables/onion/bangladeshi_veg_IMG_20241101_135442.jpg,onion,Onion,data/raw_acquired/bangladeshi_vegetables/onion/bangladeshi_veg_IMG_20241101_135245.jpg,bangladeshi_vegetables,https://data.mendeley.com/datasets/b9rvg4f2st/4,CC BY 4.0,bangladeshi_veg_IMG_20241101_135442.jpg,False
data/raw_acquired/bangladeshi_vegetables/onion/bangladeshi_veg_IMG_20241101_135504.jpg,onion,Onion,data/raw_acquired/bangladeshi_vegetables/onion/bangladeshi_veg_IMG_20241101_135504.jpg,bangladeshi_vegetables,https://data.mendeley.com/datasets/b9rvg4f2st/4,CC BY 4.0,bangladeshi_veg_IMG_20241101_135504.jpg,False
data/raw_acquired/bangladeshi_vegetables/onion/bangladeshi_veg_IMG_20241101_135532.jpg,onion,Onion,data/raw_acquired/bangladeshi_vegetables/onion/bangladeshi_veg_IMG_20241101_135245.jpg,bangladeshi_vegetables,https://data.mendeley.com/datasets/b9rvg4f2st/4,CC BY 4.0,bangladeshi_veg_IMG_20241101_135532.jpg,False
data/raw_acquired/bangladeshi_vegetables/onion/bangladeshi_veg_IMG_20241101_135539.jpg,onion,Onion,data/raw_acquired/bangladeshi_vegetables/onion/bangladeshi_veg_IMG_20241101_135245.jpg,bangladeshi_vegetables,https://data.mendeley.com/datasets/b9rvg4f2st/4,CC BY 4.0,bangladeshi_veg_IMG_20241101_135539.jpg,False
data/raw_acquired/bangladeshi_vegetables/onion/bangladeshi_veg_IMG_20241101_135547.jpg,onion,Onion,data/raw_acquired/bangladeshi_vegetables/onion/bangladeshi_veg_IMG_20241101_135245.jpg,bangladeshi_vegetables,https://data.mendeley.com/datasets/b9rvg4f2st/4,CC BY 4.0,bangladeshi_veg_IMG_20241101_135547.jpg,False
data/raw_acquired/bangladeshi_vegetables/onion/bangladeshi_veg_IMG_20241101_135554.jpg,onion,Onion,data/raw_acquired/bangladeshi_vegetables/onion/bangladeshi_veg_IMG_20241101_135245.jpg,bangladeshi_vegetables,https://data.mendeley.com/datasets/b9rvg4f2st/4,CC BY 4.0,bangladeshi_veg_IMG_20241101_135554.jpg,False
data/raw_acquired/bangladeshi_vegetables/onion/bangladeshi_veg_IMG_20241101_135601.jpg,onion,Onion,data/raw_acquired/bangladeshi_vegetables/onion/bangladeshi_veg_IMG_20241101_135245.jpg,bangladeshi_vegetables,https://data.mendeley.com/datasets/b9rvg4f2st/4,CC BY 4.0,bangladeshi_veg_IMG_20241101_135601.jpg,False
data/raw_acquired/bangladeshi_vegetables/onion/bangladeshi_veg_IMG_20241101_135607.jpg,onion,Onion,data/raw_acquired/bangladeshi_vegetables/onion/bangladeshi_veg_IMG_20241101_135245.jpg,bangladeshi_vegetables,https://data.mendeley.com/datasets/b9rvg4f2st/4,CC BY 4.0,bangladeshi_veg_IMG_20241101_135607.jpg,False
data/raw_acquired/bangladeshi_vegetables/onion/bangladeshi_veg_IMG_20241101_135613.jpg,onion,Onion,data/raw_acquired/bangladeshi_vegetables/onion/bangladeshi_veg_IMG_20241101_135245.jpg,bangladeshi_vegetables,https://data.mendeley.com/datasets/b9rvg4f2st/4,CC BY 4.0,bangladeshi_veg_IMG_20241101_135613.jpg,False
data/raw_acquired/bangladeshi_vegetables/onion/bangladeshi_veg_IMG_20241101_135622.jpg,onion,Onion,data/raw_acquired/bangladeshi_vegetables/onion/bangladeshi_veg_IMG_20241101_135245.jpg,bangladeshi_vegetables,https://data.mendeley.com/datasets/b9rvg4f2st/4,CC BY 4.0,bangladeshi_veg_IMG_20241101_135622.jpg,False
data/raw_acquired/bangladeshi_vegetables/onion/bangladeshi_veg_IMG_20241101_135629.jpg,onion,Onion,data/raw_acquired/bangladeshi_vegetables/onion/bangladeshi_veg_IMG_20241101_135245.jpg,bangladeshi_vegetables,https://data.mendeley.com/datasets/b9rvg4f2st/4,CC BY 4.0,bangladeshi_veg_IMG_20241101_135629.jpg,False
data/raw_acquired/bangladeshi_vegetables/onion/bangladeshi_veg_IMG_20241101_135637.jpg,onion,Onion,data/raw_acquired/bangladeshi_vegetables/onion/bangladeshi_veg_IMG_20241101_135245.jpg,bangladeshi_vegetables,https://data.mendeley.com/datasets/b9rvg4f2st/4,CC BY 4.0,bangladeshi_veg_IMG_20241101_135637.jpg,False
data/raw_acquired/bangladeshi_vegetables/onion/bangladeshi_veg_IMG_20241101_135648.jpg,onion,Onion,data/raw_acquired/bangladeshi_vegetables/onion/bangladeshi_veg_IMG_20241101_135245.jpg,bangladeshi_vegetables,https://data.mendeley.com/datasets/b9rvg4f2st/4,CC BY 4.0,bangladeshi_veg_IMG_20241101_135648.jpg,False
data/raw_acquired/bangladeshi_vegetables/onion/bangladeshi_veg_IMG_20241101_135655.jpg,onion,Onion,data/raw_acquired/bangladeshi_vegetables/onion/bangladeshi_veg_IMG_20241101_135245.jpg,bangladeshi_vegetables,https://data.mendeley.com/datasets/b9rvg4f2st/4,CC BY 4.0,bangladeshi_veg_IMG_20241101_135655.jpg,False
data/raw_acquired/bangladeshi_vegetables/onion/bangladeshi_veg_IMG_20241101_135701.jpg,onion,Onion,data/raw_acquired/bangladeshi_vegetables/onion/bangladeshi_veg_IMG_20241101_135245.jpg,bangladeshi_vegetables,https://data.mendeley.com/datasets/b9rvg4f2st/4,CC BY 4.0,bangladeshi_veg_IMG_20241101_135701.jpg,False
data/raw_acquired/bangladeshi_vegetables/onion/bangladeshi_veg_IMG_20241101_135711.jpg,onion,Onion,data/raw_acquired/bangladeshi_vegetables/onion/bangladeshi_veg_IMG_20241101_135245.jpg,bangladeshi_vegetables,https://data.mendeley.com/datasets/b9rvg4f2st/4,CC BY 4.0,bangladeshi_veg_IMG_20241101_135711.jpg,False
data/raw_acquired/bangladeshi_vegetables/onion/bangladeshi_veg_IMG_20241101_135717.jpg,onion,Onion,data/raw_acquired/bangladeshi_vegetables/onion/bangladeshi_veg_IMG_20241101_135245.jpg,bangladeshi_vegetables,https://data.mendeley.com/datasets/b9rvg4f2st/4,CC BY 4.0,bangladeshi_veg_IMG_20241101_135717.jpg,False
data/raw_acquired/bangladeshi_vegetables/onion/bangladeshi_veg_IMG_20241101_135722.jpg,onion,Onion,data/raw_acquired/bangladeshi_vegetables/onion/bangladeshi_veg_IMG_20241101_135245.jpg,bangladeshi_vegetables,https://data.mendeley.com/datasets/b9rvg4f2st/4,CC BY 4.0,bangladeshi_veg_IMG_20241101_135722.jpg,False
data/raw_acquired/bangladeshi_vegetables/onion/bangladeshi_veg_IMG_20241101_135731.jpg,onion,Onion,data/raw_acquired/bangladeshi_vegetables/onion/bangladeshi_veg_IMG_20241101_135245.jpg,bangladeshi_vegetables,https://data.mendeley.com/datasets/b9rvg4f2st/4,CC BY 4.0,bangladeshi_veg_IMG_20241101_135731.jpg,False
data/raw_acquired/bangladeshi_vegetables/onion/bangladeshi_veg_IMG_20241101_135736.jpg,onion,Onion,data/raw_acquired/bangladeshi_vegetables/onion/bangladeshi_veg_IMG_20241101_135245.jpg,bangladeshi_vegetables,https://data.mendeley.com/datasets/b9rvg4f2st/4,CC BY 4.0,bangladeshi_veg_IMG_20241101_135736.jpg,False
data/raw_acquired/bangladeshi_vegetables/onion/bangladeshi_veg_IMG_20241101_135743.jpg,onion,Onion,data/raw_acquired/bangladeshi_vegetables/onion/bangladeshi_veg_IMG_20241101_135245.jpg,bangladeshi_vegetables,https://data.mendeley.com/datasets/b9rvg4f2st/4,CC BY 4.0,bangladeshi_veg_IMG_20241101_135743.jpg,False
data/raw_acquired/bangladeshi_vegetables/onion/bangladeshi_veg_IMG_20241101_135748.jpg,onion,Onion,data/raw_acquired/bangladeshi_vegetables/onion/bangladeshi_veg_IMG_20241101_135245.jpg,bangladeshi_vegetables,https://data.mendeley.com/datasets/b9rvg4f2st/4,CC BY 4.0,bangladeshi_veg_IMG_20241101_135748.jpg,False
data/raw_acquired/bangladeshi_vegetables/onion/bangladeshi_veg_IMG_20241101_135752.jpg,onion,Onion,data/raw_acquired/bangladeshi_vegetables/onion/bangladeshi_veg_IMG_20241101_135245.jpg,bangladeshi_vegetables,https://data.mendeley.com/datasets/b9rvg4f2st/4,CC BY 4.0,bangladeshi_veg_IMG_20241101_135752.jpg,False
data/raw_acquired/bangladeshi_vegetables/onion/bangladeshi_veg_IMG_20241101_135758.jpg,onion,Onion,data/raw_acquired/bangladeshi_vegetables/onion/bangladeshi_veg_IMG_20241101_135245.jpg,bangladeshi_vegetables,https://data.mendeley.com/datasets/b9rvg4f2st/4,CC BY 4.0,bangladeshi_veg_IMG_20241101_135758.jpg,False
data/raw_acquired/bangladeshi_vegetables/onion/bangladeshi_veg_IMG_20241101_190646.jpg,onion,Onion,data/raw_acquired/bangladeshi_vegetables/onion/bangladeshi_veg_IMG_20241101_190646.jpg,bangladeshi_vegetables,https://data.mendeley.com/datasets/b9rvg4f2st/4,CC BY 4.0,bangladeshi_veg_IMG_20241101_190646.jpg,False
data/raw_acquired/bangladeshi_vegetables/onion/bangladeshi_veg_IMG_20241101_190702.jpg,onion,Onion,data/raw_acquired/bangladeshi_vegetables/onion/bangladeshi_veg_IMG_20241101_190646.jpg,bangladeshi_vegetables,https://data.mendeley.com/datasets/b9rvg4f2st/4,CC BY 4.0,bangladeshi_veg_IMG_20241101_190702.jpg,False
data/raw_acquired/bangladeshi_vegetables/onion/bangladeshi_veg_IMG_20241101_190714.jpg,onion,Onion,data/raw_acquired/bangladeshi_vegetables/onion/bangladeshi_veg_IMG_20241101_190646.jpg,bangladeshi_vegetables,https://data.mendeley.com/datasets/b9rvg4f2st/4,CC BY 4.0,bangladeshi_veg_IMG_20241101_190714.jpg,False
data/raw_acquired/bangladeshi_vegetables/onion/bangladeshi_veg_IMG_20241101_190723.jpg,onion,Onion,data/raw_acquired/bangladeshi_vegetables/onion/bangladeshi_veg_IMG_20241101_190646.jpg,bangladeshi_vegetables,https://data.mendeley.com/datasets/b9rvg4f2st/4,CC BY 4.0,bangladeshi_veg_IMG_20241101_190723.jpg,False
data/raw_acquired/bangladeshi_vegetables/onion/bangladeshi_veg_IMG_20241101_190743.jpg,onion,Onion,data/raw_acquired/bangladeshi_vegetables/onion/bangladeshi_veg_IMG_20241101_190646.jpg,bangladeshi_vegetables,https://data.mendeley.com/datasets/b9rvg4f2st/4,CC BY 4.0,bangladeshi_veg_IMG_20241101_190743.jpg,False
data/raw_acquired/bangladeshi_vegetables/onion/bangladeshi_veg_IMG_20241101_190753.jpg,onion,Onion,data/raw_acquired/bangladeshi_vegetables/onion/bangladeshi_veg_IMG_20241101_190646.jpg,bangladeshi_vegetables,https://data.mendeley.com/datasets/b9rvg4f2st/4,CC BY 4.0,bangladeshi_veg_IMG_20241101_190753.jpg,False
data/raw_acquired/bangladeshi_vegetables/onion/bangladeshi_veg_IMG_20241101_190809.jpg,onion,Onion,data/raw_acquired/bangladeshi_vegetables/onion/bangladeshi_veg_IMG_20241101_190646.jpg,bangladeshi_vegetables,https://data.mendeley.com/datasets/b9rvg4f2st/4,CC BY 4.0,bangladeshi_veg_IMG_20241101_190809.jpg,False
data/raw_acquired/bangladeshi_vegetables/onion/bangladeshi_veg_IMG_20241101_190823.jpg,onion,Onion,data/raw_acquired/bangladeshi_vegetables/onion/bangladeshi_veg_IMG_20241101_190646.jpg,bangladeshi_vegetables,https://data.mendeley.com/datasets/b9rvg4f2st/4,CC BY 4.0,bangladeshi_veg_IMG_20241101_190823.jpg,False
data/raw_acquired/bangladeshi_vegetables/onion/bangladeshi_veg_IMG_20241101_190834.jpg,onion,Onion,data/raw_acquired/bangladeshi_vegetables/onion/bangladeshi_veg_IMG_20241101_190646.jpg,bangladeshi_vegetables,https://data.mendeley.com/datasets/b9rvg4f2st/4,CC BY 4.0,bangladeshi_veg_IMG_20241101_190834.jpg,False
data/raw_acquired/bangladeshi_vegetables/onion/bangladeshi_veg_IMG_20241101_190844.jpg,onion,Onion,data/raw_acquired/bangladeshi_vegetables/onion/bangladeshi_veg_IMG_20241101_190646.jpg,bangladeshi_vegetables,https://data.mendeley.com/datasets/b9rvg4f2st/4,CC BY 4.0,bangladeshi_veg_IMG_20241101_190844.jpg,False
data/raw_acquired/bangladeshi_vegetables/onion/bangladeshi_veg_IMG_20241101_190854.jpg,onion,Onion,data/raw_acquired/bangladeshi_vegetables/onion/bangladeshi_veg_IMG_20241101_190646.jpg,bangladeshi_vegetables,https://data.mendeley.com/datasets/b9rvg4f2st/4,CC BY 4.0,bangladeshi_veg_IMG_20241101_190854.jpg,False
data/raw_acquired/bangladeshi_vegetables/onion/bangladeshi_veg_IMG_20241101_190956.jpg,onion,Onion,data/raw_acquired/bangladeshi_vegetables/onion/bangladeshi_veg_IMG_20241101_190646.jpg,bangladeshi_vegetables,https://data.mendeley.com/datasets/b9rvg4f2st/4,CC BY 4.0,bangladeshi_veg_IMG_20241101_190956.jpg,False
data/raw_acquired/bangladeshi_vegetables/onion/bangladeshi_veg_IMG_20241101_191007.jpg,onion,Onion,data/raw_acquired/bangladeshi_vegetables/onion/bangladeshi_veg_IMG_20241101_190646.jpg,bangladeshi_vegetables,https://data.mendeley.com/datasets/b9rvg4f2st/4,CC BY 4.0,bangladeshi_veg_IMG_20241101_191007.jpg,False
data/raw_acquired/bangladeshi_vegetables/onion/bangladeshi_veg_IMG_20241101_191017.jpg,onion,Onion,data/raw_acquired/bangladeshi_vegetables/onion/bangladeshi_veg_IMG_20241101_190646.jpg,bangladeshi_vegetables,https://data.mendeley.com/datasets/b9rvg4f2st/4,CC BY 4.0,bangladeshi_veg_IMG_20241101_191017.jpg,False
data/raw_acquired/bangladeshi_vegetables/onion/bangladeshi_veg_IMG_20241101_191024.jpg,onion,Onion,data/raw_acquired/bangladeshi_vegetables/onion/bangladeshi_veg_IMG_20241101_190646.jpg,bangladeshi_vegetables,https://data.mendeley.com/datasets/b9rvg4f2st/4,CC BY 4.0,bangladeshi_veg_IMG_20241101_191024.jpg,False
data/raw_acquired/bangladeshi_vegetables/onion/bangladeshi_veg_IMG_20241101_191034.jpg,onion,Onion,data/raw_acquired/bangladeshi_vegetables/onion/bangladeshi_veg_IMG_20241101_190646.jpg,bangladeshi_vegetables,https://data.mendeley.com/datasets/b9rvg4f2st/4,CC BY 4.0,bangladeshi_veg_IMG_20241101_191034.jpg,False
data/raw_acquired/bangladeshi_vegetables/onion/bangladeshi_veg_IMG_20241101_191044.jpg,onion,Onion,data/raw_acquired/bangladeshi_vegetables/onion/bangladeshi_veg_IMG_20241101_190646.jpg,bangladeshi_vegetables,https://data.mendeley.com/datasets/b9rvg4f2st/4,CC BY 4.0,bangladeshi_veg_IMG_20241101_191044.jpg,False
data/raw_acquired/bangladeshi_vegetables/onion/bangladeshi_veg_IMG_20241101_191129.jpg,onion,Onion,data/raw_acquired/bangladeshi_vegetables/onion/bangladeshi_veg_IMG_20241101_190646.jpg,bangladeshi_vegetables,https://data.mendeley.com/datasets/b9rvg4f2st/4,CC BY 4.0,bangladeshi_veg_IMG_20241101_191129.jpg,False
data/raw_acquired/bangladeshi_vegetables/onion/bangladeshi_veg_IMG_20241101_191134.jpg,onion,Onion,data/raw_acquired/bangladeshi_vegetables/onion/bangladeshi_veg_IMG_20241101_190646.jpg,bangladeshi_vegetables,https://data.mendeley.com/datasets/b9rvg4f2st/4,CC BY 4.0,bangladeshi_veg_IMG_20241101_191134.jpg,False
data/raw_acquired/bangladeshi_vegetables/onion/bangladeshi_veg_IMG_20241101_191150.jpg,onion,Onion,data/raw_acquired/bangladeshi_vegetables/onion/bangladeshi_veg_IMG_20241101_190646.jpg,bangladeshi_vegetables,https://data.mendeley.com/datasets/b9rvg4f2st/4,CC BY 4.0,bangladeshi_veg_IMG_20241101_191150.jpg,False
data/raw_acquired/bangladeshi_vegetables/onion/bangladeshi_veg_IMG_20241101_191158.jpg,onion,Onion,data/raw_acquired/bangladeshi_vegetables/onion/bangladeshi_veg_IMG_20241101_190646.jpg,bangladeshi_vegetables,https://data.mendeley.com/datasets/b9rvg4f2st/4,CC BY 4.0,bangladeshi_veg_IMG_20241101_191158.jpg,False
data/raw_acquired/bangladeshi_vegetables/onion/bangladeshi_veg_IMG_20241101_191213.jpg,onion,Onion,data/raw_acquired/bangladeshi_vegetables/onion/bangladeshi_veg_IMG_20241101_190646.jpg,bangladeshi_vegetables,https://data.mendeley.com/datasets/b9rvg4f2st/4,CC BY 4.0,bangladeshi_veg_IMG_20241101_191213.jpg,False
data/raw_acquired/bangladeshi_vegetables/onion/bangladeshi_veg_IMG_20241101_191220.jpg,onion,Onion,data/raw_acquired/bangladeshi_vegetables/onion/bangladeshi_veg_IMG_20241101_190646.jpg,bangladeshi_vegetables,https://data.mendeley.com/datasets/b9rvg4f2st/4,CC BY 4.0,bangladeshi_veg_IMG_20241101_191220.jpg,False
data/raw_acquired/bangladeshi_vegetables/onion/bangladeshi_veg_IMG_20241101_191249.jpg,onion,Onion,data/raw_acquired/bangladeshi_vegetables/onion/bangladeshi_veg_IMG_20241101_190646.jpg,bangladeshi_vegetables,https://data.mendeley.com/datasets/b9rvg4f2st/4,CC BY 4.0,bangladeshi_veg_IMG_20241101_191249.jpg,False
data/raw_acquired/bangladeshi_vegetables/onion/bangladeshi_veg_IMG_20241101_191255.jpg,onion,Onion,data/raw_acquired/bangladeshi_vegetables/onion/bangladeshi_veg_IMG_20241101_190646.jpg,bangladeshi_vegetables,https://data.mendeley.com/datasets/b9rvg4f2st/4,CC BY 4.0,bangladeshi_veg_IMG_20241101_191255.jpg,False
data/raw_acquired/bangladeshi_vegetables/onion/bangladeshi_veg_IMG_20241101_191305.jpg,onion,Onion,data/raw_acquired/bangladeshi_vegetables/onion/bangladeshi_veg_IMG_20241101_190646.jpg,bangladeshi_vegetables,https://data.mendeley.com/datasets/b9rvg4f2st/4,CC BY 4.0,bangladeshi_veg_IMG_20241101_191305.jpg,False
data/raw_acquired/bangladeshi_vegetables/onion/bangladeshi_veg_IMG_20241101_191313.jpg,onion,Onion,data/raw_acquired/bangladeshi_vegetables/onion/bangladeshi_veg_IMG_20241101_190646.jpg,bangladeshi_vegetables,https://data.mendeley.com/datasets/b9rvg4f2st/4,CC BY 4.0,bangladeshi_veg_IMG_20241101_191313.jpg,False
data/raw_acquired/bangladeshi_vegetables/onion/bangladeshi_veg_IMG_20241101_191451.jpg,onion,Onion,data/raw_acquired/bangladeshi_vegetables/onion/bangladeshi_veg_IMG_20241101_190646.jpg,bangladeshi_vegetables,https://data.mendeley.com/datasets/b9rvg4f2st/4,CC BY 4.0,bangladeshi_veg_IMG_20241101_191451.jpg,False
data/raw_acquired/bangladeshi_vegetables/onion/bangladeshi_veg_IMG_20241101_191602.jpg,onion,Onion,data/raw_acquired/bangladeshi_vegetables/onion/bangladeshi_veg_IMG_20241101_190646.jpg,bangladeshi_vegetables,https://data.mendeley.com/datasets/b9rvg4f2st/4,CC BY 4.0,bangladeshi_veg_IMG_20241101_191602.jpg,False
data/raw_acquired/bangladeshi_vegetables/onion/bangladeshi_veg_IMG_20241101_191704.jpg,onion,Onion,data/raw_acquired/bangladeshi_vegetables/onion/bangladeshi_veg_IMG_20241101_190646.jpg,bangladeshi_vegetables,https://data.mendeley.com/datasets/b9rvg4f2st/4,CC BY 4.0,bangladeshi_veg_IMG_20241101_191704.jpg,False
data/raw_acquired/bangladeshi_vegetables/onion/bangladeshi_veg_IMG_20241101_191917.jpg,onion,Onion,data/raw_acquired/bangladeshi_vegetables/onion/bangladeshi_veg_IMG_20241101_190646.jpg,bangladeshi_vegetables,https://data.mendeley.com/datasets/b9rvg4f2st/4,CC BY 4.0,bangladeshi_veg_IMG_20241101_191917.jpg,False
data/raw_acquired/bangladeshi_vegetables/onion/bangladeshi_veg_IMG_20241101_191934.jpg,onion,Onion,data/raw_acquired/bangladeshi_vegetables/onion/bangladeshi_veg_IMG_20241101_190646.jpg,bangladeshi_vegetables,https://data.mendeley.com/datasets/b9rvg4f2st/4,CC BY 4.0,bangladeshi_veg_IMG_20241101_191934.jpg,False
data/raw_acquired/bangladeshi_vegetables/onion/bangladeshi_veg_IMG_20241101_191947.jpg,onion,Onion,data/raw_acquired/bangladeshi_vegetables/onion/bangladeshi_veg_IMG_20241101_190646.jpg,bangladeshi_vegetables,https://data.mendeley.com/datasets/b9rvg4f2st/4,CC BY 4.0,bangladeshi_veg_IMG_20241101_191947.jpg,False
data/raw_acquired/bangladeshi_vegetables/onion/bangladeshi_veg_IMG_20241101_192029.jpg,onion,Onion,data/raw_acquired/bangladeshi_vegetables/onion/bangladeshi_veg_IMG_20241101_190646.jpg,bangladeshi_vegetables,https://data.mendeley.com/datasets/b9rvg4f2st/4,CC BY 4.0,bangladeshi_veg_IMG_20241101_192029.jpg,False
data/raw_acquired/bangladeshi_vegetables/onion/bangladeshi_veg_IMG_20241101_192046.jpg,onion,Onion,data/raw_acquired/bangladeshi_vegetables/onion/bangladeshi_veg_IMG_20241101_190646.jpg,bangladeshi_vegetables,https://data.mendeley.com/datasets/b9rvg4f2st/4,CC BY 4.0,bangladeshi_veg_IMG_20241101_192046.jpg,False
data/raw_acquired/bangladeshi_vegetables/onion/bangladeshi_veg_IMG_20241101_192058.jpg,onion,Onion,data/raw_acquired/bangladeshi_vegetables/onion/bangladeshi_veg_IMG_20241101_190646.jpg,bangladeshi_vegetables,https://data.mendeley.com/datasets/b9rvg4f2st/4,CC BY 4.0,bangladeshi_veg_IMG_20241101_192058.jpg,False
data/raw_acquired/bangladeshi_vegetables/onion/bangladeshi_veg_IMG_20241101_192128.jpg,onion,Onion,data/raw_acquired/bangladeshi_vegetables/onion/bangladeshi_veg_IMG_20241101_190646.jpg,bangladeshi_vegetables,https://data.mendeley.com/datasets/b9rvg4f2st/4,CC BY 4.0,bangladeshi_veg_IMG_20241101_192128.jpg,False
data/raw_acquired/bangladeshi_vegetables/onion/bangladeshi_veg_IMG_20241101_192141.jpg,onion,Onion,data/raw_acquired/bangladeshi_vegetables/onion/bangladeshi_veg_IMG_20241101_190646.jpg,bangladeshi_vegetables,https://data.mendeley.com/datasets/b9rvg4f2st/4,CC BY 4.0,bangladeshi_veg_IMG_20241101_192141.jpg,False
data/raw_acquired/bangladeshi_vegetables/onion/bangladeshi_veg_IMG_20241101_192210.jpg,onion,Onion,data/raw_acquired/bangladeshi_vegetables/onion/bangladeshi_veg_IMG_20241101_190646.jpg,bangladeshi_vegetables,https://data.mendeley.com/datasets/b9rvg4f2st/4,CC BY 4.0,bangladeshi_veg_IMG_20241101_192210.jpg,False
data/raw_acquired/bangladeshi_vegetables/onion/bangladeshi_veg_IMG_20241101_192218.jpg,onion,Onion,data/raw_acquired/bangladeshi_vegetables/onion/bangladeshi_veg_IMG_20241101_190646.jpg,bangladeshi_vegetables,https://data.mendeley.com/datasets/b9rvg4f2st/4,CC BY 4.0,bangladeshi_veg_IMG_20241101_192218.jpg,False
data/raw_acquired/bangladeshi_vegetables/onion/bangladeshi_veg_IMG_20241101_192232.jpg,onion,Onion,data/raw_acquired/bangladeshi_vegetables/onion/bangladeshi_veg_IMG_20241101_190646.jpg,bangladeshi_vegetables,https://data.mendeley.com/datasets/b9rvg4f2st/4,CC BY 4.0,bangladeshi_veg_IMG_20241101_192232.jpg,False
data/raw_acquired/bangladeshi_vegetables/onion/bangladeshi_veg_IMG_20241101_192256.jpg,onion,Onion,data/raw_acquired/bangladeshi_vegetables/onion/bangladeshi_veg_IMG_20241101_190646.jpg,bangladeshi_vegetables,https://data.mendeley.com/datasets/b9rvg4f2st/4,CC BY 4.0,bangladeshi_veg_IMG_20241101_192256.jpg,False
data/raw_acquired/bangladeshi_vegetables/onion/bangladeshi_veg_IMG_20241101_192308.jpg,onion,Onion,data/raw_acquired/bangladeshi_vegetables/onion/bangladeshi_veg_IMG_20241101_190646.jpg,bangladeshi_vegetables,https://data.mendeley.com/datasets/b9rvg4f2st/4,CC BY 4.0,bangladeshi_veg_IMG_20241101_192308.jpg,False
data/raw_acquired/bangladeshi_vegetables/onion/bangladeshi_veg_IMG_20241101_192315.jpg,onion,Onion,data/raw_acquired/bangladeshi_vegetables/onion/bangladeshi_veg_IMG_20241101_190646.jpg,bangladeshi_vegetables,https://data.mendeley.com/datasets/b9rvg4f2st/4,CC BY 4.0,bangladeshi_veg_IMG_20241101_192315.jpg,False
data/raw_acquired/bangladeshi_vegetables/onion/bangladeshi_veg_IMG_20241101_192323.jpg,onion,Onion,data/raw_acquired/bangladeshi_vegetables/onion/bangladeshi_veg_IMG_20241101_190646.jpg,bangladeshi_vegetables,https://data.mendeley.com/datasets/b9rvg4f2st/4,CC BY 4.0,bangladeshi_veg_IMG_20241101_192323.jpg,False
data/raw_acquired/bangladeshi_vegetables/onion/bangladeshi_veg_IMG_20241101_192335.jpg,onion,Onion,data/raw_acquired/bangladeshi_vegetables/onion/bangladeshi_veg_IMG_20241101_190646.jpg,bangladeshi_vegetables,https://data.mendeley.com/datasets/b9rvg4f2st/4,CC BY 4.0,bangladeshi_veg_IMG_20241101_192335.jpg,False
data/raw_acquired/bangladeshi_vegetables/onion/bangladeshi_veg_IMG_20241101_192350.jpg,onion,Onion,data/raw_acquired/bangladeshi_vegetables/onion/bangladeshi_veg_IMG_20241101_190646.jpg,bangladeshi_vegetables,https://data.mendeley.com/datasets/b9rvg4f2st/4,CC BY 4.0,bangladeshi_veg_IMG_20241101_192350.jpg,False
data/raw_acquired/bangladeshi_vegetables/onion/bangladeshi_veg_IMG_20241101_192402.jpg,onion,Onion,data/raw_acquired/bangladeshi_vegetables/onion/bangladeshi_veg_IMG_20241101_190646.jpg,bangladeshi_vegetables,https://data.mendeley.com/datasets/b9rvg4f2st/4,CC BY 4.0,bangladeshi_veg_IMG_20241101_192402.jpg,False
data/raw_acquired/bangladeshi_vegetables/onion/bangladeshi_veg_IMG_20241101_192414.jpg,onion,Onion,data/raw_acquired/bangladeshi_vegetables/onion/bangladeshi_veg_IMG_20241101_190646.jpg,bangladeshi_vegetables,https://data.mendeley.com/datasets/b9rvg4f2st/4,CC BY 4.0,bangladeshi_veg_IMG_20241101_192414.jpg,False
data/raw_acquired/bangladeshi_vegetables/onion/bangladeshi_veg_IMG_20241101_192420.jpg,onion,Onion,data/raw_acquired/bangladeshi_vegetables/onion/bangladeshi_veg_IMG_20241101_190646.jpg,bangladeshi_vegetables,https://data.mendeley.com/datasets/b9rvg4f2st/4,CC BY 4.0,bangladeshi_veg_IMG_20241101_192420.jpg,False
data/raw_acquired/bangladeshi_vegetables/onion/bangladeshi_veg_IMG_20241101_192430.jpg,onion,Onion,data/raw_acquired/bangladeshi_vegetables/onion/bangladeshi_veg_IMG_20241101_190646.jpg,bangladeshi_vegetables,https://data.mendeley.com/datasets/b9rvg4f2st/4,CC BY 4.0,bangladeshi_veg_IMG_20241101_192430.jpg,False
data/raw_acquired/bangladeshi_vegetables/onion/bangladeshi_veg_IMG_20241101_192444.jpg,onion,Onion,data/raw_acquired/bangladeshi_vegetables/onion/bangladeshi_veg_IMG_20241101_190646.jpg,bangladeshi_vegetables,https://data.mendeley.com/datasets/b9rvg4f2st/4,CC BY 4.0,bangladeshi_veg_IMG_20241101_192444.jpg,False
data/raw_acquired/bangladeshi_vegetables/onion/bangladeshi_veg_IMG_20241101_192454.jpg,onion,Onion,data/raw_acquired/bangladeshi_vegetables/onion/bangladeshi_veg_IMG_20241101_190646.jpg,bangladeshi_vegetables,https://data.mendeley.com/datasets/b9rvg4f2st/4,CC BY 4.0,bangladeshi_veg_IMG_20241101_192454.jpg,False
data/raw_acquired/bangladeshi_vegetables/onion/bangladeshi_veg_IMG_20241101_192512.jpg,onion,Onion,data/raw_acquired/bangladeshi_vegetables/onion/bangladeshi_veg_IMG_20241101_190646.jpg,bangladeshi_vegetables,https://data.mendeley.com/datasets/b9rvg4f2st/4,CC BY 4.0,bangladeshi_veg_IMG_20241101_192512.jpg,False
data/raw_acquired/bangladeshi_vegetables/onion/bangladeshi_veg_IMG_20241101_192527.jpg,onion,Onion,data/raw_acquired/bangladeshi_vegetables/onion/bangladeshi_veg_IMG_20241101_190646.jpg,bangladeshi_vegetables,https://data.mendeley.com/datasets/b9rvg4f2st/4,CC BY 4.0,bangladeshi_veg_IMG_20241101_192527.jpg,False
data/raw_acquired/bangladeshi_vegetables/onion/bangladeshi_veg_IMG_20241101_192533.jpg,onion,Onion,data/raw_acquired/bangladeshi_vegetables/onion/bangladeshi_veg_IMG_20241101_190646.jpg,bangladeshi_vegetables,https://data.mendeley.com/datasets/b9rvg4f2st/4,CC BY 4.0,bangladeshi_veg_IMG_20241101_192533.jpg,False
data/raw_acquired/bangladeshi_vegetables/onion/bangladeshi_veg_IMG_20241101_192549.jpg,onion,Onion,data/raw_acquired/bangladeshi_vegetables/onion/bangladeshi_veg_IMG_20241101_190646.jpg,bangladeshi_vegetables,https://data.mendeley.com/datasets/b9rvg4f2st/4,CC BY 4.0,bangladeshi_veg_IMG_20241101_192549.jpg,False
data/raw_acquired/bangladeshi_vegetables/onion/bangladeshi_veg_IMG_20241101_192557.jpg,onion,Onion,data/raw_acquired/bangladeshi_vegetables/onion/bangladeshi_veg_IMG_20241101_190646.jpg,bangladeshi_vegetables,https://data.mendeley.com/datasets/b9rvg4f2st/4,CC BY 4.0,bangladeshi_veg_IMG_20241101_192557.jpg,False
data/raw_acquired/bangladeshi_vegetables/onion/bangladeshi_veg_IMG_20241101_192610.jpg,onion,Onion,data/raw_acquired/bangladeshi_vegetables/onion/bangladeshi_veg_IMG_20241101_190646.jpg,bangladeshi_vegetables,https://data.mendeley.com/datasets/b9rvg4f2st/4,CC BY 4.0,bangladeshi_veg_IMG_20241101_192610.jpg,False
data/raw_acquired/bangladeshi_vegetables/onion/bangladeshi_veg_IMG_20241101_192620.jpg,onion,Onion,data/raw_acquired/bangladeshi_vegetables/onion/bangladeshi_veg_IMG_20241101_190646.jpg,bangladeshi_vegetables,https://data.mendeley.com/datasets/b9rvg4f2st/4,CC BY 4.0,bangladeshi_veg_IMG_20241101_192620.jpg,False
data/raw_acquired/bangladeshi_vegetables/onion/bangladeshi_veg_IMG_20241101_192631.jpg,onion,Onion,data/raw_acquired/bangladeshi_vegetables/onion/bangladeshi_veg_IMG_20241101_190646.jpg,bangladeshi_vegetables,https://data.mendeley.com/datasets/b9rvg4f2st/4,CC BY 4.0,bangladeshi_veg_IMG_20241101_192631.jpg,False
data/raw_acquired/bangladeshi_vegetables/onion/bangladeshi_veg_IMG_20241101_192638.jpg,onion,Onion,data/raw_acquired/bangladeshi_vegetables/onion/bangladeshi_veg_IMG_20241101_190646.jpg,bangladeshi_vegetables,https://data.mendeley.com/datasets/b9rvg4f2st/4,CC BY 4.0,bangladeshi_veg_IMG_20241101_192638.jpg,False
data/raw_acquired/bangladeshi_vegetables/onion/bangladeshi_veg_IMG_20241101_192651.jpg,onion,Onion,data/raw_acquired/bangladeshi_vegetables/onion/bangladeshi_veg_IMG_20241101_190646.jpg,bangladeshi_vegetables,https://data.mendeley.com/datasets/b9rvg4f2st/4,CC BY 4.0,bangladeshi_veg_IMG_20241101_192651.jpg,False
data/raw_acquired/bangladeshi_vegetables/onion/bangladeshi_veg_IMG_20241101_192700.jpg,onion,Onion,data/raw_acquired/bangladeshi_vegetables/onion/bangladeshi_veg_IMG_20241101_190646.jpg,bangladeshi_vegetables,https://data.mendeley.com/datasets/b9rvg4f2st/4,CC BY 4.0,bangladeshi_veg_IMG_20241101_192700.jpg,False
data/raw_acquired/bangladeshi_vegetables/onion/bangladeshi_veg_IMG_20241101_192708.jpg,onion,Onion,data/raw_acquired/bangladeshi_vegetables/onion/bangladeshi_veg_IMG_20241101_190646.jpg,bangladeshi_vegetables,https://data.mendeley.com/datasets/b9rvg4f2st/4,CC BY 4.0,bangladeshi_veg_IMG_20241101_192708.jpg,False
data/raw_acquired/bangladeshi_vegetables/onion/bangladeshi_veg_IMG_20241101_192714.jpg,onion,Onion,data/raw_acquired/bangladeshi_vegetables/onion/bangladeshi_veg_IMG_20241101_190646.jpg,bangladeshi_vegetables,https://data.mendeley.com/datasets/b9rvg4f2st/4,CC BY 4.0,bangladeshi_veg_IMG_20241101_192714.jpg,False
data/raw_acquired/bangladeshi_vegetables/onion/bangladeshi_veg_IMG_20241101_192726.jpg,onion,Onion,data/raw_acquired/bangladeshi_vegetables/onion/bangladeshi_veg_IMG_20241101_190646.jpg,bangladeshi_vegetables,https://data.mendeley.com/datasets/b9rvg4f2st/4,CC BY 4.0,bangladeshi_veg_IMG_20241101_192726.jpg,False
data/raw_acquired/bangladeshi_vegetables/onion/bangladeshi_veg_IMG_20241101_192732.jpg,onion,Onion,data/raw_acquired/bangladeshi_vegetables/onion/bangladeshi_veg_IMG_20241101_190646.jpg,bangladeshi_vegetables,https://data.mendeley.com/datasets/b9rvg4f2st/4,CC BY 4.0,bangladeshi_veg_IMG_20241101_192732.jpg,False
data/raw_acquired/bangladeshi_vegetables/onion/bangladeshi_veg_IMG_20241101_192740.jpg,onion,Onion,data/raw_acquired/bangladeshi_vegetables/onion/bangladeshi_veg_IMG_20241101_190646.jpg,bangladeshi_vegetables,https://data.mendeley.com/datasets/b9rvg4f2st/4,CC BY 4.0,bangladeshi_veg_IMG_20241101_192740.jpg,False
data/raw_acquired/bangladeshi_vegetables/onion/bangladeshi_veg_IMG_20241101_192747.jpg,onion,Onion,data/raw_acquired/bangladeshi_vegetables/onion/bangladeshi_veg_IMG_20241101_190646.jpg,bangladeshi_vegetables,https://data.mendeley.com/datasets/b9rvg4f2st/4,CC BY 4.0,bangladeshi_veg_IMG_20241101_192747.jpg,False
data/raw_acquired/bangladeshi_vegetables/onion/bangladeshi_veg_IMG_20241101_192802.jpg,onion,Onion,data/raw_acquired/bangladeshi_vegetables/onion/bangladeshi_veg_IMG_20241101_190646.jpg,bangladeshi_vegetables,https://data.mendeley.com/datasets/b9rvg4f2st/4,CC BY 4.0,bangladeshi_veg_IMG_20241101_192802.jpg,False
data/raw_acquired/bangladeshi_vegetables/onion/bangladeshi_veg_IMG_20241101_192812.jpg,onion,Onion,data/raw_acquired/bangladeshi_vegetables/onion/bangladeshi_veg_IMG_20241101_190646.jpg,bangladeshi_vegetables,https://data.mendeley.com/datasets/b9rvg4f2st/4,CC BY 4.0,bangladeshi_veg_IMG_20241101_192812.jpg,False
data/raw_acquired/bangladeshi_vegetables/onion/bangladeshi_veg_IMG_20241101_192822.jpg,onion,Onion,data/raw_acquired/bangladeshi_vegetables/onion/bangladeshi_veg_IMG_20241101_190646.jpg,bangladeshi_vegetables,https://data.mendeley.com/datasets/b9rvg4f2st/4,CC BY 4.0,bangladeshi_veg_IMG_20241101_192822.jpg,False
data/raw_acquired/bangladeshi_vegetables/onion/bangladeshi_veg_IMG_20241101_192832.jpg,onion,Onion,data/raw_acquired/bangladeshi_vegetables/onion/bangladeshi_veg_IMG_20241101_190646.jpg,bangladeshi_vegetables,https://data.mendeley.com/datasets/b9rvg4f2st/4,CC BY 4.0,bangladeshi_veg_IMG_20241101_192832.jpg,False
data/raw_acquired/bangladeshi_vegetables/onion/bangladeshi_veg_IMG_20241101_192848.jpg,onion,Onion,data/raw_acquired/bangladeshi_vegetables/onion/bangladeshi_veg_IMG_20241101_190646.jpg,bangladeshi_vegetables,https://data.mendeley.com/datasets/b9rvg4f2st/4,CC BY 4.0,bangladeshi_veg_IMG_20241101_192848.jpg,False
data/raw_acquired/bangladeshi_vegetables/onion/bangladeshi_veg_IMG_20241101_192852.jpg,onion,Onion,data/raw_acquired/bangladeshi_vegetables/onion/bangladeshi_veg_IMG_20241101_190646.jpg,bangladeshi_vegetables,https://data.mendeley.com/datasets/b9rvg4f2st/4,CC BY 4.0,bangladeshi_veg_IMG_20241101_192852.jpg,False
data/raw_acquired/bangladeshi_vegetables/onion/bangladeshi_veg_IMG_20241101_192900.jpg,onion,Onion,data/raw_acquired/bangladeshi_vegetables/onion/bangladeshi_veg_IMG_20241101_190646.jpg,bangladeshi_vegetables,https://data.mendeley.com/datasets/b9rvg4f2st/4,CC BY 4.0,bangladeshi_veg_IMG_20241101_192900.jpg,False
data/raw_acquired/bangladeshi_vegetables/onion/bangladeshi_veg_IMG_20241101_192906.jpg,onion,Onion,data/raw_acquired/bangladeshi_vegetables/onion/bangladeshi_veg_IMG_20241101_190646.jpg,bangladeshi_vegetables,https://data.mendeley.com/datasets/b9rvg4f2st/4,CC BY 4.0,bangladeshi_veg_IMG_20241101_192906.jpg,False
data/raw_acquired/bangladeshi_vegetables/onion/bangladeshi_veg_IMG_20241101_192916.jpg,onion,Onion,data/raw_acquired/bangladeshi_vegetables/onion/bangladeshi_veg_IMG_20241101_190646.jpg,bangladeshi_vegetables,https://data.mendeley.com/datasets/b9rvg4f2st/4,CC BY 4.0,bangladeshi_veg_IMG_20241101_192916.jpg,False
data/raw_acquired/bangladeshi_vegetables/onion/bangladeshi_veg_IMG_20241101_192925.jpg,onion,Onion,data/raw_acquired/bangladeshi_vegetables/onion/bangladeshi_veg_IMG_20241101_190646.jpg,bangladeshi_vegetables,https://data.mendeley.com/datasets/b9rvg4f2st/4,CC BY 4.0,bangladeshi_veg_IMG_20241101_192925.jpg,False
data/raw_acquired/bangladeshi_vegetables/onion/bangladeshi_veg_IMG_20241101_193025.jpg,onion,Onion,data/raw_acquired/bangladeshi_vegetables/onion/bangladeshi_veg_IMG_20241101_190646.jpg,bangladeshi_vegetables,https://data.mendeley.com/datasets/b9rvg4f2st/4,CC BY 4.0,bangladeshi_veg_IMG_20241101_193025.jpg,False
data/raw_acquired/bangladeshi_vegetables/onion/bangladeshi_veg_IMG_20241101_193038.jpg,onion,Onion,data/raw_acquired/bangladeshi_vegetables/onion/bangladeshi_veg_IMG_20241101_190646.jpg,bangladeshi_vegetables,https://data.mendeley.com/datasets/b9rvg4f2st/4,CC BY 4.0,bangladeshi_veg_IMG_20241101_193038.jpg,False
data/raw_acquired/bangladeshi_vegetables/onion/bangladeshi_veg_IMG_20241101_193133.jpg,onion,Onion,data/raw_acquired/bangladeshi_vegetables/onion/bangladeshi_veg_IMG_20241101_190646.jpg,bangladeshi_vegetables,https://data.mendeley.com/datasets/b9rvg4f2st/4,CC BY 4.0,bangladeshi_veg_IMG_20241101_193133.jpg,False
data/raw_acquired/bangladeshi_vegetables/onion/bangladeshi_veg_IMG_20241101_193153.jpg,onion,Onion,data/raw_acquired/bangladeshi_vegetables/onion/bangladeshi_veg_IMG_20241101_190646.jpg,bangladeshi_vegetables,https://data.mendeley.com/datasets/b9rvg4f2st/4,CC BY 4.0,bangladeshi_veg_IMG_20241101_193153.jpg,False
data/raw_acquired/bangladeshi_vegetables/onion/bangladeshi_veg_IMG_20241101_193209.jpg,onion,Onion,data/raw_acquired/bangladeshi_vegetables/onion/bangladeshi_veg_IMG_20241101_190646.jpg,bangladeshi_vegetables,https://data.mendeley.com/datasets/b9rvg4f2st/4,CC BY 4.0,bangladeshi_veg_IMG_20241101_193209.jpg,False
data/raw_acquired/bangladeshi_vegetables/onion/bangladeshi_veg_IMG_20241101_193238.jpg,onion,Onion,data/raw_acquired/bangladeshi_vegetables/onion/bangladeshi_veg_IMG_20241101_190646.jpg,bangladeshi_vegetables,https://data.mendeley.com/datasets/b9rvg4f2st/4,CC BY 4.0,bangladeshi_veg_IMG_20241101_193238.jpg,False
data/raw_acquired/bangladeshi_vegetables/onion/bangladeshi_veg_IMG_20241101_193251.jpg,onion,Onion,data/raw_acquired/bangladeshi_vegetables/onion/bangladeshi_veg_IMG_20241101_190646.jpg,bangladeshi_vegetables,https://data.mendeley.com/datasets/b9rvg4f2st/4,CC BY 4.0,bangladeshi_veg_IMG_20241101_193251.jpg,False
data/raw_acquired/bangladeshi_vegetables/onion/bangladeshi_veg_IMG_20241101_193302.jpg,onion,Onion,data/raw_acquired/bangladeshi_vegetables/onion/bangladeshi_veg_IMG_20241101_190646.jpg,bangladeshi_vegetables,https://data.mendeley.com/datasets/b9rvg4f2st/4,CC BY 4.0,bangladeshi_veg_IMG_20241101_193302.jpg,False
data/raw_acquired/bangladeshi_vegetables/onion/bangladeshi_veg_IMG_20241101_193309.jpg,onion,Onion,data/raw_acquired/bangladeshi_vegetables/onion/bangladeshi_veg_IMG_20241101_190646.jpg,bangladeshi_vegetables,https://data.mendeley.com/datasets/b9rvg4f2st/4,CC BY 4.0,bangladeshi_veg_IMG_20241101_193309.jpg,False
data/raw_acquired/bangladeshi_vegetables/onion/bangladeshi_veg_IMG_20241101_193317.jpg,onion,Onion,data/raw_acquired/bangladeshi_vegetables/onion/bangladeshi_veg_IMG_20241101_190646.jpg,bangladeshi_vegetables,https://data.mendeley.com/datasets/b9rvg4f2st/4,CC BY 4.0,bangladeshi_veg_IMG_20241101_193317.jpg,False
data/raw_acquired/bangladeshi_vegetables/onion/bangladeshi_veg_IMG_20241101_193329.jpg,onion,Onion,data/raw_acquired/bangladeshi_vegetables/onion/bangladeshi_veg_IMG_20241101_190646.jpg,bangladeshi_vegetables,https://data.mendeley.com/datasets/b9rvg4f2st/4,CC BY 4.0,bangladeshi_veg_IMG_20241101_193329.jpg,False
data/raw_acquired/bangladeshi_vegetables/onion/bangladeshi_veg_IMG_20241101_193336.jpg,onion,Onion,data/raw_acquired/bangladeshi_vegetables/onion/bangladeshi_veg_IMG_20241101_190646.jpg,bangladeshi_vegetables,https://data.mendeley.com/datasets/b9rvg4f2st/4,CC BY 4.0,bangladeshi_veg_IMG_20241101_193336.jpg,False
data/raw_acquired/bangladeshi_vegetables/onion/bangladeshi_veg_IMG_20241101_193349.jpg,onion,Onion,data/raw_acquired/bangladeshi_vegetables/onion/bangladeshi_veg_IMG_20241101_190646.jpg,bangladeshi_vegetables,https://data.mendeley.com/datasets/b9rvg4f2st/4,CC BY 4.0,bangladeshi_veg_IMG_20241101_193349.jpg,False
data/raw_acquired/bangladeshi_vegetables/onion/bangladeshi_veg_IMG_20241101_193403.jpg,onion,Onion,data/raw_acquired/bangladeshi_vegetables/onion/bangladeshi_veg_IMG_20241101_190646.jpg,bangladeshi_vegetables,https://data.mendeley.com/datasets/b9rvg4f2st/4,CC BY 4.0,bangladeshi_veg_IMG_20241101_193403.jpg,False
data/raw_acquired/bangladeshi_vegetables/onion/bangladeshi_veg_IMG_20241101_193417.jpg,onion,Onion,data/raw_acquired/bangladeshi_vegetables/onion/bangladeshi_veg_IMG_20241101_190646.jpg,bangladeshi_vegetables,https://data.mendeley.com/datasets/b9rvg4f2st/4,CC BY 4.0,bangladeshi_veg_IMG_20241101_193417.jpg,False
data/raw_acquired/bangladeshi_vegetables/onion/bangladeshi_veg_IMG_20241101_193426.jpg,onion,Onion,data/raw_acquired/bangladeshi_vegetables/onion/bangladeshi_veg_IMG_20241101_190646.jpg,bangladeshi_vegetables,https://data.mendeley.com/datasets/b9rvg4f2st/4,CC BY 4.0,bangladeshi_veg_IMG_20241101_193426.jpg,False
data/raw_acquired/bangladeshi_vegetables/onion/bangladeshi_veg_IMG_20241101_193436.jpg,onion,Onion,data/raw_acquired/bangladeshi_vegetables/onion/bangladeshi_veg_IMG_20241101_190646.jpg,bangladeshi_vegetables,https://data.mendeley.com/datasets/b9rvg4f2st/4,CC BY 4.0,bangladeshi_veg_IMG_20241101_193436.jpg,False
data/raw_acquired/bangladeshi_vegetables/onion/bangladeshi_veg_IMG_20241101_193446.jpg,onion,Onion,data/raw_acquired/bangladeshi_vegetables/onion/bangladeshi_veg_IMG_20241101_190646.jpg,bangladeshi_vegetables,https://data.mendeley.com/datasets/b9rvg4f2st/4,CC BY 4.0,bangladeshi_veg_IMG_20241101_193446.jpg,False
data/raw_acquired/bangladeshi_vegetables/onion/bangladeshi_veg_IMG_20241101_193456.jpg,onion,Onion,data/raw_acquired/bangladeshi_vegetables/onion/bangladeshi_veg_IMG_20241101_190646.jpg,bangladeshi_vegetables,https://data.mendeley.com/datasets/b9rvg4f2st/4,CC BY 4.0,bangladeshi_veg_IMG_20241101_193456.jpg,False
data/raw_acquired/bangladeshi_vegetables/onion/bangladeshi_veg_IMG_20241101_193510.jpg,onion,Onion,data/raw_acquired/bangladeshi_vegetables/onion/bangladeshi_veg_IMG_20241101_190646.jpg,bangladeshi_vegetables,https://data.mendeley.com/datasets/b9rvg4f2st/4,CC BY 4.0,bangladeshi_veg_IMG_20241101_193510.jpg,False
data/raw_acquired/bangladeshi_vegetables/onion/bangladeshi_veg_IMG_20241101_193520.jpg,onion,Onion,data/raw_acquired/bangladeshi_vegetables/onion/bangladeshi_veg_IMG_20241101_190646.jpg,bangladeshi_vegetables,https://data.mendeley.com/datasets/b9rvg4f2st/4,CC BY 4.0,bangladeshi_veg_IMG_20241101_193520.jpg,False
data/raw_acquired/bangladeshi_vegetables/onion/bangladeshi_veg_IMG_20241101_193532.jpg,onion,Onion,data/raw_acquired/bangladeshi_vegetables/onion/bangladeshi_veg_IMG_20241101_190646.jpg,bangladeshi_vegetables,https://data.mendeley.com/datasets/b9rvg4f2st/4,CC BY 4.0,bangladeshi_veg_IMG_20241101_193532.jpg,False
data/raw_acquired/bangladeshi_vegetables/onion/bangladeshi_veg_IMG_20241101_193603.jpg,onion,Onion,data/raw_acquired/bangladeshi_vegetables/onion/bangladeshi_veg_IMG_20241101_190646.jpg,bangladeshi_vegetables,https://data.mendeley.com/datasets/b9rvg4f2st/4,CC BY 4.0,bangladeshi_veg_IMG_20241101_193603.jpg,False
data/raw_acquired/bangladeshi_vegetables/onion/bangladeshi_veg_IMG_20241101_193615.jpg,onion,Onion,data/raw_acquired/bangladeshi_vegetables/onion/bangladeshi_veg_IMG_20241101_190646.jpg,bangladeshi_vegetables,https://data.mendeley.com/datasets/b9rvg4f2st/4,CC BY 4.0,bangladeshi_veg_IMG_20241101_193615.jpg,False
data/raw_acquired/bangladeshi_vegetables/onion/bangladeshi_veg_IMG_20241101_193631.jpg,onion,Onion,data/raw_acquired/bangladeshi_vegetables/onion/bangladeshi_veg_IMG_20241101_190646.jpg,bangladeshi_vegetables,https://data.mendeley.com/datasets/b9rvg4f2st/4,CC BY 4.0,bangladeshi_veg_IMG_20241101_193631.jpg,False
data/raw_acquired/bangladeshi_vegetables/onion/bangladeshi_veg_IMG_20241101_193648.jpg,onion,Onion,data/raw_acquired/bangladeshi_vegetables/onion/bangladeshi_veg_IMG_20241101_190646.jpg,bangladeshi_vegetables,https://data.mendeley.com/datasets/b9rvg4f2st/4,CC BY 4.0,bangladeshi_veg_IMG_20241101_193648.jpg,False
data/raw_acquired/bangladeshi_vegetables/onion/bangladeshi_veg_IMG_20241101_193702.jpg,onion,Onion,data/raw_acquired/bangladeshi_vegetables/onion/bangladeshi_veg_IMG_20241101_190646.jpg,bangladeshi_vegetables,https://data.mendeley.com/datasets/b9rvg4f2st/4,CC BY 4.0,bangladeshi_veg_IMG_20241101_193702.jpg,False
data/raw_acquired/bangladeshi_vegetables/onion/bangladeshi_veg_IMG_20241101_193711.jpg,onion,Onion,data/raw_acquired/bangladeshi_vegetables/onion/bangladeshi_veg_IMG_20241101_190646.jpg,bangladeshi_vegetables,https://data.mendeley.com/datasets/b9rvg4f2st/4,CC BY 4.0,bangladeshi_veg_IMG_20241101_193711.jpg,False
data/raw_acquired/bangladeshi_vegetables/onion/bangladeshi_veg_IMG_20241101_193722.jpg,onion,Onion,data/raw_acquired/bangladeshi_vegetables/onion/bangladeshi_veg_IMG_20241101_190646.jpg,bangladeshi_vegetables,https://data.mendeley.com/datasets/b9rvg4f2st/4,CC BY 4.0,bangladeshi_veg_IMG_20241101_193722.jpg,False
data/raw_acquired/bangladeshi_vegetables/onion/bangladeshi_veg_IMG_20241101_193732.jpg,onion,Onion,data/raw_acquired/bangladeshi_vegetables/onion/bangladeshi_veg_IMG_20241101_190646.jpg,bangladeshi_vegetables,https://data.mendeley.com/datasets/b9rvg4f2st/4,CC BY 4.0,bangladeshi_veg_IMG_20241101_193732.jpg,False
data/raw_acquired/bangladeshi_vegetables/onion/bangladeshi_veg_IMG_20241101_193745.jpg,onion,Onion,data/raw_acquired/bangladeshi_vegetables/onion/bangladeshi_veg_IMG_20241101_190646.jpg,bangladeshi_vegetables,https://data.mendeley.com/datasets/b9rvg4f2st/4,CC BY 4.0,bangladeshi_veg_IMG_20241101_193745.jpg,False
data/raw_acquired/bangladeshi_vegetables/onion/bangladeshi_veg_IMG_20241101_193757.jpg,onion,Onion,data/raw_acquired/bangladeshi_vegetables/onion/bangladeshi_veg_IMG_20241101_190646.jpg,bangladeshi_vegetables,https://data.mendeley.com/datasets/b9rvg4f2st/4,CC BY 4.0,bangladeshi_veg_IMG_20241101_193757.jpg,False
data/raw_acquired/bangladeshi_vegetables/onion/bangladeshi_veg_IMG_20241101_193807.jpg,onion,Onion,data/raw_acquired/bangladeshi_vegetables/onion/bangladeshi_veg_IMG_20241101_190646.jpg,bangladeshi_vegetables,https://data.mendeley.com/datasets/b9rvg4f2st/4,CC BY 4.0,bangladeshi_veg_IMG_20241101_193807.jpg,False
data/raw_acquired/bangladeshi_vegetables/onion/bangladeshi_veg_IMG_20241101_193820.jpg,onion,Onion,data/raw_acquired/bangladeshi_vegetables/onion/bangladeshi_veg_IMG_20241101_190646.jpg,bangladeshi_vegetables,https://data.mendeley.com/datasets/b9rvg4f2st/4,CC BY 4.0,bangladeshi_veg_IMG_20241101_193820.jpg,False
data/raw_acquired/bangladeshi_vegetables/onion/bangladeshi_veg_IMG_20241101_193830.jpg,onion,Onion,data/raw_acquired/bangladeshi_vegetables/onion/bangladeshi_veg_IMG_20241101_190646.jpg,bangladeshi_vegetables,https://data.mendeley.com/datasets/b9rvg4f2st/4,CC BY 4.0,bangladeshi_veg_IMG_20241101_193830.jpg,False
data/raw_acquired/bangladeshi_vegetables/onion/bangladeshi_veg_IMG_20241101_193841.jpg,onion,Onion,data/raw_acquired/bangladeshi_vegetables/onion/bangladeshi_veg_IMG_20241101_190646.jpg,bangladeshi_vegetables,https://data.mendeley.com/datasets/b9rvg4f2st/4,CC BY 4.0,bangladeshi_veg_IMG_20241101_193841.jpg,False
data/raw_acquired/bangladeshi_vegetables/onion/bangladeshi_veg_IMG_20241101_193849.jpg,onion,Onion,data/raw_acquired/bangladeshi_vegetables/onion/bangladeshi_veg_IMG_20241101_190646.jpg,bangladeshi_vegetables,https://data.mendeley.com/datasets/b9rvg4f2st/4,CC BY 4.0,bangladeshi_veg_IMG_20241101_193849.jpg,False
data/raw_acquired/bangladeshi_vegetables/onion/bangladeshi_veg_IMG_20241101_193858.jpg,onion,Onion,data/raw_acquired/bangladeshi_vegetables/onion/bangladeshi_veg_IMG_20241101_190646.jpg,bangladeshi_vegetables,https://data.mendeley.com/datasets/b9rvg4f2st/4,CC BY 4.0,bangladeshi_veg_IMG_20241101_193858.jpg,False
data/raw_acquired/bangladeshi_vegetables/onion/bangladeshi_veg_IMG_20241101_193907.jpg,onion,Onion,data/raw_acquired/bangladeshi_vegetables/onion/bangladeshi_veg_IMG_20241101_190646.jpg,bangladeshi_vegetables,https://data.mendeley.com/datasets/b9rvg4f2st/4,CC BY 4.0,bangladeshi_veg_IMG_20241101_193907.jpg,False
data/raw_acquired/bangladeshi_vegetables/onion/bangladeshi_veg_IMG_20241101_193915.jpg,onion,Onion,data/raw_acquired/bangladeshi_vegetables/onion/bangladeshi_veg_IMG_20241101_190646.jpg,bangladeshi_vegetables,https://data.mendeley.com/datasets/b9rvg4f2st/4,CC BY 4.0,bangladeshi_veg_IMG_20241101_193915.jpg,False
data/raw_acquired/bangladeshi_vegetables/onion/bangladeshi_veg_IMG_20241101_194018.jpg,onion,Onion,data/raw_acquired/bangladeshi_vegetables/onion/bangladeshi_veg_IMG_20241101_190646.jpg,bangladeshi_vegetables,https://data.mendeley.com/datasets/b9rvg4f2st/4,CC BY 4.0,bangladeshi_veg_IMG_20241101_194018.jpg,False
data/raw_acquired/bangladeshi_vegetables/onion/bangladeshi_veg_IMG_20241101_194028.jpg,onion,Onion,data/raw_acquired/bangladeshi_vegetables/onion/bangladeshi_veg_IMG_20241101_190646.jpg,bangladeshi_vegetables,https://data.mendeley.com/datasets/b9rvg4f2st/4,CC BY 4.0,bangladeshi_veg_IMG_20241101_194028.jpg,False
data/raw_acquired/bangladeshi_vegetables/onion/bangladeshi_veg_IMG_20241101_194042.jpg,onion,Onion,data/raw_acquired/bangladeshi_vegetables/onion/bangladeshi_veg_IMG_20241101_190646.jpg,bangladeshi_vegetables,https://data.mendeley.com/datasets/b9rvg4f2st/4,CC BY 4.0,bangladeshi_veg_IMG_20241101_194042.jpg,False
data/raw_acquired/bangladeshi_vegetables/onion/bangladeshi_veg_IMG_20241101_194108.jpg,onion,Onion,data/raw_acquired/bangladeshi_vegetables/onion/bangladeshi_veg_IMG_20241101_190646.jpg,bangladeshi_vegetables,https://data.mendeley.com/datasets/b9rvg4f2st/4,CC BY 4.0,bangladeshi_veg_IMG_20241101_194108.jpg,False
data/raw_acquired/bangladeshi_vegetables/onion/bangladeshi_veg_IMG_20241101_194142.jpg,onion,Onion,data/raw_acquired/bangladeshi_vegetables/onion/bangladeshi_veg_IMG_20241101_194142.jpg,bangladeshi_vegetables,https://data.mendeley.com/datasets/b9rvg4f2st/4,CC BY 4.0,bangladeshi_veg_IMG_20241101_194142.jpg,False
data/raw_acquired/bangladeshi_vegetables/onion/bangladeshi_veg_IMG_20241101_194213.jpg,onion,Onion,data/raw_acquired/bangladeshi_vegetables/onion/bangladeshi_veg_IMG_20241101_190646.jpg,bangladeshi_vegetables,https://data.mendeley.com/datasets/b9rvg4f2st/4,CC BY 4.0,bangladeshi_veg_IMG_20241101_194213.jpg,False
data/raw_acquired/bangladeshi_vegetables/onion/bangladeshi_veg_IMG_20241101_194225.jpg,onion,Onion,data/raw_acquired/bangladeshi_vegetables/onion/bangladeshi_veg_IMG_20241101_190646.jpg,bangladeshi_vegetables,https://data.mendeley.com/datasets/b9rvg4f2st/4,CC BY 4.0,bangladeshi_veg_IMG_20241101_194225.jpg,False
data/raw_acquired/bangladeshi_vegetables/onion/bangladeshi_veg_IMG_20241101_194250.jpg,onion,Onion,data/raw_acquired/bangladeshi_vegetables/onion/bangladeshi_veg_IMG_20241101_190646.jpg,bangladeshi_vegetables,https://data.mendeley.com/datasets/b9rvg4f2st/4,CC BY 4.0,bangladeshi_veg_IMG_20241101_194250.jpg,False
data/raw_acquired/bangladeshi_vegetables/onion/bangladeshi_veg_IMG_20241101_194317.jpg,onion,Onion,data/raw_acquired/bangladeshi_vegetables/onion/bangladeshi_veg_IMG_20241101_194317.jpg,bangladeshi_vegetables,https://data.mendeley.com/datasets/b9rvg4f2st/4,CC BY 4.0,bangladeshi_veg_IMG_20241101_194317.jpg,False
data/raw_acquired/bangladeshi_vegetables/onion/bangladeshi_veg_IMG_20241101_194332.jpg,onion,Onion,data/raw_acquired/bangladeshi_vegetables/onion/bangladeshi_veg_IMG_20241101_190646.jpg,bangladeshi_vegetables,https://data.mendeley.com/datasets/b9rvg4f2st/4,CC BY 4.0,bangladeshi_veg_IMG_20241101_194332.jpg,False
data/raw_acquired/bangladeshi_vegetables/onion/bangladeshi_veg_IMG_20241101_194351.jpg,onion,Onion,data/raw_acquired/bangladeshi_vegetables/onion/bangladeshi_veg_IMG_20241101_190646.jpg,bangladeshi_vegetables,https://data.mendeley.com/datasets/b9rvg4f2st/4,CC BY 4.0,bangladeshi_veg_IMG_20241101_194351.jpg,False
data/raw_acquired/bangladeshi_vegetables/onion/bangladeshi_veg_IMG_20241101_194412.jpg,onion,Onion,data/raw_acquired/bangladeshi_vegetables/onion/bangladeshi_veg_IMG_20241101_190646.jpg,bangladeshi_vegetables,https://data.mendeley.com/datasets/b9rvg4f2st/4,CC BY 4.0,bangladeshi_veg_IMG_20241101_194412.jpg,False
data/raw_acquired/bangladeshi_vegetables/onion/bangladeshi_veg_IMG_20241101_194421.jpg,onion,Onion,data/raw_acquired/bangladeshi_vegetables/onion/bangladeshi_veg_IMG_20241101_190646.jpg,bangladeshi_vegetables,https://data.mendeley.com/datasets/b9rvg4f2st/4,CC BY 4.0,bangladeshi_veg_IMG_20241101_194421.jpg,False
data/raw_acquired/bangladeshi_vegetables/onion/bangladeshi_veg_IMG_20241101_194431.jpg,onion,Onion,data/raw_acquired/bangladeshi_vegetables/onion/bangladeshi_veg_IMG_20241101_190646.jpg,bangladeshi_vegetables,https://data.mendeley.com/datasets/b9rvg4f2st/4,CC BY 4.0,bangladeshi_veg_IMG_20241101_194431.jpg,False
data/raw_acquired/bangladeshi_vegetables/onion/bangladeshi_veg_IMG_20241101_194443.jpg,onion,Onion,data/raw_acquired/bangladeshi_vegetables/onion/bangladeshi_veg_IMG_20241101_190646.jpg,bangladeshi_vegetables,https://data.mendeley.com/datasets/b9rvg4f2st/4,CC BY 4.0,bangladeshi_veg_IMG_20241101_194443.jpg,False
data/raw_acquired/bangladeshi_vegetables/onion/bangladeshi_veg_IMG_20241101_194451.jpg,onion,Onion,data/raw_acquired/bangladeshi_vegetables/onion/bangladeshi_veg_IMG_20241101_190646.jpg,bangladeshi_vegetables,https://data.mendeley.com/datasets/b9rvg4f2st/4,CC BY 4.0,bangladeshi_veg_IMG_20241101_194451.jpg,False
data/raw_acquired/bangladeshi_vegetables/onion/bangladeshi_veg_IMG_20241101_194459.jpg,onion,Onion,data/raw_acquired/bangladeshi_vegetables/onion/bangladeshi_veg_IMG_20241101_190646.jpg,bangladeshi_vegetables,https://data.mendeley.com/datasets/b9rvg4f2st/4,CC BY 4.0,bangladeshi_veg_IMG_20241101_194459.jpg,False
data/raw_acquired/bangladeshi_vegetables/onion/bangladeshi_veg_IMG_20241101_194508.jpg,onion,Onion,data/raw_acquired/bangladeshi_vegetables/onion/bangladeshi_veg_IMG_20241101_190646.jpg,bangladeshi_vegetables,https://data.mendeley.com/datasets/b9rvg4f2st/4,CC BY 4.0,bangladeshi_veg_IMG_20241101_194508.jpg,False
data/raw_acquired/bangladeshi_vegetables/onion/bangladeshi_veg_IMG_20241101_194515.jpg,onion,Onion,data/raw_acquired/bangladeshi_vegetables/onion/bangladeshi_veg_IMG_20241101_190646.jpg,bangladeshi_vegetables,https://data.mendeley.com/datasets/b9rvg4f2st/4,CC BY 4.0,bangladeshi_veg_IMG_20241101_194515.jpg,False
data/raw_acquired/bangladeshi_vegetables/onion/bangladeshi_veg_IMG_20241101_194526.jpg,onion,Onion,data/raw_acquired/bangladeshi_vegetables/onion/bangladeshi_veg_IMG_20241101_190646.jpg,bangladeshi_vegetables,https://data.mendeley.com/datasets/b9rvg4f2st/4,CC BY 4.0,bangladeshi_veg_IMG_20241101_194526.jpg,False
data/raw_acquired/bangladeshi_vegetables/onion/bangladeshi_veg_IMG_20241101_194533.jpg,onion,Onion,data/raw_acquired/bangladeshi_vegetables/onion/bangladeshi_veg_IMG_20241101_190646.jpg,bangladeshi_vegetables,https://data.mendeley.com/datasets/b9rvg4f2st/4,CC BY 4.0,bangladeshi_veg_IMG_20241101_194533.jpg,False
data/raw_acquired/bangladeshi_vegetables/onion/bangladeshi_veg_IMG_20241101_194541.jpg,onion,Onion,data/raw_acquired/bangladeshi_vegetables/onion/bangladeshi_veg_IMG_20241101_190646.jpg,bangladeshi_vegetables,https://data.mendeley.com/datasets/b9rvg4f2st/4,CC BY 4.0,bangladeshi_veg_IMG_20241101_194541.jpg,False
data/raw_acquired/bangladeshi_vegetables/onion/bangladeshi_veg_IMG_20241101_194552.jpg,onion,Onion,data/raw_acquired/bangladeshi_vegetables/onion/bangladeshi_veg_IMG_20241101_190646.jpg,bangladeshi_vegetables,https://data.mendeley.com/datasets/b9rvg4f2st/4,CC BY 4.0,bangladeshi_veg_IMG_20241101_194552.jpg,False
data/raw_acquired/bangladeshi_vegetables/onion/bangladeshi_veg_IMG_20241101_194559.jpg,onion,Onion,data/raw_acquired/bangladeshi_vegetables/onion/bangladeshi_veg_IMG_20241101_190646.jpg,bangladeshi_vegetables,https://data.mendeley.com/datasets/b9rvg4f2st/4,CC BY 4.0,bangladeshi_veg_IMG_20241101_194559.jpg,False
data/raw_acquired/bangladeshi_vegetables/onion/bangladeshi_veg_IMG_20241101_194607.jpg,onion,Onion,data/raw_acquired/bangladeshi_vegetables/onion/bangladeshi_veg_IMG_20241101_190646.jpg,bangladeshi_vegetables,https://data.mendeley.com/datasets/b9rvg4f2st/4,CC BY 4.0,bangladeshi_veg_IMG_20241101_194607.jpg,False
data/raw_acquired/bangladeshi_vegetables/onion/bangladeshi_veg_IMG_20241101_194616.jpg,onion,Onion,data/raw_acquired/bangladeshi_vegetables/onion/bangladeshi_veg_IMG_20241101_190646.jpg,bangladeshi_vegetables,https://data.mendeley.com/datasets/b9rvg4f2st/4,CC BY 4.0,bangladeshi_veg_IMG_20241101_194616.jpg,False
data/raw_acquired/bangladeshi_vegetables/onion/bangladeshi_veg_IMG_20241101_194624.jpg,onion,Onion,data/raw_acquired/bangladeshi_vegetables/onion/bangladeshi_veg_IMG_20241101_190646.jpg,bangladeshi_vegetables,https://data.mendeley.com/datasets/b9rvg4f2st/4,CC BY 4.0,bangladeshi_veg_IMG_20241101_194624.jpg,False
data/raw_acquired/bangladeshi_vegetables/onion/bangladeshi_veg_IMG_20241101_194636.jpg,onion,Onion,data/raw_acquired/bangladeshi_vegetables/onion/bangladeshi_veg_IMG_20241101_190646.jpg,bangladeshi_vegetables,https://data.mendeley.com/datasets/b9rvg4f2st/4,CC BY 4.0,bangladeshi_veg_IMG_20241101_194636.jpg,False
data/raw_acquired/bangladeshi_vegetables/onion/bangladeshi_veg_IMG_20241101_194648.jpg,onion,Onion,data/raw_acquired/bangladeshi_vegetables/onion/bangladeshi_veg_IMG_20241101_190646.jpg,bangladeshi_vegetables,https://data.mendeley.com/datasets/b9rvg4f2st/4,CC BY 4.0,bangladeshi_veg_IMG_20241101_194648.jpg,False
data/raw_acquired/bangladeshi_vegetables/onion/bangladeshi_veg_IMG_20241101_194704.jpg,onion,Onion,data/raw_acquired/bangladeshi_vegetables/onion/bangladeshi_veg_IMG_20241101_190646.jpg,bangladeshi_vegetables,https://data.mendeley.com/datasets/b9rvg4f2st/4,CC BY 4.0,bangladeshi_veg_IMG_20241101_194704.jpg,False
data/raw_acquired/bangladeshi_vegetables/onion/bangladeshi_veg_IMG_20241101_194711.jpg,onion,Onion,data/raw_acquired/bangladeshi_vegetables/onion/bangladeshi_veg_IMG_20241101_190646.jpg,bangladeshi_vegetables,https://data.mendeley.com/datasets/b9rvg4f2st/4,CC BY 4.0,bangladeshi_veg_IMG_20241101_194711.jpg,False
data/raw_acquired/bangladeshi_vegetables/onion/bangladeshi_veg_IMG_20241101_194721.jpg,onion,Onion,data/raw_acquired/bangladeshi_vegetables/onion/bangladeshi_veg_IMG_20241101_190646.jpg,bangladeshi_vegetables,https://data.mendeley.com/datasets/b9rvg4f2st/4,CC BY 4.0,bangladeshi_veg_IMG_20241101_194721.jpg,False
data/raw_acquired/bangladeshi_vegetables/onion/bangladeshi_veg_IMG_20241101_194729.jpg,onion,Onion,data/raw_acquired/bangladeshi_vegetables/onion/bangladeshi_veg_IMG_20241101_190646.jpg,bangladeshi_vegetables,https://data.mendeley.com/datasets/b9rvg4f2st/4,CC BY 4.0,bangladeshi_veg_IMG_20241101_194729.jpg,False
data/raw_acquired/bangladeshi_vegetables/onion/bangladeshi_veg_IMG_20241101_194738.jpg,onion,Onion,data/raw_acquired/bangladeshi_vegetables/onion/bangladeshi_veg_IMG_20241101_190646.jpg,bangladeshi_vegetables,https://data.mendeley.com/datasets/b9rvg4f2st/4,CC BY 4.0,bangladeshi_veg_IMG_20241101_194738.jpg,False
data/raw_acquired/bangladeshi_vegetables/onion/bangladeshi_veg_IMG_20241101_194748.jpg,onion,Onion,data/raw_acquired/bangladeshi_vegetables/onion/bangladeshi_veg_IMG_20241101_190646.jpg,bangladeshi_vegetables,https://data.mendeley.com/datasets/b9rvg4f2st/4,CC BY 4.0,bangladeshi_veg_IMG_20241101_194748.jpg,False
data/raw_acquired/bangladeshi_vegetables/onion/bangladeshi_veg_IMG_20241101_194756.jpg,onion,Onion,data/raw_acquired/bangladeshi_vegetables/onion/bangladeshi_veg_IMG_20241101_190646.jpg,bangladeshi_vegetables,https://data.mendeley.com/datasets/b9rvg4f2st/4,CC BY 4.0,bangladeshi_veg_IMG_20241101_194756.jpg,False
data/raw_acquired/bangladeshi_vegetables/onion/bangladeshi_veg_IMG_20241101_194804.jpg,onion,Onion,data/raw_acquired/bangladeshi_vegetables/onion/bangladeshi_veg_IMG_20241101_190646.jpg,bangladeshi_vegetables,https://data.mendeley.com/datasets/b9rvg4f2st/4,CC BY 4.0,bangladeshi_veg_IMG_20241101_194804.jpg,False
data/raw_acquired/bangladeshi_vegetables/onion/bangladeshi_veg_IMG_20241101_195115.jpg,onion,Onion,data/raw_acquired/bangladeshi_vegetables/onion/bangladeshi_veg_IMG_20241101_195115.jpg,bangladeshi_vegetables,https://data.mendeley.com/datasets/b9rvg4f2st/4,CC BY 4.0,bangladeshi_veg_IMG_20241101_195115.jpg,False
data/raw_acquired/bangladeshi_vegetables/onion/bangladeshi_veg_IMG_20241101_195127.jpg,onion,Onion,data/raw_acquired/bangladeshi_vegetables/onion/bangladeshi_veg_IMG_20241101_190646.jpg,bangladeshi_vegetables,https://data.mendeley.com/datasets/b9rvg4f2st/4,CC BY 4.0,bangladeshi_veg_IMG_20241101_195127.jpg,False
data/raw_acquired/bangladeshi_vegetables/onion/bangladeshi_veg_IMG_20241101_195151.jpg,onion,Onion,data/raw_acquired/bangladeshi_vegetables/onion/bangladeshi_veg_IMG_20241101_190646.jpg,bangladeshi_vegetables,https://data.mendeley.com/datasets/b9rvg4f2st/4,CC BY 4.0,bangladeshi_veg_IMG_20241101_195151.jpg,False
data/raw_acquired/bangladeshi_vegetables/onion/bangladeshi_veg_IMG_20241101_195200.jpg,onion,Onion,data/raw_acquired/bangladeshi_vegetables/onion/bangladeshi_veg_IMG_20241101_190646.jpg,bangladeshi_vegetables,https://data.mendeley.com/datasets/b9rvg4f2st/4,CC BY 4.0,bangladeshi_veg_IMG_20241101_195200.jpg,False
data/raw_acquired/bangladeshi_vegetables/onion/bangladeshi_veg_IMG_20241101_195209.jpg,onion,Onion,data/raw_acquired/bangladeshi_vegetables/onion/bangladeshi_veg_IMG_20241101_190646.jpg,bangladeshi_vegetables,https://data.mendeley.com/datasets/b9rvg4f2st/4,CC BY 4.0,bangladeshi_veg_IMG_20241101_195209.jpg,False
data/raw_acquired/bangladeshi_vegetables/onion/bangladeshi_veg_IMG_20241101_195215.jpg,onion,Onion,data/raw_acquired/bangladeshi_vegetables/onion/bangladeshi_veg_IMG_20241101_190646.jpg,bangladeshi_vegetables,https://data.mendeley.com/datasets/b9rvg4f2st/4,CC BY 4.0,bangladeshi_veg_IMG_20241101_195215.jpg,False
data/raw_acquired/bangladeshi_vegetables/onion/bangladeshi_veg_IMG_20241101_195226.jpg,onion,Onion,data/raw_acquired/bangladeshi_vegetables/onion/bangladeshi_veg_IMG_20241101_190646.jpg,bangladeshi_vegetables,https://data.mendeley.com/datasets/b9rvg4f2st/4,CC BY 4.0,bangladeshi_veg_IMG_20241101_195226.jpg,False
data/raw_acquired/bangladeshi_vegetables/onion/bangladeshi_veg_IMG_20241101_195233.jpg,onion,Onion,data/raw_acquired/bangladeshi_vegetables/onion/bangladeshi_veg_IMG_20241101_190646.jpg,bangladeshi_vegetables,https://data.mendeley.com/datasets/b9rvg4f2st/4,CC BY 4.0,bangladeshi_veg_IMG_20241101_195233.jpg,False
data/raw_acquired/bangladeshi_vegetables/onion/bangladeshi_veg_IMG_20241101_195240.jpg,onion,Onion,data/raw_acquired/bangladeshi_vegetables/onion/bangladeshi_veg_IMG_20241101_190646.jpg,bangladeshi_vegetables,https://data.mendeley.com/datasets/b9rvg4f2st/4,CC BY 4.0,bangladeshi_veg_IMG_20241101_195240.jpg,False
data/raw_acquired/bangladeshi_vegetables/onion/bangladeshi_veg_IMG_20241101_195250.jpg,onion,Onion,data/raw_acquired/bangladeshi_vegetables/onion/bangladeshi_veg_IMG_20241101_190646.jpg,bangladeshi_vegetables,https://data.mendeley.com/datasets/b9rvg4f2st/4,CC BY 4.0,bangladeshi_veg_IMG_20241101_195250.jpg,False
data/raw_acquired/bangladeshi_vegetables/onion/bangladeshi_veg_IMG_20241101_195259.jpg,onion,Onion,data/raw_acquired/bangladeshi_vegetables/onion/bangladeshi_veg_IMG_20241101_190646.jpg,bangladeshi_vegetables,https://data.mendeley.com/datasets/b9rvg4f2st/4,CC BY 4.0,bangladeshi_veg_IMG_20241101_195259.jpg,False
data/raw_acquired/bangladeshi_vegetables/onion/bangladeshi_veg_IMG_20241101_195316.jpg,onion,Onion,data/raw_acquired/bangladeshi_vegetables/onion/bangladeshi_veg_IMG_20241101_190646.jpg,bangladeshi_vegetables,https://data.mendeley.com/datasets/b9rvg4f2st/4,CC BY 4.0,bangladeshi_veg_IMG_20241101_195316.jpg,False
data/raw_acquired/bangladeshi_vegetables/onion/bangladeshi_veg_IMG_20241101_195325.jpg,onion,Onion,data/raw_acquired/bangladeshi_vegetables/onion/bangladeshi_veg_IMG_20241101_190646.jpg,bangladeshi_vegetables,https://data.mendeley.com/datasets/b9rvg4f2st/4,CC BY 4.0,bangladeshi_veg_IMG_20241101_195325.jpg,False
data/raw_acquired/bangladeshi_vegetables/onion/bangladeshi_veg_IMG_20241101_195333.jpg,onion,Onion,data/raw_acquired/bangladeshi_vegetables/onion/bangladeshi_veg_IMG_20241101_190646.jpg,bangladeshi_vegetables,https://data.mendeley.com/datasets/b9rvg4f2st/4,CC BY 4.0,bangladeshi_veg_IMG_20241101_195333.jpg,False
data/raw_acquired/bangladeshi_vegetables/onion/bangladeshi_veg_IMG_20241101_195339.jpg,onion,Onion,data/raw_acquired/bangladeshi_vegetables/onion/bangladeshi_veg_IMG_20241101_190646.jpg,bangladeshi_vegetables,https://data.mendeley.com/datasets/b9rvg4f2st/4,CC BY 4.0,bangladeshi_veg_IMG_20241101_195339.jpg,False
data/raw_acquired/bangladeshi_vegetables/onion/bangladeshi_veg_IMG_20241101_195346.jpg,onion,Onion,data/raw_acquired/bangladeshi_vegetables/onion/bangladeshi_veg_IMG_20241101_190646.jpg,bangladeshi_vegetables,https://data.mendeley.com/datasets/b9rvg4f2st/4,CC BY 4.0,bangladeshi_veg_IMG_20241101_195346.jpg,False
data/raw_acquired/bangladeshi_vegetables/onion/bangladeshi_veg_IMG_20241101_195353.jpg,onion,Onion,data/raw_acquired/bangladeshi_vegetables/onion/bangladeshi_veg_IMG_20241101_190646.jpg,bangladeshi_vegetables,https://data.mendeley.com/datasets/b9rvg4f2st/4,CC BY 4.0,bangladeshi_veg_IMG_20241101_195353.jpg,False
data/raw_acquired/bangladeshi_vegetables/onion/bangladeshi_veg_IMG_20241101_195402.jpg,onion,Onion,data/raw_acquired/bangladeshi_vegetables/onion/bangladeshi_veg_IMG_20241101_190646.jpg,bangladeshi_vegetables,https://data.mendeley.com/datasets/b9rvg4f2st/4,CC BY 4.0,bangladeshi_veg_IMG_20241101_195402.jpg,False
data/raw_acquired/bangladeshi_vegetables/onion/bangladeshi_veg_IMG_20241101_195412.jpg,onion,Onion,data/raw_acquired/bangladeshi_vegetables/onion/bangladeshi_veg_IMG_20241101_195412.jpg,bangladeshi_vegetables,https://data.mendeley.com/datasets/b9rvg4f2st/4,CC BY 4.0,bangladeshi_veg_IMG_20241101_195412.jpg,False
data/raw_acquired/bangladeshi_vegetables/onion/bangladeshi_veg_IMG_20241101_195433.jpg,onion,Onion,data/raw_acquired/bangladeshi_vegetables/onion/bangladeshi_veg_IMG_20241101_190646.jpg,bangladeshi_vegetables,https://data.mendeley.com/datasets/b9rvg4f2st/4,CC BY 4.0,bangladeshi_veg_IMG_20241101_195433.jpg,False
data/raw_acquired/bangladeshi_vegetables/onion/bangladeshi_veg_IMG_20241101_195505.jpg,onion,Onion,data/raw_acquired/bangladeshi_vegetables/onion/bangladeshi_veg_IMG_20241101_190646.jpg,bangladeshi_vegetables,https://data.mendeley.com/datasets/b9rvg4f2st/4,CC BY 4.0,bangladeshi_veg_IMG_20241101_195505.jpg,False
data/raw_acquired/bangladeshi_vegetables/onion/bangladeshi_veg_IMG_20241101_195517.jpg,onion,Onion,data/raw_acquired/bangladeshi_vegetables/onion/bangladeshi_veg_IMG_20241101_190646.jpg,bangladeshi_vegetables,https://data.mendeley.com/datasets/b9rvg4f2st/4,CC BY 4.0,bangladeshi_veg_IMG_20241101_195517.jpg,False
data/raw_acquired/bangladeshi_vegetables/onion/bangladeshi_veg_IMG_20241101_195525.jpg,onion,Onion,data/raw_acquired/bangladeshi_vegetables/onion/bangladeshi_veg_IMG_20241101_190646.jpg,bangladeshi_vegetables,https://data.mendeley.com/datasets/b9rvg4f2st/4,CC BY 4.0,bangladeshi_veg_IMG_20241101_195525.jpg,False
data/raw_acquired/bangladeshi_vegetables/onion/bangladeshi_veg_IMG_20241101_195531.jpg,onion,Onion,data/raw_acquired/bangladeshi_vegetables/onion/bangladeshi_veg_IMG_20241101_190646.jpg,bangladeshi_vegetables,https://data.mendeley.com/datasets/b9rvg4f2st/4,CC BY 4.0,bangladeshi_veg_IMG_20241101_195531.jpg,False
data/raw_acquired/bangladeshi_vegetables/onion/bangladeshi_veg_IMG_20241101_195542.jpg,onion,Onion,data/raw_acquired/bangladeshi_vegetables/onion/bangladeshi_veg_IMG_20241101_190646.jpg,bangladeshi_vegetables,https://data.mendeley.com/datasets/b9rvg4f2st/4,CC BY 4.0,bangladeshi_veg_IMG_20241101_195542.jpg,False
data/raw_acquired/bangladeshi_vegetables/onion/bangladeshi_veg_IMG_20241101_195548.jpg,onion,Onion,data/raw_acquired/bangladeshi_vegetables/onion/bangladeshi_veg_IMG_20241101_190646.jpg,bangladeshi_vegetables,https://data.mendeley.com/datasets/b9rvg4f2st/4,CC BY 4.0,bangladeshi_veg_IMG_20241101_195548.jpg,False
data/raw_acquired/bangladeshi_vegetables/onion/bangladeshi_veg_IMG_20241101_195557.jpg,onion,Onion,data/raw_acquired/bangladeshi_vegetables/onion/bangladeshi_veg_IMG_20241101_190646.jpg,bangladeshi_vegetables,https://data.mendeley.com/datasets/b9rvg4f2st/4,CC BY 4.0,bangladeshi_veg_IMG_20241101_195557.jpg,False
data/raw_acquired/bangladeshi_vegetables/onion/bangladeshi_veg_IMG_20241101_195603.jpg,onion,Onion,data/raw_acquired/bangladeshi_vegetables/onion/bangladeshi_veg_IMG_20241101_190646.jpg,bangladeshi_vegetables,https://data.mendeley.com/datasets/b9rvg4f2st/4,CC BY 4.0,bangladeshi_veg_IMG_20241101_195603.jpg,False
data/raw_acquired/bangladeshi_vegetables/onion/bangladeshi_veg_IMG_20241101_195627.jpg,onion,Onion,data/raw_acquired/bangladeshi_vegetables/onion/bangladeshi_veg_IMG_20241101_190646.jpg,bangladeshi_vegetables,https://data.mendeley.com/datasets/b9rvg4f2st/4,CC BY 4.0,bangladeshi_veg_IMG_20241101_195627.jpg,False
data/raw_acquired/bangladeshi_vegetables/onion/bangladeshi_veg_IMG_20241101_195634.jpg,onion,Onion,data/raw_acquired/bangladeshi_vegetables/onion/bangladeshi_veg_IMG_20241101_190646.jpg,bangladeshi_vegetables,https://data.mendeley.com/datasets/b9rvg4f2st/4,CC BY 4.0,bangladeshi_veg_IMG_20241101_195634.jpg,False
data/raw_acquired/bangladeshi_vegetables/onion/bangladeshi_veg_IMG_20241101_195643.jpg,onion,Onion,data/raw_acquired/bangladeshi_vegetables/onion/bangladeshi_veg_IMG_20241101_190646.jpg,bangladeshi_vegetables,https://data.mendeley.com/datasets/b9rvg4f2st/4,CC BY 4.0,bangladeshi_veg_IMG_20241101_195643.jpg,False
data/raw_acquired/bangladeshi_vegetables/onion/bangladeshi_veg_IMG_20241101_195656.jpg,onion,Onion,data/raw_acquired/bangladeshi_vegetables/onion/bangladeshi_veg_IMG_20241101_190646.jpg,bangladeshi_vegetables,https://data.mendeley.com/datasets/b9rvg4f2st/4,CC BY 4.0,bangladeshi_veg_IMG_20241101_195656.jpg,False
data/raw_acquired/bangladeshi_vegetables/onion/bangladeshi_veg_IMG_20241101_195714.jpg,onion,Onion,data/raw_acquired/bangladeshi_vegetables/onion/bangladeshi_veg_IMG_20241101_190646.jpg,bangladeshi_vegetables,https://data.mendeley.com/datasets/b9rvg4f2st/4,CC BY 4.0,bangladeshi_veg_IMG_20241101_195714.jpg,False
data/raw_acquired/bangladeshi_vegetables/onion/bangladeshi_veg_IMG_20241101_195736.jpg,onion,Onion,data/raw_acquired/bangladeshi_vegetables/onion/bangladeshi_veg_IMG_20241101_190646.jpg,bangladeshi_vegetables,https://data.mendeley.com/datasets/b9rvg4f2st/4,CC BY 4.0,bangladeshi_veg_IMG_20241101_195736.jpg,False
data/raw_acquired/bangladeshi_vegetables/onion/bangladeshi_veg_IMG_20241101_195801.jpg,onion,Onion,data/raw_acquired/bangladeshi_vegetables/onion/bangladeshi_veg_IMG_20241101_190646.jpg,bangladeshi_vegetables,https://data.mendeley.com/datasets/b9rvg4f2st/4,CC BY 4.0,bangladeshi_veg_IMG_20241101_195801.jpg,False
data/raw_acquired/bangladeshi_vegetables/onion/bangladeshi_veg_IMG_20241101_195812.jpg,onion,Onion,data/raw_acquired/bangladeshi_vegetables/onion/bangladeshi_veg_IMG_20241101_190646.jpg,bangladeshi_vegetables,https://data.mendeley.com/datasets/b9rvg4f2st/4,CC BY 4.0,bangladeshi_veg_IMG_20241101_195812.jpg,False
data/raw_acquired/bangladeshi_vegetables/onion/bangladeshi_veg_IMG_20241101_195825.jpg,onion,Onion,data/raw_acquired/bangladeshi_vegetables/onion/bangladeshi_veg_IMG_20241101_190646.jpg,bangladeshi_vegetables,https://data.mendeley.com/datasets/b9rvg4f2st/4,CC BY 4.0,bangladeshi_veg_IMG_20241101_195825.jpg,False
data/raw_acquired/bangladeshi_vegetables/onion/bangladeshi_veg_IMG_20241101_195901.jpg,onion,Onion,data/raw_acquired/bangladeshi_vegetables/onion/bangladeshi_veg_IMG_20241101_190646.jpg,bangladeshi_vegetables,https://data.mendeley.com/datasets/b9rvg4f2st/4,CC BY 4.0,bangladeshi_veg_IMG_20241101_195901.jpg,False
data/raw_acquired/bangladeshi_vegetables/onion/bangladeshi_veg_IMG_20241101_195921.jpg,onion,Onion,data/raw_acquired/bangladeshi_vegetables/onion/bangladeshi_veg_IMG_20241101_190646.jpg,bangladeshi_vegetables,https://data.mendeley.com/datasets/b9rvg4f2st/4,CC BY 4.0,bangladeshi_veg_IMG_20241101_195921.jpg,False
data/raw_acquired/bangladeshi_vegetables/onion/bangladeshi_veg_IMG_20241101_195936.jpg,onion,Onion,data/raw_acquired/bangladeshi_vegetables/onion/bangladeshi_veg_IMG_20241101_190646.jpg,bangladeshi_vegetables,https://data.mendeley.com/datasets/b9rvg4f2st/4,CC BY 4.0,bangladeshi_veg_IMG_20241101_195936.jpg,False
data/raw_acquired/bangladeshi_vegetables/onion/bangladeshi_veg_IMG_20241101_195959.jpg,onion,Onion,data/raw_acquired/bangladeshi_vegetables/onion/bangladeshi_veg_IMG_20241101_190646.jpg,bangladeshi_vegetables,https://data.mendeley.com/datasets/b9rvg4f2st/4,CC BY 4.0,bangladeshi_veg_IMG_20241101_195959.jpg,False
data/raw_acquired/bangladeshi_vegetables/onion/bangladeshi_veg_IMG_20241101_200010.jpg,onion,Onion,data/raw_acquired/bangladeshi_vegetables/onion/bangladeshi_veg_IMG_20241101_190646.jpg,bangladeshi_vegetables,https://data.mendeley.com/datasets/b9rvg4f2st/4,CC BY 4.0,bangladeshi_veg_IMG_20241101_200010.jpg,False
data/raw_acquired/bangladeshi_vegetables/onion/bangladeshi_veg_IMG_20241101_200022.jpg,onion,Onion,data/raw_acquired/bangladeshi_vegetables/onion/bangladeshi_veg_IMG_20241101_190646.jpg,bangladeshi_vegetables,https://data.mendeley.com/datasets/b9rvg4f2st/4,CC BY 4.0,bangladeshi_veg_IMG_20241101_200022.jpg,False
data/raw_acquired/bangladeshi_vegetables/onion/bangladeshi_veg_IMG_20241101_200030.jpg,onion,Onion,data/raw_acquired/bangladeshi_vegetables/onion/bangladeshi_veg_IMG_20241101_190646.jpg,bangladeshi_vegetables,https://data.mendeley.com/datasets/b9rvg4f2st/4,CC BY 4.0,bangladeshi_veg_IMG_20241101_200030.jpg,False
data/raw_acquired/bangladeshi_vegetables/onion/bangladeshi_veg_IMG_20241101_200039.jpg,onion,Onion,data/raw_acquired/bangladeshi_vegetables/onion/bangladeshi_veg_IMG_20241101_190646.jpg,bangladeshi_vegetables,https://data.mendeley.com/datasets/b9rvg4f2st/4,CC BY 4.0,bangladeshi_veg_IMG_20241101_200039.jpg,False
data/raw_acquired/bangladeshi_vegetables/onion/bangladeshi_veg_IMG_20241101_200054.jpg,onion,Onion,data/raw_acquired/bangladeshi_vegetables/onion/bangladeshi_veg_IMG_20241101_190646.jpg,bangladeshi_vegetables,https://data.mendeley.com/datasets/b9rvg4f2st/4,CC BY 4.0,bangladeshi_veg_IMG_20241101_200054.jpg,False
data/raw_acquired/bangladeshi_vegetables/onion/bangladeshi_veg_IMG_20241101_200103.jpg,onion,Onion,data/raw_acquired/bangladeshi_vegetables/onion/bangladeshi_veg_IMG_20241101_190646.jpg,bangladeshi_vegetables,https://data.mendeley.com/datasets/b9rvg4f2st/4,CC BY 4.0,bangladeshi_veg_IMG_20241101_200103.jpg,False
data/raw_acquired/bangladeshi_vegetables/onion/bangladeshi_veg_IMG_20241101_200115.jpg,onion,Onion,data/raw_acquired/bangladeshi_vegetables/onion/bangladeshi_veg_IMG_20241101_190646.jpg,bangladeshi_vegetables,https://data.mendeley.com/datasets/b9rvg4f2st/4,CC BY 4.0,bangladeshi_veg_IMG_20241101_200115.jpg,False
data/raw_acquired/bangladeshi_vegetables/onion/bangladeshi_veg_IMG_20241101_200127.jpg,onion,Onion,data/raw_acquired/bangladeshi_vegetables/onion/bangladeshi_veg_IMG_20241101_190646.jpg,bangladeshi_vegetables,https://data.mendeley.com/datasets/b9rvg4f2st/4,CC BY 4.0,bangladeshi_veg_IMG_20241101_200127.jpg,False
data/raw_acquired/bangladeshi_vegetables/onion/bangladeshi_veg_IMG_20241101_200138.jpg,onion,Onion,data/raw_acquired/bangladeshi_vegetables/onion/bangladeshi_veg_IMG_20241101_190646.jpg,bangladeshi_vegetables,https://data.mendeley.com/datasets/b9rvg4f2st/4,CC BY 4.0,bangladeshi_veg_IMG_20241101_200138.jpg,False
data/raw_acquired/bangladeshi_vegetables/onion/bangladeshi_veg_IMG_20241101_200149.jpg,onion,Onion,data/raw_acquired/bangladeshi_vegetables/onion/bangladeshi_veg_IMG_20241101_190646.jpg,bangladeshi_vegetables,https://data.mendeley.com/datasets/b9rvg4f2st/4,CC BY 4.0,bangladeshi_veg_IMG_20241101_200149.jpg,False
data/raw_acquired/bangladeshi_vegetables/onion/bangladeshi_veg_IMG_20241101_200156.jpg,onion,Onion,data/raw_acquired/bangladeshi_vegetables/onion/bangladeshi_veg_IMG_20241101_190646.jpg,bangladeshi_vegetables,https://data.mendeley.com/datasets/b9rvg4f2st/4,CC BY 4.0,bangladeshi_veg_IMG_20241101_200156.jpg,False
data/raw_acquired/bangladeshi_vegetables/onion/bangladeshi_veg_IMG_20241101_200204.jpg,onion,Onion,data/raw_acquired/bangladeshi_vegetables/onion/bangladeshi_veg_IMG_20241101_190646.jpg,bangladeshi_vegetables,https://data.mendeley.com/datasets/b9rvg4f2st/4,CC BY 4.0,bangladeshi_veg_IMG_20241101_200204.jpg,False
data/raw_acquired/bangladeshi_vegetables/onion/bangladeshi_veg_IMG_20241101_200212.jpg,onion,Onion,data/raw_acquired/bangladeshi_vegetables/onion/bangladeshi_veg_IMG_20241101_190646.jpg,bangladeshi_vegetables,https://data.mendeley.com/datasets/b9rvg4f2st/4,CC BY 4.0,bangladeshi_veg_IMG_20241101_200212.jpg,False
data/raw_acquired/bangladeshi_vegetables/onion/bangladeshi_veg_IMG_20241101_200220.jpg,onion,Onion,data/raw_acquired/bangladeshi_vegetables/onion/bangladeshi_veg_IMG_20241101_190646.jpg,bangladeshi_vegetables,https://data.mendeley.com/datasets/b9rvg4f2st/4,CC BY 4.0,bangladeshi_veg_IMG_20241101_200220.jpg,False
data/raw_acquired/bangladeshi_vegetables/onion/bangladeshi_veg_IMG_20241101_200232.jpg,onion,Onion,data/raw_acquired/bangladeshi_vegetables/onion/bangladeshi_veg_IMG_20241101_190646.jpg,bangladeshi_vegetables,https://data.mendeley.com/datasets/b9rvg4f2st/4,CC BY 4.0,bangladeshi_veg_IMG_20241101_200232.jpg,False
data/raw_acquired/bangladeshi_vegetables/onion/bangladeshi_veg_IMG_20241101_200239.jpg,onion,Onion,data/raw_acquired/bangladeshi_vegetables/onion/bangladeshi_veg_IMG_20241101_190646.jpg,bangladeshi_vegetables,https://data.mendeley.com/datasets/b9rvg4f2st/4,CC BY 4.0,bangladeshi_veg_IMG_20241101_200239.jpg,False
data/raw_acquired/bangladeshi_vegetables/onion/bangladeshi_veg_IMG_20241101_200247.jpg,onion,Onion,data/raw_acquired/bangladeshi_vegetables/onion/bangladeshi_veg_IMG_20241101_190646.jpg,bangladeshi_vegetables,https://data.mendeley.com/datasets/b9rvg4f2st/4,CC BY 4.0,bangladeshi_veg_IMG_20241101_200247.jpg,False
data/raw_acquired/bangladeshi_vegetables/onion/bangladeshi_veg_IMG_20241101_200256.jpg,onion,Onion,data/raw_acquired/bangladeshi_vegetables/onion/bangladeshi_veg_IMG_20241101_190646.jpg,bangladeshi_vegetables,https://data.mendeley.com/datasets/b9rvg4f2st/4,CC BY 4.0,bangladeshi_veg_IMG_20241101_200256.jpg,False
data/raw_acquired/bangladeshi_vegetables/onion/bangladeshi_veg_IMG_20241101_200304.jpg,onion,Onion,data/raw_acquired/bangladeshi_vegetables/onion/bangladeshi_veg_IMG_20241101_190646.jpg,bangladeshi_vegetables,https://data.mendeley.com/datasets/b9rvg4f2st/4,CC BY 4.0,bangladeshi_veg_IMG_20241101_200304.jpg,False
data/raw_acquired/bangladeshi_vegetables/onion/bangladeshi_veg_IMG_20241101_200313.jpg,onion,Onion,data/raw_acquired/bangladeshi_vegetables/onion/bangladeshi_veg_IMG_20241101_190646.jpg,bangladeshi_vegetables,https://data.mendeley.com/datasets/b9rvg4f2st/4,CC BY 4.0,bangladeshi_veg_IMG_20241101_200313.jpg,False
data/raw_acquired/bangladeshi_vegetables/onion/bangladeshi_veg_IMG_20241101_200322.jpg,onion,Onion,data/raw_acquired/bangladeshi_vegetables/onion/bangladeshi_veg_IMG_20241101_190646.jpg,bangladeshi_vegetables,https://data.mendeley.com/datasets/b9rvg4f2st/4,CC BY 4.0,bangladeshi_veg_IMG_20241101_200322.jpg,False
data/raw_acquired/bangladeshi_vegetables/onion/bangladeshi_veg_IMG_20241101_200332.jpg,onion,Onion,data/raw_acquired/bangladeshi_vegetables/onion/bangladeshi_veg_IMG_20241101_190646.jpg,bangladeshi_vegetables,https://data.mendeley.com/datasets/b9rvg4f2st/4,CC BY 4.0,bangladeshi_veg_IMG_20241101_200332.jpg,False
data/raw_acquired/bangladeshi_vegetables/onion/bangladeshi_veg_IMG_20241101_200341.jpg,onion,Onion,data/raw_acquired/bangladeshi_vegetables/onion/bangladeshi_veg_IMG_20241101_190646.jpg,bangladeshi_vegetables,https://data.mendeley.com/datasets/b9rvg4f2st/4,CC BY 4.0,bangladeshi_veg_IMG_20241101_200341.jpg,False
data/raw_acquired/bangladeshi_vegetables/onion/bangladeshi_veg_IMG_20241101_200351.jpg,onion,Onion,data/raw_acquired/bangladeshi_vegetables/onion/bangladeshi_veg_IMG_20241101_190646.jpg,bangladeshi_vegetables,https://data.mendeley.com/datasets/b9rvg4f2st/4,CC BY 4.0,bangladeshi_veg_IMG_20241101_200351.jpg,False
data/raw_acquired/bangladeshi_vegetables/onion/bangladeshi_veg_IMG_20241101_200402.jpg,onion,Onion,data/raw_acquired/bangladeshi_vegetables/onion/bangladeshi_veg_IMG_20241101_190646.jpg,bangladeshi_vegetables,https://data.mendeley.com/datasets/b9rvg4f2st/4,CC BY 4.0,bangladeshi_veg_IMG_20241101_200402.jpg,False
data/raw_acquired/bangladeshi_vegetables/onion/bangladeshi_veg_IMG_20241101_200411.jpg,onion,Onion,data/raw_acquired/bangladeshi_vegetables/onion/bangladeshi_veg_IMG_20241101_190646.jpg,bangladeshi_vegetables,https://data.mendeley.com/datasets/b9rvg4f2st/4,CC BY 4.0,bangladeshi_veg_IMG_20241101_200411.jpg,False
data/raw_acquired/bangladeshi_vegetables/onion/bangladeshi_veg_IMG_20241101_200420.jpg,onion,Onion,data/raw_acquired/bangladeshi_vegetables/onion/bangladeshi_veg_IMG_20241101_190646.jpg,bangladeshi_vegetables,https://data.mendeley.com/datasets/b9rvg4f2st/4,CC BY 4.0,bangladeshi_veg_IMG_20241101_200420.jpg,False
data/raw_acquired/bangladeshi_vegetables/onion/bangladeshi_veg_IMG_20241101_200430.jpg,onion,Onion,data/raw_acquired/bangladeshi_vegetables/onion/bangladeshi_veg_IMG_20241101_190646.jpg,bangladeshi_vegetables,https://data.mendeley.com/datasets/b9rvg4f2st/4,CC BY 4.0,bangladeshi_veg_IMG_20241101_200430.jpg,False
data/raw_acquired/bangladeshi_vegetables/onion/bangladeshi_veg_IMG_20241101_200437.jpg,onion,Onion,data/raw_acquired/bangladeshi_vegetables/onion/bangladeshi_veg_IMG_20241101_190646.jpg,bangladeshi_vegetables,https://data.mendeley.com/datasets/b9rvg4f2st/4,CC BY 4.0,bangladeshi_veg_IMG_20241101_200437.jpg,False
data/raw_acquired/bangladeshi_vegetables/onion/bangladeshi_veg_IMG_20241101_200446.jpg,onion,Onion,data/raw_acquired/bangladeshi_vegetables/onion/bangladeshi_veg_IMG_20241101_190646.jpg,bangladeshi_vegetables,https://data.mendeley.com/datasets/b9rvg4f2st/4,CC BY 4.0,bangladeshi_veg_IMG_20241101_200446.jpg,False
data/raw_acquired/bangladeshi_vegetables/onion/bangladeshi_veg_IMG_20241101_200814.jpg,onion,Onion,data/raw_acquired/bangladeshi_vegetables/onion/bangladeshi_veg_IMG_20241101_200814.jpg,bangladeshi_vegetables,https://data.mendeley.com/datasets/b9rvg4f2st/4,CC BY 4.0,bangladeshi_veg_IMG_20241101_200814.jpg,False
data/raw_acquired/bangladeshi_vegetables/onion/bangladeshi_veg_IMG_20241101_200828.jpg,onion,Onion,data/raw_acquired/bangladeshi_vegetables/onion/bangladeshi_veg_IMG_20241101_200814.jpg,bangladeshi_vegetables,https://data.mendeley.com/datasets/b9rvg4f2st/4,CC BY 4.0,bangladeshi_veg_IMG_20241101_200828.jpg,False
data/raw_acquired/bangladeshi_vegetables/onion/bangladeshi_veg_IMG_20241101_200835.jpg,onion,Onion,data/raw_acquired/bangladeshi_vegetables/onion/bangladeshi_veg_IMG_20241101_200814.jpg,bangladeshi_vegetables,https://data.mendeley.com/datasets/b9rvg4f2st/4,CC BY 4.0,bangladeshi_veg_IMG_20241101_200835.jpg,False
data/raw_acquired/bangladeshi_vegetables/onion/bangladeshi_veg_IMG_20241101_200842.jpg,onion,Onion,data/raw_acquired/bangladeshi_vegetables/onion/bangladeshi_veg_IMG_20241101_200814.jpg,bangladeshi_vegetables,https://data.mendeley.com/datasets/b9rvg4f2st/4,CC BY 4.0,bangladeshi_veg_IMG_20241101_200842.jpg,False
data/raw_acquired/bangladeshi_vegetables/onion/bangladeshi_veg_IMG_20241101_200847.jpg,onion,Onion,data/raw_acquired/bangladeshi_vegetables/onion/bangladeshi_veg_IMG_20241101_200814.jpg,bangladeshi_vegetables,https://data.mendeley.com/datasets/b9rvg4f2st/4,CC BY 4.0,bangladeshi_veg_IMG_20241101_200847.jpg,False
data/raw_acquired/bangladeshi_vegetables/onion/bangladeshi_veg_IMG_20241101_200853.jpg,onion,Onion,data/raw_acquired/bangladeshi_vegetables/onion/bangladeshi_veg_IMG_20241101_200814.jpg,bangladeshi_vegetables,https://data.mendeley.com/datasets/b9rvg4f2st/4,CC BY 4.0,bangladeshi_veg_IMG_20241101_200853.jpg,False
data/raw_acquired/bangladeshi_vegetables/onion/bangladeshi_veg_IMG_20241101_200902.jpg,onion,Onion,data/raw_acquired/bangladeshi_vegetables/onion/bangladeshi_veg_IMG_20241101_200814.jpg,bangladeshi_vegetables,https://data.mendeley.com/datasets/b9rvg4f2st/4,CC BY 4.0,bangladeshi_veg_IMG_20241101_200902.jpg,False
data/raw_acquired/bangladeshi_vegetables/onion/bangladeshi_veg_IMG_20241101_200908.jpg,onion,Onion,data/raw_acquired/bangladeshi_vegetables/onion/bangladeshi_veg_IMG_20241101_200814.jpg,bangladeshi_vegetables,https://data.mendeley.com/datasets/b9rvg4f2st/4,CC BY 4.0,bangladeshi_veg_IMG_20241101_200908.jpg,False
data/raw_acquired/bangladeshi_vegetables/onion/bangladeshi_veg_IMG_20241101_200914.jpg,onion,Onion,data/raw_acquired/bangladeshi_vegetables/onion/bangladeshi_veg_IMG_20241101_200814.jpg,bangladeshi_vegetables,https://data.mendeley.com/datasets/b9rvg4f2st/4,CC BY 4.0,bangladeshi_veg_IMG_20241101_200914.jpg,False
data/raw_acquired/bangladeshi_vegetables/onion/bangladeshi_veg_IMG_20241101_200926.jpg,onion,Onion,data/raw_acquired/bangladeshi_vegetables/onion/bangladeshi_veg_IMG_20241101_200814.jpg,bangladeshi_vegetables,https://data.mendeley.com/datasets/b9rvg4f2st/4,CC BY 4.0,bangladeshi_veg_IMG_20241101_200926.jpg,False
data/raw_acquired/bangladeshi_vegetables/onion/bangladeshi_veg_IMG_20241101_200939.jpg,onion,Onion,data/raw_acquired/bangladeshi_vegetables/onion/bangladeshi_veg_IMG_20241101_200814.jpg,bangladeshi_vegetables,https://data.mendeley.com/datasets/b9rvg4f2st/4,CC BY 4.0,bangladeshi_veg_IMG_20241101_200939.jpg,False
data/raw_acquired/bangladeshi_vegetables/onion/bangladeshi_veg_IMG_20241101_200948.jpg,onion,Onion,data/raw_acquired/bangladeshi_vegetables/onion/bangladeshi_veg_IMG_20241101_200814.jpg,bangladeshi_vegetables,https://data.mendeley.com/datasets/b9rvg4f2st/4,CC BY 4.0,bangladeshi_veg_IMG_20241101_200948.jpg,False
data/raw_acquired/bangladeshi_vegetables/onion/bangladeshi_veg_IMG_20241101_200954.jpg,onion,Onion,data/raw_acquired/bangladeshi_vegetables/onion/bangladeshi_veg_IMG_20241101_200814.jpg,bangladeshi_vegetables,https://data.mendeley.com/datasets/b9rvg4f2st/4,CC BY 4.0,bangladeshi_veg_IMG_20241101_200954.jpg,False
data/raw_acquired/bangladeshi_vegetables/onion/bangladeshi_veg_IMG_20241101_200959.jpg,onion,Onion,data/raw_acquired/bangladeshi_vegetables/onion/bangladeshi_veg_IMG_20241101_200814.jpg,bangladeshi_vegetables,https://data.mendeley.com/datasets/b9rvg4f2st/4,CC BY 4.0,bangladeshi_veg_IMG_20241101_200959.jpg,False
data/raw_acquired/bangladeshi_vegetables/onion/bangladeshi_veg_IMG_20241101_201006.jpg,onion,Onion,data/raw_acquired/bangladeshi_vegetables/onion/bangladeshi_veg_IMG_20241101_200814.jpg,bangladeshi_vegetables,https://data.mendeley.com/datasets/b9rvg4f2st/4,CC BY 4.0,bangladeshi_veg_IMG_20241101_201006.jpg,False
data/raw_acquired/bangladeshi_vegetables/onion/bangladeshi_veg_IMG_20241101_201012.jpg,onion,Onion,data/raw_acquired/bangladeshi_vegetables/onion/bangladeshi_veg_IMG_20241101_200814.jpg,bangladeshi_vegetables,https://data.mendeley.com/datasets/b9rvg4f2st/4,CC BY 4.0,bangladeshi_veg_IMG_20241101_201012.jpg,False
data/raw_acquired/bangladeshi_vegetables/onion/bangladeshi_veg_IMG_20241101_201018.jpg,onion,Onion,data/raw_acquired/bangladeshi_vegetables/onion/bangladeshi_veg_IMG_20241101_200814.jpg,bangladeshi_vegetables,https://data.mendeley.com/datasets/b9rvg4f2st/4,CC BY 4.0,bangladeshi_veg_IMG_20241101_201018.jpg,False
data/raw_acquired/bangladeshi_vegetables/onion/bangladeshi_veg_IMG_20241101_201023.jpg,onion,Onion,data/raw_acquired/bangladeshi_vegetables/onion/bangladeshi_veg_IMG_20241101_200814.jpg,bangladeshi_vegetables,https://data.mendeley.com/datasets/b9rvg4f2st/4,CC BY 4.0,bangladeshi_veg_IMG_20241101_201023.jpg,False
data/raw_acquired/bangladeshi_vegetables/onion/bangladeshi_veg_IMG_20241101_201031.jpg,onion,Onion,data/raw_acquired/bangladeshi_vegetables/onion/bangladeshi_veg_IMG_20241101_200814.jpg,bangladeshi_vegetables,https://data.mendeley.com/datasets/b9rvg4f2st/4,CC BY 4.0,bangladeshi_veg_IMG_20241101_201031.jpg,False
data/raw_acquired/bangladeshi_vegetables/onion/bangladeshi_veg_IMG_20241101_201045.jpg,onion,Onion,data/raw_acquired/bangladeshi_vegetables/onion/bangladeshi_veg_IMG_20241101_200814.jpg,bangladeshi_vegetables,https://data.mendeley.com/datasets/b9rvg4f2st/4,CC BY 4.0,bangladeshi_veg_IMG_20241101_201045.jpg,False
data/raw_acquired/bangladeshi_vegetables/onion/bangladeshi_veg_IMG_20241101_201053.jpg,onion,Onion,data/raw_acquired/bangladeshi_vegetables/onion/bangladeshi_veg_IMG_20241101_200814.jpg,bangladeshi_vegetables,https://data.mendeley.com/datasets/b9rvg4f2st/4,CC BY 4.0,bangladeshi_veg_IMG_20241101_201053.jpg,False
data/raw_acquired/bangladeshi_vegetables/onion/bangladeshi_veg_IMG_20241101_201101.jpg,onion,Onion,data/raw_acquired/bangladeshi_vegetables/onion/bangladeshi_veg_IMG_20241101_200814.jpg,bangladeshi_vegetables,https://data.mendeley.com/datasets/b9rvg4f2st/4,CC BY 4.0,bangladeshi_veg_IMG_20241101_201101.jpg,False
data/raw_acquired/bangladeshi_vegetables/onion/bangladeshi_veg_IMG_20241101_201109.jpg,onion,Onion,data/raw_acquired/bangladeshi_vegetables/onion/bangladeshi_veg_IMG_20241101_200814.jpg,bangladeshi_vegetables,https://data.mendeley.com/datasets/b9rvg4f2st/4,CC BY 4.0,bangladeshi_veg_IMG_20241101_201109.jpg,False
data/raw_acquired/bangladeshi_vegetables/onion/bangladeshi_veg_IMG_20241101_201117.jpg,onion,Onion,data/raw_acquired/bangladeshi_vegetables/onion/bangladeshi_veg_IMG_20241101_200814.jpg,bangladeshi_vegetables,https://data.mendeley.com/datasets/b9rvg4f2st/4,CC BY 4.0,bangladeshi_veg_IMG_20241101_201117.jpg,False
data/raw_acquired/bangladeshi_vegetables/onion/bangladeshi_veg_IMG_20241101_201129.jpg,onion,Onion,data/raw_acquired/bangladeshi_vegetables/onion/bangladeshi_veg_IMG_20241101_200814.jpg,bangladeshi_vegetables,https://data.mendeley.com/datasets/b9rvg4f2st/4,CC BY 4.0,bangladeshi_veg_IMG_20241101_201129.jpg,False
data/raw_acquired/bangladeshi_vegetables/onion/bangladeshi_veg_IMG_20241101_201134.jpg,onion,Onion,data/raw_acquired/bangladeshi_vegetables/onion/bangladeshi_veg_IMG_20241101_200814.jpg,bangladeshi_vegetables,https://data.mendeley.com/datasets/b9rvg4f2st/4,CC BY 4.0,bangladeshi_veg_IMG_20241101_201134.jpg,False
data/raw_acquired/bangladeshi_vegetables/onion/bangladeshi_veg_IMG_20241101_201140.jpg,onion,Onion,data/raw_acquired/bangladeshi_vegetables/onion/bangladeshi_veg_IMG_20241101_200814.jpg,bangladeshi_vegetables,https://data.mendeley.com/datasets/b9rvg4f2st/4,CC BY 4.0,bangladeshi_veg_IMG_20241101_201140.jpg,False
data/raw_acquired/bangladeshi_vegetables/onion/bangladeshi_veg_IMG_20241101_201145.jpg,onion,Onion,data/raw_acquired/bangladeshi_vegetables/onion/bangladeshi_veg_IMG_20241101_200814.jpg,bangladeshi_vegetables,https://data.mendeley.com/datasets/b9rvg4f2st/4,CC BY 4.0,bangladeshi_veg_IMG_20241101_201145.jpg,False
data/raw_acquired/bangladeshi_vegetables/onion/bangladeshi_veg_IMG_20241101_201151.jpg,onion,Onion,data/raw_acquired/bangladeshi_vegetables/onion/bangladeshi_veg_IMG_20241101_200814.jpg,bangladeshi_vegetables,https://data.mendeley.com/datasets/b9rvg4f2st/4,CC BY 4.0,bangladeshi_veg_IMG_20241101_201151.jpg,False
data/raw_acquired/bangladeshi_vegetables/onion/bangladeshi_veg_IMG_20241101_201159.jpg,onion,Onion,data/raw_acquired/bangladeshi_vegetables/onion/bangladeshi_veg_IMG_20241101_200814.jpg,bangladeshi_vegetables,https://data.mendeley.com/datasets/b9rvg4f2st/4,CC BY 4.0,bangladeshi_veg_IMG_20241101_201159.jpg,False
data/raw_acquired/bangladeshi_vegetables/onion/bangladeshi_veg_IMG_20241101_201210.jpg,onion,Onion,data/raw_acquired/bangladeshi_vegetables/onion/bangladeshi_veg_IMG_20241101_200814.jpg,bangladeshi_vegetables,https://data.mendeley.com/datasets/b9rvg4f2st/4,CC BY 4.0,bangladeshi_veg_IMG_20241101_201210.jpg,False
data/raw_acquired/bangladeshi_vegetables/onion/bangladeshi_veg_IMG_20241101_201221.jpg,onion,Onion,data/raw_acquired/bangladeshi_vegetables/onion/bangladeshi_veg_IMG_20241101_200814.jpg,bangladeshi_vegetables,https://data.mendeley.com/datasets/b9rvg4f2st/4,CC BY 4.0,bangladeshi_veg_IMG_20241101_201221.jpg,False
data/raw_acquired/bangladeshi_vegetables/onion/bangladeshi_veg_IMG_20241101_201316.jpg,onion,Onion,data/raw_acquired/bangladeshi_vegetables/onion/bangladeshi_veg_IMG_20241101_190646.jpg,bangladeshi_vegetables,https://data.mendeley.com/datasets/b9rvg4f2st/4,CC BY 4.0,bangladeshi_veg_IMG_20241101_201316.jpg,False
data/raw_acquired/bangladeshi_vegetables/onion/bangladeshi_veg_IMG_20241101_201325.jpg,onion,Onion,data/raw_acquired/bangladeshi_vegetables/onion/bangladeshi_veg_IMG_20241101_190646.jpg,bangladeshi_vegetables,https://data.mendeley.com/datasets/b9rvg4f2st/4,CC BY 4.0,bangladeshi_veg_IMG_20241101_201325.jpg,False
data/raw_acquired/bangladeshi_vegetables/onion/bangladeshi_veg_IMG_20241101_201333.jpg,onion,Onion,data/raw_acquired/bangladeshi_vegetables/onion/bangladeshi_veg_IMG_20241101_190646.jpg,bangladeshi_vegetables,https://data.mendeley.com/datasets/b9rvg4f2st/4,CC BY 4.0,bangladeshi_veg_IMG_20241101_201333.jpg,False
data/raw_acquired/bangladeshi_vegetables/onion/bangladeshi_veg_IMG_20241101_201343.jpg,onion,Onion,data/raw_acquired/bangladeshi_vegetables/onion/bangladeshi_veg_IMG_20241101_190646.jpg,bangladeshi_vegetables,https://data.mendeley.com/datasets/b9rvg4f2st/4,CC BY 4.0,bangladeshi_veg_IMG_20241101_201343.jpg,False
data/raw_acquired/bangladeshi_vegetables/onion/bangladeshi_veg_IMG_20241101_201353.jpg,onion,Onion,data/raw_acquired/bangladeshi_vegetables/onion/bangladeshi_veg_IMG_20241101_190646.jpg,bangladeshi_vegetables,https://data.mendeley.com/datasets/b9rvg4f2st/4,CC BY 4.0,bangladeshi_veg_IMG_20241101_201353.jpg,False
data/raw_acquired/bangladeshi_vegetables/onion/bangladeshi_veg_IMG_20241101_201400.jpg,onion,Onion,data/raw_acquired/bangladeshi_vegetables/onion/bangladeshi_veg_IMG_20241101_190646.jpg,bangladeshi_vegetables,https://data.mendeley.com/datasets/b9rvg4f2st/4,CC BY 4.0,bangladeshi_veg_IMG_20241101_201400.jpg,False
data/raw_acquired/bangladeshi_vegetables/onion/bangladeshi_veg_IMG_20241101_201407.jpg,onion,Onion,data/raw_acquired/bangladeshi_vegetables/onion/bangladeshi_veg_IMG_20241101_190646.jpg,bangladeshi_vegetables,https://data.mendeley.com/datasets/b9rvg4f2st/4,CC BY 4.0,bangladeshi_veg_IMG_20241101_201407.jpg,False
data/raw_acquired/bangladeshi_vegetables/onion/bangladeshi_veg_IMG_20241101_201413.jpg,onion,Onion,data/raw_acquired/bangladeshi_vegetables/onion/bangladeshi_veg_IMG_20241101_190646.jpg,bangladeshi_vegetables,https://data.mendeley.com/datasets/b9rvg4f2st/4,CC BY 4.0,bangladeshi_veg_IMG_20241101_201413.jpg,False
data/raw_acquired/bangladeshi_vegetables/onion/bangladeshi_veg_IMG_20241101_201426.jpg,onion,Onion,data/raw_acquired/bangladeshi_vegetables/onion/bangladeshi_veg_IMG_20241101_190646.jpg,bangladeshi_vegetables,https://data.mendeley.com/datasets/b9rvg4f2st/4,CC BY 4.0,bangladeshi_veg_IMG_20241101_201426.jpg,False
data/raw_acquired/bangladeshi_vegetables/onion/bangladeshi_veg_IMG_20241101_201435.jpg,onion,Onion,data/raw_acquired/bangladeshi_vegetables/onion/bangladeshi_veg_IMG_20241101_190646.jpg,bangladeshi_vegetables,https://data.mendeley.com/datasets/b9rvg4f2st/4,CC BY 4.0,bangladeshi_veg_IMG_20241101_201435.jpg,False
data/raw_acquired/bangladeshi_vegetables/onion/bangladeshi_veg_IMG_20241101_201443.jpg,onion,Onion,data/raw_acquired/bangladeshi_vegetables/onion/bangladeshi_veg_IMG_20241101_190646.jpg,bangladeshi_vegetables,https://data.mendeley.com/datasets/b9rvg4f2st/4,CC BY 4.0,bangladeshi_veg_IMG_20241101_201443.jpg,False
data/raw_acquired/bangladeshi_vegetables/onion/bangladeshi_veg_IMG_20241101_201454.jpg,onion,Onion,data/raw_acquired/bangladeshi_vegetables/onion/bangladeshi_veg_IMG_20241101_190646.jpg,bangladeshi_vegetables,https://data.mendeley.com/datasets/b9rvg4f2st/4,CC BY 4.0,bangladeshi_veg_IMG_20241101_201454.jpg,False
data/raw_acquired/bangladeshi_vegetables/onion/bangladeshi_veg_IMG_20241101_201501.jpg,onion,Onion,data/raw_acquired/bangladeshi_vegetables/onion/bangladeshi_veg_IMG_20241101_190646.jpg,bangladeshi_vegetables,https://data.mendeley.com/datasets/b9rvg4f2st/4,CC BY 4.0,bangladeshi_veg_IMG_20241101_201501.jpg,False
data/raw_acquired/bangladeshi_vegetables/onion/bangladeshi_veg_IMG_20241101_201510.jpg,onion,Onion,data/raw_acquired/bangladeshi_vegetables/onion/bangladeshi_veg_IMG_20241101_190646.jpg,bangladeshi_vegetables,https://data.mendeley.com/datasets/b9rvg4f2st/4,CC BY 4.0,bangladeshi_veg_IMG_20241101_201510.jpg,False
data/raw_acquired/bangladeshi_vegetables/onion/bangladeshi_veg_IMG_20241101_201521.jpg,onion,Onion,data/raw_acquired/bangladeshi_vegetables/onion/bangladeshi_veg_IMG_20241101_190646.jpg,bangladeshi_vegetables,https://data.mendeley.com/datasets/b9rvg4f2st/4,CC BY 4.0,bangladeshi_veg_IMG_20241101_201521.jpg,False
data/raw_acquired/bangladeshi_vegetables/onion/bangladeshi_veg_IMG_20241101_201528.jpg,onion,Onion,data/raw_acquired/bangladeshi_vegetables/onion/bangladeshi_veg_IMG_20241101_190646.jpg,bangladeshi_vegetables,https://data.mendeley.com/datasets/b9rvg4f2st/4,CC BY 4.0,bangladeshi_veg_IMG_20241101_201528.jpg,False
data/raw_acquired/bangladeshi_vegetables/onion/bangladeshi_veg_IMG_20241101_201538.jpg,onion,Onion,data/raw_acquired/bangladeshi_vegetables/onion/bangladeshi_veg_IMG_20241101_190646.jpg,bangladeshi_vegetables,https://data.mendeley.com/datasets/b9rvg4f2st/4,CC BY 4.0,bangladeshi_veg_IMG_20241101_201538.jpg,False
data/raw_acquired/bangladeshi_vegetables/onion/bangladeshi_veg_IMG_20241101_201546.jpg,onion,Onion,data/raw_acquired/bangladeshi_vegetables/onion/bangladeshi_veg_IMG_20241101_190646.jpg,bangladeshi_vegetables,https://data.mendeley.com/datasets/b9rvg4f2st/4,CC BY 4.0,bangladeshi_veg_IMG_20241101_201546.jpg,False
data/raw_acquired/bangladeshi_vegetables/onion/bangladeshi_veg_IMG_20241101_201557.jpg,onion,Onion,data/raw_acquired/bangladeshi_vegetables/onion/bangladeshi_veg_IMG_20241101_190646.jpg,bangladeshi_vegetables,https://data.mendeley.com/datasets/b9rvg4f2st/4,CC BY 4.0,bangladeshi_veg_IMG_20241101_201557.jpg,False
data/raw_acquired/bangladeshi_vegetables/onion/bangladeshi_veg_IMG_20241101_201604.jpg,onion,Onion,data/raw_acquired/bangladeshi_vegetables/onion/bangladeshi_veg_IMG_20241101_190646.jpg,bangladeshi_vegetables,https://data.mendeley.com/datasets/b9rvg4f2st/4,CC BY 4.0,bangladeshi_veg_IMG_20241101_201604.jpg,False
data/raw_acquired/bangladeshi_vegetables/onion/bangladeshi_veg_IMG_20241101_201611.jpg,onion,Onion,data/raw_acquired/bangladeshi_vegetables/onion/bangladeshi_veg_IMG_20241101_190646.jpg,bangladeshi_vegetables,https://data.mendeley.com/datasets/b9rvg4f2st/4,CC BY 4.0,bangladeshi_veg_IMG_20241101_201611.jpg,False
data/raw_acquired/bangladeshi_vegetables/onion/bangladeshi_veg_IMG_20241101_201619.jpg,onion,Onion,data/raw_acquired/bangladeshi_vegetables/onion/bangladeshi_veg_IMG_20241101_190646.jpg,bangladeshi_vegetables,https://data.mendeley.com/datasets/b9rvg4f2st/4,CC BY 4.0,bangladeshi_veg_IMG_20241101_201619.jpg,False
data/raw_acquired/bangladeshi_vegetables/onion/bangladeshi_veg_IMG_20241101_201627.jpg,onion,Onion,data/raw_acquired/bangladeshi_vegetables/onion/bangladeshi_veg_IMG_20241101_190646.jpg,bangladeshi_vegetables,https://data.mendeley.com/datasets/b9rvg4f2st/4,CC BY 4.0,bangladeshi_veg_IMG_20241101_201627.jpg,False
data/raw_acquired/bangladeshi_vegetables/onion/bangladeshi_veg_IMG_20241101_201633.jpg,onion,Onion,data/raw_acquired/bangladeshi_vegetables/onion/bangladeshi_veg_IMG_20241101_190646.jpg,bangladeshi_vegetables,https://data.mendeley.com/datasets/b9rvg4f2st/4,CC BY 4.0,bangladeshi_veg_IMG_20241101_201633.jpg,False
data/raw_acquired/bangladeshi_vegetables/onion/bangladeshi_veg_IMG_20241101_201640.jpg,onion,Onion,data/raw_acquired/bangladeshi_vegetables/onion/bangladeshi_veg_IMG_20241101_190646.jpg,bangladeshi_vegetables,https://data.mendeley.com/datasets/b9rvg4f2st/4,CC BY 4.0,bangladeshi_veg_IMG_20241101_201640.jpg,False
data/raw_acquired/bangladeshi_vegetables/onion/bangladeshi_veg_IMG_20241101_201648.jpg,onion,Onion,data/raw_acquired/bangladeshi_vegetables/onion/bangladeshi_veg_IMG_20241101_190646.jpg,bangladeshi_vegetables,https://data.mendeley.com/datasets/b9rvg4f2st/4,CC BY 4.0,bangladeshi_veg_IMG_20241101_201648.jpg,False
data/raw_acquired/bangladeshi_vegetables/onion/bangladeshi_veg_IMG_20241101_201657.jpg,onion,Onion,data/raw_acquired/bangladeshi_vegetables/onion/bangladeshi_veg_IMG_20241101_190646.jpg,bangladeshi_vegetables,https://data.mendeley.com/datasets/b9rvg4f2st/4,CC BY 4.0,bangladeshi_veg_IMG_20241101_201657.jpg,False
data/raw_acquired/bangladeshi_vegetables/onion/bangladeshi_veg_IMG_20241101_201703.jpg,onion,Onion,data/raw_acquired/bangladeshi_vegetables/onion/bangladeshi_veg_IMG_20241101_190646.jpg,bangladeshi_vegetables,https://data.mendeley.com/datasets/b9rvg4f2st/4,CC BY 4.0,bangladeshi_veg_IMG_20241101_201703.jpg,False
data/raw_acquired/bangladeshi_vegetables/onion/bangladeshi_veg_IMG_20241101_201710.jpg,onion,Onion,data/raw_acquired/bangladeshi_vegetables/onion/bangladeshi_veg_IMG_20241101_190646.jpg,bangladeshi_vegetables,https://data.mendeley.com/datasets/b9rvg4f2st/4,CC BY 4.0,bangladeshi_veg_IMG_20241101_201710.jpg,False
data/raw_acquired/bangladeshi_vegetables/onion/bangladeshi_veg_IMG_20241101_201716.jpg,onion,Onion,data/raw_acquired/bangladeshi_vegetables/onion/bangladeshi_veg_IMG_20241101_190646.jpg,bangladeshi_vegetables,https://data.mendeley.com/datasets/b9rvg4f2st/4,CC BY 4.0,bangladeshi_veg_IMG_20241101_201716.jpg,False
data/raw_acquired/bangladeshi_vegetables/onion/bangladeshi_veg_IMG_20241101_201723.jpg,onion,Onion,data/raw_acquired/bangladeshi_vegetables/onion/bangladeshi_veg_IMG_20241101_190646.jpg,bangladeshi_vegetables,https://data.mendeley.com/datasets/b9rvg4f2st/4,CC BY 4.0,bangladeshi_veg_IMG_20241101_201723.jpg,False
data/raw_acquired/bangladeshi_vegetables/onion/bangladeshi_veg_IMG_20241101_201733.jpg,onion,Onion,data/raw_acquired/bangladeshi_vegetables/onion/bangladeshi_veg_IMG_20241101_190646.jpg,bangladeshi_vegetables,https://data.mendeley.com/datasets/b9rvg4f2st/4,CC BY 4.0,bangladeshi_veg_IMG_20241101_201733.jpg,False
data/raw_acquired/bangladeshi_vegetables/onion/bangladeshi_veg_IMG_20241101_201834.jpg,onion,Onion,data/raw_acquired/bangladeshi_vegetables/onion/bangladeshi_veg_IMG_20241101_190646.jpg,bangladeshi_vegetables,https://data.mendeley.com/datasets/b9rvg4f2st/4,CC BY 4.0,bangladeshi_veg_IMG_20241101_201834.jpg,False
data/raw_acquired/bangladeshi_vegetables/onion/bangladeshi_veg_IMG_20241101_201845.jpg,onion,Onion,data/raw_acquired/bangladeshi_vegetables/onion/bangladeshi_veg_IMG_20241101_190646.jpg,bangladeshi_vegetables,https://data.mendeley.com/datasets/b9rvg4f2st/4,CC BY 4.0,bangladeshi_veg_IMG_20241101_201845.jpg,False
data/raw_acquired/bangladeshi_vegetables/onion/bangladeshi_veg_IMG_20241101_201852.jpg,onion,Onion,data/raw_acquired/bangladeshi_vegetables/onion/bangladeshi_veg_IMG_20241101_190646.jpg,bangladeshi_vegetables,https://data.mendeley.com/datasets/b9rvg4f2st/4,CC BY 4.0,bangladeshi_veg_IMG_20241101_201852.jpg,False
data/raw_acquired/bangladeshi_vegetables/onion/bangladeshi_veg_IMG_20241101_201859.jpg,onion,Onion,data/raw_acquired/bangladeshi_vegetables/onion/bangladeshi_veg_IMG_20241101_190646.jpg,bangladeshi_vegetables,https://data.mendeley.com/datasets/b9rvg4f2st/4,CC BY 4.0,bangladeshi_veg_IMG_20241101_201859.jpg,False
data/raw_acquired/bangladeshi_vegetables/onion/bangladeshi_veg_IMG_20241101_201909.jpg,onion,Onion,data/raw_acquired/bangladeshi_vegetables/onion/bangladeshi_veg_IMG_20241101_190646.jpg,bangladeshi_vegetables,https://data.mendeley.com/datasets/b9rvg4f2st/4,CC BY 4.0,bangladeshi_veg_IMG_20241101_201909.jpg,False
data/raw_acquired/bangladeshi_vegetables/onion/bangladeshi_veg_IMG_20241101_201916.jpg,onion,Onion,data/raw_acquired/bangladeshi_vegetables/onion/bangladeshi_veg_IMG_20241101_190646.jpg,bangladeshi_vegetables,https://data.mendeley.com/datasets/b9rvg4f2st/4,CC BY 4.0,bangladeshi_veg_IMG_20241101_201916.jpg,False
data/raw_acquired/bangladeshi_vegetables/onion/bangladeshi_veg_IMG_20241101_201925.jpg,onion,Onion,data/raw_acquired/bangladeshi_vegetables/onion/bangladeshi_veg_IMG_20241101_190646.jpg,bangladeshi_vegetables,https://data.mendeley.com/datasets/b9rvg4f2st/4,CC BY 4.0,bangladeshi_veg_IMG_20241101_201925.jpg,False
data/raw_acquired/bangladeshi_vegetables/onion/bangladeshi_veg_IMG_20241101_201933.jpg,onion,Onion,data/raw_acquired/bangladeshi_vegetables/onion/bangladeshi_veg_IMG_20241101_190646.jpg,bangladeshi_vegetables,https://data.mendeley.com/datasets/b9rvg4f2st/4,CC BY 4.0,bangladeshi_veg_IMG_20241101_201933.jpg,False
data/raw_acquired/bangladeshi_vegetables/onion/bangladeshi_veg_IMG_20241101_201942.jpg,onion,Onion,data/raw_acquired/bangladeshi_vegetables/onion/bangladeshi_veg_IMG_20241101_190646.jpg,bangladeshi_vegetables,https://data.mendeley.com/datasets/b9rvg4f2st/4,CC BY 4.0,bangladeshi_veg_IMG_20241101_201942.jpg,False
data/raw_acquired/bangladeshi_vegetables/onion/bangladeshi_veg_IMG_20241101_201950.jpg,onion,Onion,data/raw_acquired/bangladeshi_vegetables/onion/bangladeshi_veg_IMG_20241101_190646.jpg,bangladeshi_vegetables,https://data.mendeley.com/datasets/b9rvg4f2st/4,CC BY 4.0,bangladeshi_veg_IMG_20241101_201950.jpg,False
data/raw_acquired/bangladeshi_vegetables/onion/bangladeshi_veg_IMG_20241101_201956.jpg,onion,Onion,data/raw_acquired/bangladeshi_vegetables/onion/bangladeshi_veg_IMG_20241101_190646.jpg,bangladeshi_vegetables,https://data.mendeley.com/datasets/b9rvg4f2st/4,CC BY 4.0,bangladeshi_veg_IMG_20241101_201956.jpg,False
data/raw_acquired/bangladeshi_vegetables/onion/bangladeshi_veg_IMG_20241101_202001.jpg,onion,Onion,data/raw_acquired/bangladeshi_vegetables/onion/bangladeshi_veg_IMG_20241101_190646.jpg,bangladeshi_vegetables,https://data.mendeley.com/datasets/b9rvg4f2st/4,CC BY 4.0,bangladeshi_veg_IMG_20241101_202001.jpg,False
data/raw_acquired/bangladeshi_vegetables/onion/bangladeshi_veg_IMG_20241101_202007.jpg,onion,Onion,data/raw_acquired/bangladeshi_vegetables/onion/bangladeshi_veg_IMG_20241101_190646.jpg,bangladeshi_vegetables,https://data.mendeley.com/datasets/b9rvg4f2st/4,CC BY 4.0,bangladeshi_veg_IMG_20241101_202007.jpg,False
data/raw_acquired/bangladeshi_vegetables/onion/bangladeshi_veg_IMG_20241101_202011.jpg,onion,Onion,data/raw_acquired/bangladeshi_vegetables/onion/bangladeshi_veg_IMG_20241101_190646.jpg,bangladeshi_vegetables,https://data.mendeley.com/datasets/b9rvg4f2st/4,CC BY 4.0,bangladeshi_veg_IMG_20241101_202011.jpg,False
data/raw_acquired/bangladeshi_vegetables/onion/bangladeshi_veg_IMG_20241101_202031.jpg,onion,Onion,data/raw_acquired/bangladeshi_vegetables/onion/bangladeshi_veg_IMG_20241101_190646.jpg,bangladeshi_vegetables,https://data.mendeley.com/datasets/b9rvg4f2st/4,CC BY 4.0,bangladeshi_veg_IMG_20241101_202031.jpg,False
data/raw_acquired/bangladeshi_vegetables/onion/bangladeshi_veg_IMG_20241101_202037.jpg,onion,Onion,data/raw_acquired/bangladeshi_vegetables/onion/bangladeshi_veg_IMG_20241101_190646.jpg,bangladeshi_vegetables,https://data.mendeley.com/datasets/b9rvg4f2st/4,CC BY 4.0,bangladeshi_veg_IMG_20241101_202037.jpg,False
data/raw_acquired/bangladeshi_vegetables/onion/bangladeshi_veg_IMG_20241101_202046.jpg,onion,Onion,data/raw_acquired/bangladeshi_vegetables/onion/bangladeshi_veg_IMG_20241101_190646.jpg,bangladeshi_vegetables,https://data.mendeley.com/datasets/b9rvg4f2st/4,CC BY 4.0,bangladeshi_veg_IMG_20241101_202046.jpg,False
data/raw_acquired/bangladeshi_vegetables/onion/bangladeshi_veg_IMG_20241101_202052.jpg,onion,Onion,data/raw_acquired/bangladeshi_vegetables/onion/bangladeshi_veg_IMG_20241101_190646.jpg,bangladeshi_vegetables,https://data.mendeley.com/datasets/b9rvg4f2st/4,CC BY 4.0,bangladeshi_veg_IMG_20241101_202052.jpg,False
data/raw_acquired/bangladeshi_vegetables/onion/bangladeshi_veg_IMG_20241101_202101.jpg,onion,Onion,data/raw_acquired/bangladeshi_vegetables/onion/bangladeshi_veg_IMG_20241101_190646.jpg,bangladeshi_vegetables,https://data.mendeley.com/datasets/b9rvg4f2st/4,CC BY 4.0,bangladeshi_veg_IMG_20241101_202101.jpg,False
data/raw_acquired/bangladeshi_vegetables/onion/bangladeshi_veg_IMG_20241101_202107.jpg,onion,Onion,data/raw_acquired/bangladeshi_vegetables/onion/bangladeshi_veg_IMG_20241101_190646.jpg,bangladeshi_vegetables,https://data.mendeley.com/datasets/b9rvg4f2st/4,CC BY 4.0,bangladeshi_veg_IMG_20241101_202107.jpg,False
data/raw_acquired/bangladeshi_vegetables/onion/bangladeshi_veg_IMG_20241101_202112.jpg,onion,Onion,data/raw_acquired/bangladeshi_vegetables/onion/bangladeshi_veg_IMG_20241101_190646.jpg,bangladeshi_vegetables,https://data.mendeley.com/datasets/b9rvg4f2st/4,CC BY 4.0,bangladeshi_veg_IMG_20241101_202112.jpg,False
data/raw_acquired/bangladeshi_vegetables/onion/bangladeshi_veg_IMG_20241101_202117.jpg,onion,Onion,data/raw_acquired/bangladeshi_vegetables/onion/bangladeshi_veg_IMG_20241101_190646.jpg,bangladeshi_vegetables,https://data.mendeley.com/datasets/b9rvg4f2st/4,CC BY 4.0,bangladeshi_veg_IMG_20241101_202117.jpg,False
data/raw_acquired/bangladeshi_vegetables/onion/bangladeshi_veg_IMG_20241101_202122.jpg,onion,Onion,data/raw_acquired/bangladeshi_vegetables/onion/bangladeshi_veg_IMG_20241101_190646.jpg,bangladeshi_vegetables,https://data.mendeley.com/datasets/b9rvg4f2st/4,CC BY 4.0,bangladeshi_veg_IMG_20241101_202122.jpg,False
data/raw_acquired/bangladeshi_vegetables/onion/bangladeshi_veg_IMG_20241101_202128.jpg,onion,Onion,data/raw_acquired/bangladeshi_vegetables/onion/bangladeshi_veg_IMG_20241101_190646.jpg,bangladeshi_vegetables,https://data.mendeley.com/datasets/b9rvg4f2st/4,CC BY 4.0,bangladeshi_veg_IMG_20241101_202128.jpg,False
data/raw_acquired/bangladeshi_vegetables/onion/bangladeshi_veg_IMG_20241101_202138.jpg,onion,Onion,data/raw_acquired/bangladeshi_vegetables/onion/bangladeshi_veg_IMG_20241101_190646.jpg,bangladeshi_vegetables,https://data.mendeley.com/datasets/b9rvg4f2st/4,CC BY 4.0,bangladeshi_veg_IMG_20241101_202138.jpg,False
data/raw_acquired/bangladeshi_vegetables/onion/bangladeshi_veg_IMG_20241101_202143.jpg,onion,Onion,data/raw_acquired/bangladeshi_vegetables/onion/bangladeshi_veg_IMG_20241101_190646.jpg,bangladeshi_vegetables,https://data.mendeley.com/datasets/b9rvg4f2st/4,CC BY 4.0,bangladeshi_veg_IMG_20241101_202143.jpg,False
data/raw_acquired/bangladeshi_vegetables/onion/bangladeshi_veg_IMG_20241101_202149.jpg,onion,Onion,data/raw_acquired/bangladeshi_vegetables/onion/bangladeshi_veg_IMG_20241101_190646.jpg,bangladeshi_vegetables,https://data.mendeley.com/datasets/b9rvg4f2st/4,CC BY 4.0,bangladeshi_veg_IMG_20241101_202149.jpg,False
data/raw_acquired/bangladeshi_vegetables/onion/bangladeshi_veg_IMG_20241101_202156.jpg,onion,Onion,data/raw_acquired/bangladeshi_vegetables/onion/bangladeshi_veg_IMG_20241101_190646.jpg,bangladeshi_vegetables,https://data.mendeley.com/datasets/b9rvg4f2st/4,CC BY 4.0,bangladeshi_veg_IMG_20241101_202156.jpg,False
data/raw_acquired/bangladeshi_vegetables/onion/bangladeshi_veg_IMG_20241101_202203.jpg,onion,Onion,data/raw_acquired/bangladeshi_vegetables/onion/bangladeshi_veg_IMG_20241101_190646.jpg,bangladeshi_vegetables,https://data.mendeley.com/datasets/b9rvg4f2st/4,CC BY 4.0,bangladeshi_veg_IMG_20241101_202203.jpg,False
data/raw_acquired/bangladeshi_vegetables/onion/bangladeshi_veg_IMG_20241101_202210.jpg,onion,Onion,data/raw_acquired/bangladeshi_vegetables/onion/bangladeshi_veg_IMG_20241101_202210.jpg,bangladeshi_vegetables,https://data.mendeley.com/datasets/b9rvg4f2st/4,CC BY 4.0,bangladeshi_veg_IMG_20241101_202210.jpg,False
data/raw_acquired/bangladeshi_vegetables/onion/bangladeshi_veg_IMG_20241101_202215.jpg,onion,Onion,data/raw_acquired/bangladeshi_vegetables/onion/bangladeshi_veg_IMG_20241101_190646.jpg,bangladeshi_vegetables,https://data.mendeley.com/datasets/b9rvg4f2st/4,CC BY 4.0,bangladeshi_veg_IMG_20241101_202215.jpg,False
data/raw_acquired/bangladeshi_vegetables/tomato/bangladeshi_veg_IMG20241104101006.jpg,tomato,Tomato,data/raw_acquired/bangladeshi_vegetables/tomato/bangladeshi_veg_IMG20241104101006.jpg,bangladeshi_vegetables,https://data.mendeley.com/datasets/b9rvg4f2st/4,CC BY 4.0,bangladeshi_veg_IMG20241104101006.jpg,False
data/raw_acquired/bangladeshi_vegetables/tomato/bangladeshi_veg_IMG20241104101020.jpg,tomato,Tomato,data/raw_acquired/bangladeshi_vegetables/tomato/bangladeshi_veg_IMG20241104101020.jpg,bangladeshi_vegetables,https://data.mendeley.com/datasets/b9rvg4f2st/4,CC BY 4.0,bangladeshi_veg_IMG20241104101020.jpg,False
data/raw_acquired/bangladeshi_vegetables/tomato/bangladeshi_veg_IMG20241104101035.jpg,tomato,Tomato,data/raw_acquired/bangladeshi_vegetables/tomato/bangladeshi_veg_IMG20241104101006.jpg,bangladeshi_vegetables,https://data.mendeley.com/datasets/b9rvg4f2st/4,CC BY 4.0,bangladeshi_veg_IMG20241104101035.jpg,False
data/raw_acquired/bangladeshi_vegetables/tomato/bangladeshi_veg_IMG20241104101052.jpg,tomato,Tomato,data/raw_acquired/bangladeshi_vegetables/tomato/bangladeshi_veg_IMG20241104101020.jpg,bangladeshi_vegetables,https://data.mendeley.com/datasets/b9rvg4f2st/4,CC BY 4.0,bangladeshi_veg_IMG20241104101052.jpg,False
data/raw_acquired/bangladeshi_vegetables/tomato/bangladeshi_veg_IMG20241104101102.jpg,tomato,Tomato,data/raw_acquired/bangladeshi_vegetables/tomato/bangladeshi_veg_IMG20241104101102.jpg,bangladeshi_vegetables,https://data.mendeley.com/datasets/b9rvg4f2st/4,CC BY 4.0,bangladeshi_veg_IMG20241104101102.jpg,False
data/raw_acquired/bangladeshi_vegetables/tomato/bangladeshi_veg_IMG20241104101116.jpg,tomato,Tomato,data/raw_acquired/bangladeshi_vegetables/tomato/bangladeshi_veg_IMG20241104101102.jpg,bangladeshi_vegetables,https://data.mendeley.com/datasets/b9rvg4f2st/4,CC BY 4.0,bangladeshi_veg_IMG20241104101116.jpg,False
data/raw_acquired/bangladeshi_vegetables/tomato/bangladeshi_veg_IMG20241104101127.jpg,tomato,Tomato,data/raw_acquired/bangladeshi_vegetables/tomato/bangladeshi_veg_IMG20241104101127.jpg,bangladeshi_vegetables,https://data.mendeley.com/datasets/b9rvg4f2st/4,CC BY 4.0,bangladeshi_veg_IMG20241104101127.jpg,False
data/raw_acquired/bangladeshi_vegetables/tomato/bangladeshi_veg_IMG20241104101137.jpg,tomato,Tomato,data/raw_acquired/bangladeshi_vegetables/tomato/bangladeshi_veg_IMG20241104101137.jpg,bangladeshi_vegetables,https://data.mendeley.com/datasets/b9rvg4f2st/4,CC BY 4.0,bangladeshi_veg_IMG20241104101137.jpg,False
data/raw_acquired/bangladeshi_vegetables/tomato/bangladeshi_veg_IMG20241104101145.jpg,tomato,Tomato,data/raw_acquired/bangladeshi_vegetables/tomato/bangladeshi_veg_IMG20241104101137.jpg,bangladeshi_vegetables,https://data.mendeley.com/datasets/b9rvg4f2st/4,CC BY 4.0,bangladeshi_veg_IMG20241104101145.jpg,False
data/raw_acquired/bangladeshi_vegetables/tomato/bangladeshi_veg_IMG20241104101153.jpg,tomato,Tomato,data/raw_acquired/bangladeshi_vegetables/tomato/bangladeshi_veg_IMG20241104101153.jpg,bangladeshi_vegetables,https://data.mendeley.com/datasets/b9rvg4f2st/4,CC BY 4.0,bangladeshi_veg_IMG20241104101153.jpg,False
data/raw_acquired/bangladeshi_vegetables/tomato/bangladeshi_veg_IMG20241104101201.jpg,tomato,Tomato,data/raw_acquired/bangladeshi_vegetables/tomato/bangladeshi_veg_IMG20241104101153.jpg,bangladeshi_vegetables,https://data.mendeley.com/datasets/b9rvg4f2st/4,CC BY 4.0,bangladeshi_veg_IMG20241104101201.jpg,False
data/raw_acquired/bangladeshi_vegetables/tomato/bangladeshi_veg_IMG20241104101213.jpg,tomato,Tomato,data/raw_acquired/bangladeshi_vegetables/tomato/bangladeshi_veg_IMG20241104101213.jpg,bangladeshi_vegetables,https://data.mendeley.com/datasets/b9rvg4f2st/4,CC BY 4.0,bangladeshi_veg_IMG20241104101213.jpg,False
data/raw_acquired/bangladeshi_vegetables/tomato/bangladeshi_veg_IMG20241104101222.jpg,tomato,Tomato,data/raw_acquired/bangladeshi_vegetables/tomato/bangladeshi_veg_IMG20241104101213.jpg,bangladeshi_vegetables,https://data.mendeley.com/datasets/b9rvg4f2st/4,CC BY 4.0,bangladeshi_veg_IMG20241104101222.jpg,False
data/raw_acquired/bangladeshi_vegetables/tomato/bangladeshi_veg_IMG20241104101230.jpg,tomato,Tomato,data/raw_acquired/bangladeshi_vegetables/tomato/bangladeshi_veg_IMG20241104101230.jpg,bangladeshi_vegetables,https://data.mendeley.com/datasets/b9rvg4f2st/4,CC BY 4.0,bangladeshi_veg_IMG20241104101230.jpg,False
data/raw_acquired/bangladeshi_vegetables/tomato/bangladeshi_veg_IMG20241104101257.jpg,tomato,Tomato,data/raw_acquired/bangladeshi_vegetables/tomato/bangladeshi_veg_IMG20241104101213.jpg,bangladeshi_vegetables,https://data.mendeley.com/datasets/b9rvg4f2st/4,CC BY 4.0,bangladeshi_veg_IMG20241104101257.jpg,False
data/raw_acquired/bangladeshi_vegetables/tomato/bangladeshi_veg_IMG20241104101305.jpg,tomato,Tomato,data/raw_acquired/bangladeshi_vegetables/tomato/bangladeshi_veg_IMG20241104101305.jpg,bangladeshi_vegetables,https://data.mendeley.com/datasets/b9rvg4f2st/4,CC BY 4.0,bangladeshi_veg_IMG20241104101305.jpg,False
data/raw_acquired/bangladeshi_vegetables/tomato/bangladeshi_veg_IMG20241104101320.jpg,tomato,Tomato,data/raw_acquired/bangladeshi_vegetables/tomato/bangladeshi_veg_IMG20241104101320.jpg,bangladeshi_vegetables,https://data.mendeley.com/datasets/b9rvg4f2st/4,CC BY 4.0,bangladeshi_veg_IMG20241104101320.jpg,False
data/raw_acquired/bangladeshi_vegetables/tomato/bangladeshi_veg_IMG20241104101329.jpg,tomato,Tomato,data/raw_acquired/bangladeshi_vegetables/tomato/bangladeshi_veg_IMG20241104101320.jpg,bangladeshi_vegetables,https://data.mendeley.com/datasets/b9rvg4f2st/4,CC BY 4.0,bangladeshi_veg_IMG20241104101329.jpg,False
data/raw_acquired/bangladeshi_vegetables/tomato/bangladeshi_veg_IMG20241104101337.jpg,tomato,Tomato,data/raw_acquired/bangladeshi_vegetables/tomato/bangladeshi_veg_IMG20241104101320.jpg,bangladeshi_vegetables,https://data.mendeley.com/datasets/b9rvg4f2st/4,CC BY 4.0,bangladeshi_veg_IMG20241104101337.jpg,False
data/raw_acquired/bangladeshi_vegetables/tomato/bangladeshi_veg_IMG20241104101345.jpg,tomato,Tomato,data/raw_acquired/bangladeshi_vegetables/tomato/bangladeshi_veg_IMG20241104101320.jpg,bangladeshi_vegetables,https://data.mendeley.com/datasets/b9rvg4f2st/4,CC BY 4.0,bangladeshi_veg_IMG20241104101345.jpg,False
data/raw_acquired/bangladeshi_vegetables/tomato/bangladeshi_veg_IMG20241104101354.jpg,tomato,Tomato,data/raw_acquired/bangladeshi_vegetables/tomato/bangladeshi_veg_IMG20241104101320.jpg,bangladeshi_vegetables,https://data.mendeley.com/datasets/b9rvg4f2st/4,CC BY 4.0,bangladeshi_veg_IMG20241104101354.jpg,False
data/raw_acquired/bangladeshi_vegetables/tomato/bangladeshi_veg_IMG20241104101401.jpg,tomato,Tomato,data/raw_acquired/bangladeshi_vegetables/tomato/bangladeshi_veg_IMG20241104101320.jpg,bangladeshi_vegetables,https://data.mendeley.com/datasets/b9rvg4f2st/4,CC BY 4.0,bangladeshi_veg_IMG20241104101401.jpg,False
data/raw_acquired/bangladeshi_vegetables/tomato/bangladeshi_veg_IMG20241104101414.jpg,tomato,Tomato,data/raw_acquired/bangladeshi_vegetables/tomato/bangladeshi_veg_IMG20241104101320.jpg,bangladeshi_vegetables,https://data.mendeley.com/datasets/b9rvg4f2st/4,CC BY 4.0,bangladeshi_veg_IMG20241104101414.jpg,False
data/raw_acquired/bangladeshi_vegetables/tomato/bangladeshi_veg_IMG20241104101422.jpg,tomato,Tomato,data/raw_acquired/bangladeshi_vegetables/tomato/bangladeshi_veg_IMG20241104101320.jpg,bangladeshi_vegetables,https://data.mendeley.com/datasets/b9rvg4f2st/4,CC BY 4.0,bangladeshi_veg_IMG20241104101422.jpg,False
data/raw_acquired/bangladeshi_vegetables/tomato/bangladeshi_veg_IMG20241104101428.jpg,tomato,Tomato,data/raw_acquired/bangladeshi_vegetables/tomato/bangladeshi_veg_IMG20241104101320.jpg,bangladeshi_vegetables,https://data.mendeley.com/datasets/b9rvg4f2st/4,CC BY 4.0,bangladeshi_veg_IMG20241104101428.jpg,False
data/raw_acquired/bangladeshi_vegetables/tomato/bangladeshi_veg_IMG20241104101443.jpg,tomato,Tomato,data/raw_acquired/bangladeshi_vegetables/tomato/bangladeshi_veg_IMG20241104101443.jpg,bangladeshi_vegetables,https://data.mendeley.com/datasets/b9rvg4f2st/4,CC BY 4.0,bangladeshi_veg_IMG20241104101443.jpg,False
data/raw_acquired/bangladeshi_vegetables/tomato/bangladeshi_veg_IMG20241104101510.jpg,tomato,Tomato,data/raw_acquired/bangladeshi_vegetables/tomato/bangladeshi_veg_IMG20241104101320.jpg,bangladeshi_vegetables,https://data.mendeley.com/datasets/b9rvg4f2st/4,CC BY 4.0,bangladeshi_veg_IMG20241104101510.jpg,False
data/raw_acquired/bangladeshi_vegetables/tomato/bangladeshi_veg_IMG20241104101535.jpg,tomato,Tomato,data/raw_acquired/bangladeshi_vegetables/tomato/bangladeshi_veg_IMG20241104101320.jpg,bangladeshi_vegetables,https://data.mendeley.com/datasets/b9rvg4f2st/4,CC BY 4.0,bangladeshi_veg_IMG20241104101535.jpg,False
data/raw_acquired/bangladeshi_vegetables/tomato/bangladeshi_veg_IMG20241104104121.jpg,tomato,Tomato,data/raw_acquired/bangladeshi_vegetables/tomato/bangladeshi_veg_IMG20241104101320.jpg,bangladeshi_vegetables,https://data.mendeley.com/datasets/b9rvg4f2st/4,CC BY 4.0,bangladeshi_veg_IMG20241104104121.jpg,False
data/raw_acquired/bangladeshi_vegetables/tomato/bangladeshi_veg_IMG20241104104130.jpg,tomato,Tomato,data/raw_acquired/bangladeshi_vegetables/tomato/bangladeshi_veg_IMG20241104101320.jpg,bangladeshi_vegetables,https://data.mendeley.com/datasets/b9rvg4f2st/4,CC BY 4.0,bangladeshi_veg_IMG20241104104130.jpg,False
data/raw_acquired/bangladeshi_vegetables/tomato/bangladeshi_veg_IMG20241104104143.jpg,tomato,Tomato,data/raw_acquired/bangladeshi_vegetables/tomato/bangladeshi_veg_IMG20241104101320.jpg,bangladeshi_vegetables,https://data.mendeley.com/datasets/b9rvg4f2st/4,CC BY 4.0,bangladeshi_veg_IMG20241104104143.jpg,False
data/raw_acquired/bangladeshi_vegetables/tomato/bangladeshi_veg_IMG20241104104156.jpg,tomato,Tomato,data/raw_acquired/bangladeshi_vegetables/tomato/bangladeshi_veg_IMG20241104101320.jpg,bangladeshi_vegetables,https://data.mendeley.com/datasets/b9rvg4f2st/4,CC BY 4.0,bangladeshi_veg_IMG20241104104156.jpg,False
data/raw_acquired/bangladeshi_vegetables/tomato/bangladeshi_veg_IMG20241104104205.jpg,tomato,Tomato,data/raw_acquired/bangladeshi_vegetables/tomato/bangladeshi_veg_IMG20241104101320.jpg,bangladeshi_vegetables,https://data.mendeley.com/datasets/b9rvg4f2st/4,CC BY 4.0,bangladeshi_veg_IMG20241104104205.jpg,False
data/raw_acquired/bangladeshi_vegetables/tomato/bangladeshi_veg_IMG20241104104214.jpg,tomato,Tomato,data/raw_acquired/bangladeshi_vegetables/tomato/bangladeshi_veg_IMG20241104101320.jpg,bangladeshi_vegetables,https://data.mendeley.com/datasets/b9rvg4f2st/4,CC BY 4.0,bangladeshi_veg_IMG20241104104214.jpg,False
data/raw_acquired/bangladeshi_vegetables/tomato/bangladeshi_veg_IMG20241104104221.jpg,tomato,Tomato,data/raw_acquired/bangladeshi_vegetables/tomato/bangladeshi_veg_IMG20241104101320.jpg,bangladeshi_vegetables,https://data.mendeley.com/datasets/b9rvg4f2st/4,CC BY 4.0,bangladeshi_veg_IMG20241104104221.jpg,False
data/raw_acquired/bangladeshi_vegetables/tomato/bangladeshi_veg_IMG20241104104230.jpg,tomato,Tomato,data/raw_acquired/bangladeshi_vegetables/tomato/bangladeshi_veg_IMG20241104101320.jpg,bangladeshi_vegetables,https://data.mendeley.com/datasets/b9rvg4f2st/4,CC BY 4.0,bangladeshi_veg_IMG20241104104230.jpg,False
data/raw_acquired/bangladeshi_vegetables/tomato/bangladeshi_veg_IMG20241104104237.jpg,tomato,Tomato,data/raw_acquired/bangladeshi_vegetables/tomato/bangladeshi_veg_IMG20241104101320.jpg,bangladeshi_vegetables,https://data.mendeley.com/datasets/b9rvg4f2st/4,CC BY 4.0,bangladeshi_veg_IMG20241104104237.jpg,False
data/raw_acquired/bangladeshi_vegetables/tomato/bangladeshi_veg_IMG_20250131_125013.jpg,tomato,Tomato,data/raw_acquired/bangladeshi_vegetables/tomato/bangladeshi_veg_IMG_20250131_125013.jpg,bangladeshi_vegetables,https://data.mendeley.com/datasets/b9rvg4f2st/4,CC BY 4.0,bangladeshi_veg_IMG_20250131_125013.jpg,False
data/raw_acquired/bangladeshi_vegetables/tomato/bangladeshi_veg_IMG_20250131_125040.jpg,tomato,Tomato,data/raw_acquired/bangladeshi_vegetables/tomato/bangladeshi_veg_IMG_20250131_125040.jpg,bangladeshi_vegetables,https://data.mendeley.com/datasets/b9rvg4f2st/4,CC BY 4.0,bangladeshi_veg_IMG_20250131_125040.jpg,False
data/raw_acquired/bangladeshi_vegetables/tomato/bangladeshi_veg_IMG_20250131_125114.jpg,tomato,Tomato,data/raw_acquired/bangladeshi_vegetables/tomato/bangladeshi_veg_IMG20241104101320.jpg,bangladeshi_vegetables,https://data.mendeley.com/datasets/b9rvg4f2st/4,CC BY 4.0,bangladeshi_veg_IMG_20250131_125114.jpg,False
data/raw_acquired/bangladeshi_vegetables/tomato/bangladeshi_veg_IMG_20250131_125132.jpg,tomato,Tomato,data/raw_acquired/bangladeshi_vegetables/tomato/bangladeshi_veg_IMG_20250131_125132.jpg,bangladeshi_vegetables,https://data.mendeley.com/datasets/b9rvg4f2st/4,CC BY 4.0,bangladeshi_veg_IMG_20250131_125132.jpg,False
data/raw_acquired/bangladeshi_vegetables/tomato/bangladeshi_veg_IMG_20250131_125150.jpg,tomato,Tomato,data/raw_acquired/bangladeshi_vegetables/tomato/bangladeshi_veg_IMG_20250131_125132.jpg,bangladeshi_vegetables,https://data.mendeley.com/datasets/b9rvg4f2st/4,CC BY 4.0,bangladeshi_veg_IMG_20250131_125150.jpg,False
data/raw_acquired/bangladeshi_vegetables/tomato/bangladeshi_veg_IMG_20250131_125208.jpg,tomato,Tomato,data/raw_acquired/bangladeshi_vegetables/tomato/bangladeshi_veg_IMG20241104101320.jpg,bangladeshi_vegetables,https://data.mendeley.com/datasets/b9rvg4f2st/4,CC BY 4.0,bangladeshi_veg_IMG_20250131_125208.jpg,False
data/raw_acquired/bangladeshi_vegetables/tomato/bangladeshi_veg_IMG_20250131_125233.jpg,tomato,Tomato,data/raw_acquired/bangladeshi_vegetables/tomato/bangladeshi_veg_IMG20241104101320.jpg,bangladeshi_vegetables,https://data.mendeley.com/datasets/b9rvg4f2st/4,CC BY 4.0,bangladeshi_veg_IMG_20250131_125233.jpg,False
data/raw_acquired/bangladeshi_vegetables/tomato/bangladeshi_veg_IMG_20250131_125246.jpg,tomato,Tomato,data/raw_acquired/bangladeshi_vegetables/tomato/bangladeshi_veg_IMG_20250131_125246.jpg,bangladeshi_vegetables,https://data.mendeley.com/datasets/b9rvg4f2st/4,CC BY 4.0,bangladeshi_veg_IMG_20250131_125246.jpg,False
data/raw_acquired/bangladeshi_vegetables/tomato/bangladeshi_veg_IMG_20250131_125259.jpg,tomato,Tomato,data/raw_acquired/bangladeshi_vegetables/tomato/bangladeshi_veg_IMG20241104101320.jpg,bangladeshi_vegetables,https://data.mendeley.com/datasets/b9rvg4f2st/4,CC BY 4.0,bangladeshi_veg_IMG_20250131_125259.jpg,False
data/raw_acquired/bangladeshi_vegetables/tomato/bangladeshi_veg_IMG_20250131_125316.jpg,tomato,Tomato,data/raw_acquired/bangladeshi_vegetables/tomato/bangladeshi_veg_IMG20241104101320.jpg,bangladeshi_vegetables,https://data.mendeley.com/datasets/b9rvg4f2st/4,CC BY 4.0,bangladeshi_veg_IMG_20250131_125316.jpg,False
data/raw_acquired/bangladeshi_vegetables/tomato/bangladeshi_veg_IMG_20250131_125329.jpg,tomato,Tomato,data/raw_acquired/bangladeshi_vegetables/tomato/bangladeshi_veg_IMG20241104101320.jpg,bangladeshi_vegetables,https://data.mendeley.com/datasets/b9rvg4f2st/4,CC BY 4.0,bangladeshi_veg_IMG_20250131_125329.jpg,False
data/raw_acquired/bangladeshi_vegetables/tomato/bangladeshi_veg_IMG_20250131_125342.jpg,tomato,Tomato,data/raw_acquired/bangladeshi_vegetables/tomato/bangladeshi_veg_IMG_20250131_125342.jpg,bangladeshi_vegetables,https://data.mendeley.com/datasets/b9rvg4f2st/4,CC BY 4.0,bangladeshi_veg_IMG_20250131_125342.jpg,False
data/raw_acquired/bangladeshi_vegetables/tomato/bangladeshi_veg_IMG_20250131_125359.jpg,tomato,Tomato,data/raw_acquired/bangladeshi_vegetables/tomato/bangladeshi_veg_IMG20241104101320.jpg,bangladeshi_vegetables,https://data.mendeley.com/datasets/b9rvg4f2st/4,CC BY 4.0,bangladeshi_veg_IMG_20250131_125359.jpg,False
data/raw_acquired/bangladeshi_vegetables/tomato/bangladeshi_veg_IMG_20250131_125417.jpg,tomato,Tomato,data/raw_acquired/bangladeshi_vegetables/tomato/bangladeshi_veg_IMG20241104101320.jpg,bangladeshi_vegetables,https://data.mendeley.com/datasets/b9rvg4f2st/4,CC BY 4.0,bangladeshi_veg_IMG_20250131_125417.jpg,False
data/raw_acquired/bangladeshi_vegetables/tomato/bangladeshi_veg_IMG_20250131_125430.jpg,tomato,Tomato,data/raw_acquired/bangladeshi_vegetables/tomato/bangladeshi_veg_IMG20241104101320.jpg,bangladeshi_vegetables,https://data.mendeley.com/datasets/b9rvg4f2st/4,CC BY 4.0,bangladeshi_veg_IMG_20250131_125430.jpg,False
data/raw_acquired/bangladeshi_vegetables/tomato/bangladeshi_veg_IMG_20250131_125507.jpg,tomato,Tomato,data/raw_acquired/bangladeshi_vegetables/tomato/bangladeshi_veg_IMG_20250131_125507.jpg,bangladeshi_vegetables,https://data.mendeley.com/datasets/b9rvg4f2st/4,CC BY 4.0,bangladeshi_veg_IMG_20250131_125507.jpg,False
data/raw_acquired/bangladeshi_vegetables/tomato/bangladeshi_veg_IMG_20250131_125522.jpg,tomato,Tomato,data/raw_acquired/bangladeshi_vegetables/tomato/bangladeshi_veg_IMG_20250131_125522.jpg,bangladeshi_vegetables,https://data.mendeley.com/datasets/b9rvg4f2st/4,CC BY 4.0,bangladeshi_veg_IMG_20250131_125522.jpg,False
data/raw_acquired/bangladeshi_vegetables/tomato/bangladeshi_veg_IMG_20250131_125548.jpg,tomato,Tomato,data/raw_acquired/bangladeshi_vegetables/tomato/bangladeshi_veg_IMG_20250131_125548.jpg,bangladeshi_vegetables,https://data.mendeley.com/datasets/b9rvg4f2st/4,CC BY 4.0,bangladeshi_veg_IMG_20250131_125548.jpg,False
data/raw_acquired/bangladeshi_vegetables/tomato/bangladeshi_veg_IMG_20250131_125600.jpg,tomato,Tomato,data/raw_acquired/bangladeshi_vegetables/tomato/bangladeshi_veg_IMG_20250131_125600.jpg,bangladeshi_vegetables,https://data.mendeley.com/datasets/b9rvg4f2st/4,CC BY 4.0,bangladeshi_veg_IMG_20250131_125600.jpg,False
data/raw_acquired/bangladeshi_vegetables/tomato/bangladeshi_veg_IMG_20250131_125613.jpg,tomato,Tomato,data/raw_acquired/bangladeshi_vegetables/tomato/bangladeshi_veg_IMG_20250131_125522.jpg,bangladeshi_vegetables,https://data.mendeley.com/datasets/b9rvg4f2st/4,CC BY 4.0,bangladeshi_veg_IMG_20250131_125613.jpg,False
data/raw_acquired/bangladeshi_vegetables/tomato/bangladeshi_veg_IMG_20250131_125622.jpg,tomato,Tomato,data/raw_acquired/bangladeshi_vegetables/tomato/bangladeshi_veg_IMG_20250131_125622.jpg,bangladeshi_vegetables,https://data.mendeley.com/datasets/b9rvg4f2st/4,CC BY 4.0,bangladeshi_veg_IMG_20250131_125622.jpg,False
data/raw_acquired/bangladeshi_vegetables/tomato/bangladeshi_veg_IMG_20250215_214833.jpg,tomato,Tomato,data/raw_acquired/bangladeshi_vegetables/tomato/bangladeshi_veg_IMG20241104101320.jpg,bangladeshi_vegetables,https://data.mendeley.com/datasets/b9rvg4f2st/4,CC BY 4.0,bangladeshi_veg_IMG_20250215_214833.jpg,False
data/raw_acquired/bangladeshi_vegetables/tomato/bangladeshi_veg_IMG_20250215_214857.jpg,tomato,Tomato,data/raw_acquired/bangladeshi_vegetables/tomato/bangladeshi_veg_IMG20241104101320.jpg,bangladeshi_vegetables,https://data.mendeley.com/datasets/b9rvg4f2st/4,CC BY 4.0,bangladeshi_veg_IMG_20250215_214857.jpg,False
data/raw_acquired/bangladeshi_vegetables/tomato/bangladeshi_veg_IMG_20250215_214913.jpg,tomato,Tomato,data/raw_acquired/bangladeshi_vegetables/tomato/bangladeshi_veg_IMG20241104101320.jpg,bangladeshi_vegetables,https://data.mendeley.com/datasets/b9rvg4f2st/4,CC BY 4.0,bangladeshi_veg_IMG_20250215_214913.jpg,False
data/raw_acquired/bangladeshi_vegetables/tomato/bangladeshi_veg_IMG_20250215_214929.jpg,tomato,Tomato,data/raw_acquired/bangladeshi_vegetables/tomato/bangladeshi_veg_IMG20241104101320.jpg,bangladeshi_vegetables,https://data.mendeley.com/datasets/b9rvg4f2st/4,CC BY 4.0,bangladeshi_veg_IMG_20250215_214929.jpg,False
data/raw_acquired/bangladeshi_vegetables/tomato/bangladeshi_veg_IMG_20250215_214943.jpg,tomato,Tomato,data/raw_acquired/bangladeshi_vegetables/tomato/bangladeshi_veg_IMG20241104101320.jpg,bangladeshi_vegetables,https://data.mendeley.com/datasets/b9rvg4f2st/4,CC BY 4.0,bangladeshi_veg_IMG_20250215_214943.jpg,False
data/raw_acquired/bangladeshi_vegetables/tomato/bangladeshi_veg_IMG_20250215_215003.jpg,tomato,Tomato,data/raw_acquired/bangladeshi_vegetables/tomato/bangladeshi_veg_IMG20241104101320.jpg,bangladeshi_vegetables,https://data.mendeley.com/datasets/b9rvg4f2st/4,CC BY 4.0,bangladeshi_veg_IMG_20250215_215003.jpg,False
data/raw_acquired/bangladeshi_vegetables/tomato/bangladeshi_veg_IMG_20250215_215018.jpg,tomato,Tomato,data/raw_acquired/bangladeshi_vegetables/tomato/bangladeshi_veg_IMG20241104101320.jpg,bangladeshi_vegetables,https://data.mendeley.com/datasets/b9rvg4f2st/4,CC BY 4.0,bangladeshi_veg_IMG_20250215_215018.jpg,False
data/raw_acquired/bangladeshi_vegetables/tomato/bangladeshi_veg_IMG_20250215_215109.jpg,tomato,Tomato,data/raw_acquired/bangladeshi_vegetables/tomato/bangladeshi_veg_IMG20241104101320.jpg,bangladeshi_vegetables,https://data.mendeley.com/datasets/b9rvg4f2st/4,CC BY 4.0,bangladeshi_veg_IMG_20250215_215109.jpg,False
data/raw_acquired/bangladeshi_vegetables/tomato/bangladeshi_veg_IMG_20250215_215122.jpg,tomato,Tomato,data/raw_acquired/bangladeshi_vegetables/tomato/bangladeshi_veg_IMG20241104101320.jpg,bangladeshi_vegetables,https://data.mendeley.com/datasets/b9rvg4f2st/4,CC BY 4.0,bangladeshi_veg_IMG_20250215_215122.jpg,False
data/raw_acquired/bangladeshi_vegetables/tomato/bangladeshi_veg_IMG_20250215_215138.jpg,tomato,Tomato,data/raw_acquired/bangladeshi_vegetables/tomato/bangladeshi_veg_IMG20241104101320.jpg,bangladeshi_vegetables,https://data.mendeley.com/datasets/b9rvg4f2st/4,CC BY 4.0,bangladeshi_veg_IMG_20250215_215138.jpg,False
data/raw_acquired/bangladeshi_vegetables/tomato/bangladeshi_veg_IMG_20250215_215206.jpg,tomato,Tomato,data/raw_acquired/bangladeshi_vegetables/tomato/bangladeshi_veg_IMG20241104101320.jpg,bangladeshi_vegetables,https://data.mendeley.com/datasets/b9rvg4f2st/4,CC BY 4.0,bangladeshi_veg_IMG_20250215_215206.jpg,False
data/raw_acquired/bangladeshi_vegetables/tomato/bangladeshi_veg_IMG_20250215_215256.jpg,tomato,Tomato,data/raw_acquired/bangladeshi_vegetables/tomato/bangladeshi_veg_IMG20241104101320.jpg,bangladeshi_vegetables,https://data.mendeley.com/datasets/b9rvg4f2st/4,CC BY 4.0,bangladeshi_veg_IMG_20250215_215256.jpg,False
data/raw_acquired/bangladeshi_vegetables/tomato/bangladeshi_veg_IMG_20250215_215316.jpg,tomato,Tomato,data/raw_acquired/bangladeshi_vegetables/tomato/bangladeshi_veg_IMG20241104101320.jpg,bangladeshi_vegetables,https://data.mendeley.com/datasets/b9rvg4f2st/4,CC BY 4.0,bangladeshi_veg_IMG_20250215_215316.jpg,False
data/raw_acquired/bangladeshi_vegetables/tomato/bangladeshi_veg_IMG_20250215_215328.jpg,tomato,Tomato,data/raw_acquired/bangladeshi_vegetables/tomato/bangladeshi_veg_IMG20241104101320.jpg,bangladeshi_vegetables,https://data.mendeley.com/datasets/b9rvg4f2st/4,CC BY 4.0,bangladeshi_veg_IMG_20250215_215328.jpg,False
data/raw_acquired/bangladeshi_vegetables/tomato/bangladeshi_veg_IMG_20250215_215355.jpg,tomato,Tomato,data/raw_acquired/bangladeshi_vegetables/tomato/bangladeshi_veg_IMG20241104101320.jpg,bangladeshi_vegetables,https://data.mendeley.com/datasets/b9rvg4f2st/4,CC BY 4.0,bangladeshi_veg_IMG_20250215_215355.jpg,False
data/raw_acquired/bangladeshi_vegetables/tomato/bangladeshi_veg_IMG_20250215_215454.jpg,tomato,Tomato,data/raw_acquired/bangladeshi_vegetables/tomato/bangladeshi_veg_IMG20241104101320.jpg,bangladeshi_vegetables,https://data.mendeley.com/datasets/b9rvg4f2st/4,CC BY 4.0,bangladeshi_veg_IMG_20250215_215454.jpg,False
data/raw_acquired/bangladeshi_vegetables/tomato/bangladeshi_veg_IMG_20250215_215515.jpg,tomato,Tomato,data/raw_acquired/bangladeshi_vegetables/tomato/bangladeshi_veg_IMG20241104101320.jpg,bangladeshi_vegetables,https://data.mendeley.com/datasets/b9rvg4f2st/4,CC BY 4.0,bangladeshi_veg_IMG_20250215_215515.jpg,False
data/raw_acquired/bangladeshi_vegetables/tomato/bangladeshi_veg_IMG_20250215_215529.jpg,tomato,Tomato,data/raw_acquired/bangladeshi_vegetables/tomato/bangladeshi_veg_IMG20241104101320.jpg,bangladeshi_vegetables,https://data.mendeley.com/datasets/b9rvg4f2st/4,CC BY 4.0,bangladeshi_veg_IMG_20250215_215529.jpg,False
data/raw_acquired/bangladeshi_vegetables/tomato/bangladeshi_veg_IMG_20250215_215537.jpg,tomato,Tomato,data/raw_acquired/bangladeshi_vegetables/tomato/bangladeshi_veg_IMG20241104101320.jpg,bangladeshi_vegetables,https://data.mendeley.com/datasets/b9rvg4f2st/4,CC BY 4.0,bangladeshi_veg_IMG_20250215_215537.jpg,False
data/raw_acquired/bangladeshi_vegetables/tomato/bangladeshi_veg_IMG_20250215_215548.jpg,tomato,Tomato,data/raw_acquired/bangladeshi_vegetables/tomato/bangladeshi_veg_IMG20241104101320.jpg,bangladeshi_vegetables,https://data.mendeley.com/datasets/b9rvg4f2st/4,CC BY 4.0,bangladeshi_veg_IMG_20250215_215548.jpg,False
data/raw_acquired/bangladeshi_vegetables/tomato/bangladeshi_veg_IMG_20250215_215615.jpg,tomato,Tomato,data/raw_acquired/bangladeshi_vegetables/tomato/bangladeshi_veg_IMG20241104101320.jpg,bangladeshi_vegetables,https://data.mendeley.com/datasets/b9rvg4f2st/4,CC BY 4.0,bangladeshi_veg_IMG_20250215_215615.jpg,False
data/raw_acquired/bangladeshi_vegetables/tomato/bangladeshi_veg_IMG_20250215_215622.jpg,tomato,Tomato,data/raw_acquired/bangladeshi_vegetables/tomato/bangladeshi_veg_IMG20241104101320.jpg,bangladeshi_vegetables,https://data.mendeley.com/datasets/b9rvg4f2st/4,CC BY 4.0,bangladeshi_veg_IMG_20250215_215622.jpg,False
data/raw_acquired/bangladeshi_vegetables/tomato/bangladeshi_veg_IMG_20250215_215629.jpg,tomato,Tomato,data/raw_acquired/bangladeshi_vegetables/tomato/bangladeshi_veg_IMG20241104101320.jpg,bangladeshi_vegetables,https://data.mendeley.com/datasets/b9rvg4f2st/4,CC BY 4.0,bangladeshi_veg_IMG_20250215_215629.jpg,False
data/raw_acquired/bangladeshi_vegetables/tomato/bangladeshi_veg_IMG_20250215_215649.jpg,tomato,Tomato,data/raw_acquired/bangladeshi_vegetables/tomato/bangladeshi_veg_IMG20241104101320.jpg,bangladeshi_vegetables,https://data.mendeley.com/datasets/b9rvg4f2st/4,CC BY 4.0,bangladeshi_veg_IMG_20250215_215649.jpg,False
data/raw_acquired/bangladeshi_vegetables/tomato/bangladeshi_veg_IMG_20250215_215730.jpg,tomato,Tomato,data/raw_acquired/bangladeshi_vegetables/tomato/bangladeshi_veg_IMG20241104101320.jpg,bangladeshi_vegetables,https://data.mendeley.com/datasets/b9rvg4f2st/4,CC BY 4.0,bangladeshi_veg_IMG_20250215_215730.jpg,False
data/raw_acquired/bangladeshi_vegetables/tomato/bangladeshi_veg_IMG_20250215_215738.jpg,tomato,Tomato,data/raw_acquired/bangladeshi_vegetables/tomato/bangladeshi_veg_IMG20241104101320.jpg,bangladeshi_vegetables,https://data.mendeley.com/datasets/b9rvg4f2st/4,CC BY 4.0,bangladeshi_veg_IMG_20250215_215738.jpg,False
data/raw_acquired/bangladeshi_vegetables/tomato/bangladeshi_veg_IMG_20250215_215752.jpg,tomato,Tomato,data/raw_acquired/bangladeshi_vegetables/tomato/bangladeshi_veg_IMG20241104101320.jpg,bangladeshi_vegetables,https://data.mendeley.com/datasets/b9rvg4f2st/4,CC BY 4.0,bangladeshi_veg_IMG_20250215_215752.jpg,False
data/raw_acquired/bangladeshi_vegetables/tomato/bangladeshi_veg_IMG_20250215_215801.jpg,tomato,Tomato,data/raw_acquired/bangladeshi_vegetables/tomato/bangladeshi_veg_IMG20241104101320.jpg,bangladeshi_vegetables,https://data.mendeley.com/datasets/b9rvg4f2st/4,CC BY 4.0,bangladeshi_veg_IMG_20250215_215801.jpg,False
data/raw_acquired/bangladeshi_vegetables/tomato/bangladeshi_veg_IMG_20250215_215838.jpg,tomato,Tomato,data/raw_acquired/bangladeshi_vegetables/tomato/bangladeshi_veg_IMG20241104101320.jpg,bangladeshi_vegetables,https://data.mendeley.com/datasets/b9rvg4f2st/4,CC BY 4.0,bangladeshi_veg_IMG_20250215_215838.jpg,False
data/raw_acquired/bangladeshi_vegetables/tomato/bangladeshi_veg_IMG_20250215_215847.jpg,tomato,Tomato,data/raw_acquired/bangladeshi_vegetables/tomato/bangladeshi_veg_IMG20241104101320.jpg,bangladeshi_vegetables,https://data.mendeley.com/datasets/b9rvg4f2st/4,CC BY 4.0,bangladeshi_veg_IMG_20250215_215847.jpg,False
data/raw_acquired/bangladeshi_vegetables/tomato/bangladeshi_veg_IMG_20250215_215855.jpg,tomato,Tomato,data/raw_acquired/bangladeshi_vegetables/tomato/bangladeshi_veg_IMG20241104101320.jpg,bangladeshi_vegetables,https://data.mendeley.com/datasets/b9rvg4f2st/4,CC BY 4.0,bangladeshi_veg_IMG_20250215_215855.jpg,False
data/raw_acquired/bangladeshi_vegetables/tomato/bangladeshi_veg_IMG_20250215_215903.jpg,tomato,Tomato,data/raw_acquired/bangladeshi_vegetables/tomato/bangladeshi_veg_IMG20241104101320.jpg,bangladeshi_vegetables,https://data.mendeley.com/datasets/b9rvg4f2st/4,CC BY 4.0,bangladeshi_veg_IMG_20250215_215903.jpg,False
data/raw_acquired/bangladeshi_vegetables/tomato/bangladeshi_veg_IMG_20250215_215911.jpg,tomato,Tomato,data/raw_acquired/bangladeshi_vegetables/tomato/bangladeshi_veg_IMG20241104101320.jpg,bangladeshi_vegetables,https://data.mendeley.com/datasets/b9rvg4f2st/4,CC BY 4.0,bangladeshi_veg_IMG_20250215_215911.jpg,False
data/raw_acquired/bangladeshi_vegetables/tomato/bangladeshi_veg_IMG_20250215_215952.jpg,tomato,Tomato,data/raw_acquired/bangladeshi_vegetables/tomato/bangladeshi_veg_IMG20241104101320.jpg,bangladeshi_vegetables,https://data.mendeley.com/datasets/b9rvg4f2st/4,CC BY 4.0,bangladeshi_veg_IMG_20250215_215952.jpg,False
data/raw_acquired/bangladeshi_vegetables/tomato/bangladeshi_veg_IMG_20250215_220020.jpg,tomato,Tomato,data/raw_acquired/bangladeshi_vegetables/tomato/bangladeshi_veg_IMG20241104101320.jpg,bangladeshi_vegetables,https://data.mendeley.com/datasets/b9rvg4f2st/4,CC BY 4.0,bangladeshi_veg_IMG_20250215_220020.jpg,False
data/raw_acquired/bangladeshi_vegetables/tomato/bangladeshi_veg_IMG_20250215_220034.jpg,tomato,Tomato,data/raw_acquired/bangladeshi_vegetables/tomato/bangladeshi_veg_IMG20241104101320.jpg,bangladeshi_vegetables,https://data.mendeley.com/datasets/b9rvg4f2st/4,CC BY 4.0,bangladeshi_veg_IMG_20250215_220034.jpg,False
data/raw_acquired/bangladeshi_vegetables/tomato/bangladeshi_veg_IMG_20250215_220052.jpg,tomato,Tomato,data/raw_acquired/bangladeshi_vegetables/tomato/bangladeshi_veg_IMG20241104101320.jpg,bangladeshi_vegetables,https://data.mendeley.com/datasets/b9rvg4f2st/4,CC BY 4.0,bangladeshi_veg_IMG_20250215_220052.jpg,False
data/raw_acquired/bangladeshi_vegetables/tomato/bangladeshi_veg_IMG_20250215_220104.jpg,tomato,Tomato,data/raw_acquired/bangladeshi_vegetables/tomato/bangladeshi_veg_IMG20241104101320.jpg,bangladeshi_vegetables,https://data.mendeley.com/datasets/b9rvg4f2st/4,CC BY 4.0,bangladeshi_veg_IMG_20250215_220104.jpg,False
data/raw_acquired/bangladeshi_vegetables/tomato/bangladeshi_veg_IMG_20250215_220123.jpg,tomato,Tomato,data/raw_acquired/bangladeshi_vegetables/tomato/bangladeshi_veg_IMG20241104101320.jpg,bangladeshi_vegetables,https://data.mendeley.com/datasets/b9rvg4f2st/4,CC BY 4.0,bangladeshi_veg_IMG_20250215_220123.jpg,False
data/raw_acquired/bangladeshi_vegetables/tomato/bangladeshi_veg_IMG_20250215_220132.jpg,tomato,Tomato,data/raw_acquired/bangladeshi_vegetables/tomato/bangladeshi_veg_IMG20241104101320.jpg,bangladeshi_vegetables,https://data.mendeley.com/datasets/b9rvg4f2st/4,CC BY 4.0,bangladeshi_veg_IMG_20250215_220132.jpg,False
data/raw_acquired/bangladeshi_vegetables/tomato/bangladeshi_veg_IMG_20250215_220200.jpg,tomato,Tomato,data/raw_acquired/bangladeshi_vegetables/tomato/bangladeshi_veg_IMG20241104101320.jpg,bangladeshi_vegetables,https://data.mendeley.com/datasets/b9rvg4f2st/4,CC BY 4.0,bangladeshi_veg_IMG_20250215_220200.jpg,False
data/raw_acquired/bangladeshi_vegetables/tomato/bangladeshi_veg_IMG_20250215_220219.jpg,tomato,Tomato,data/raw_acquired/bangladeshi_vegetables/tomato/bangladeshi_veg_IMG20241104101320.jpg,bangladeshi_vegetables,https://data.mendeley.com/datasets/b9rvg4f2st/4,CC BY 4.0,bangladeshi_veg_IMG_20250215_220219.jpg,False
data/raw_acquired/bangladeshi_vegetables/tomato/bangladeshi_veg_IMG_20250215_220311.jpg,tomato,Tomato,data/raw_acquired/bangladeshi_vegetables/tomato/bangladeshi_veg_IMG20241104101320.jpg,bangladeshi_vegetables,https://data.mendeley.com/datasets/b9rvg4f2st/4,CC BY 4.0,bangladeshi_veg_IMG_20250215_220311.jpg,False
data/raw_acquired/bangladeshi_vegetables/tomato/bangladeshi_veg_IMG_20250215_220321.jpg,tomato,Tomato,data/raw_acquired/bangladeshi_vegetables/tomato/bangladeshi_veg_IMG20241104101320.jpg,bangladeshi_vegetables,https://data.mendeley.com/datasets/b9rvg4f2st/4,CC BY 4.0,bangladeshi_veg_IMG_20250215_220321.jpg,False
data/raw_acquired/bangladeshi_vegetables/tomato/bangladeshi_veg_IMG_20250215_220329.jpg,tomato,Tomato,data/raw_acquired/bangladeshi_vegetables/tomato/bangladeshi_veg_IMG20241104101320.jpg,bangladeshi_vegetables,https://data.mendeley.com/datasets/b9rvg4f2st/4,CC BY 4.0,bangladeshi_veg_IMG_20250215_220329.jpg,False
data/raw_acquired/bangladeshi_vegetables/tomato/bangladeshi_veg_IMG_20250215_220344.jpg,tomato,Tomato,data/raw_acquired/bangladeshi_vegetables/tomato/bangladeshi_veg_IMG20241104101320.jpg,bangladeshi_vegetables,https://data.mendeley.com/datasets/b9rvg4f2st/4,CC BY 4.0,bangladeshi_veg_IMG_20250215_220344.jpg,False
data/raw_acquired/bangladeshi_vegetables/tomato/bangladeshi_veg_IMG_20250215_220409.jpg,tomato,Tomato,data/raw_acquired/bangladeshi_vegetables/tomato/bangladeshi_veg_IMG20241104101320.jpg,bangladeshi_vegetables,https://data.mendeley.com/datasets/b9rvg4f2st/4,CC BY 4.0,bangladeshi_veg_IMG_20250215_220409.jpg,False
data/raw_acquired/bangladeshi_vegetables/tomato/bangladeshi_veg_IMG_20250215_220428.jpg,tomato,Tomato,data/raw_acquired/bangladeshi_vegetables/tomato/bangladeshi_veg_IMG20241104101320.jpg,bangladeshi_vegetables,https://data.mendeley.com/datasets/b9rvg4f2st/4,CC BY 4.0,bangladeshi_veg_IMG_20250215_220428.jpg,False
data/raw_acquired/bangladeshi_vegetables/tomato/bangladeshi_veg_IMG_20250215_220442.jpg,tomato,Tomato,data/raw_acquired/bangladeshi_vegetables/tomato/bangladeshi_veg_IMG20241104101320.jpg,bangladeshi_vegetables,https://data.mendeley.com/datasets/b9rvg4f2st/4,CC BY 4.0,bangladeshi_veg_IMG_20250215_220442.jpg,False
data/raw_acquired/bangladeshi_vegetables/tomato/bangladeshi_veg_IMG_20250215_220453.jpg,tomato,Tomato,data/raw_acquired/bangladeshi_vegetables/tomato/bangladeshi_veg_IMG20241104101320.jpg,bangladeshi_vegetables,https://data.mendeley.com/datasets/b9rvg4f2st/4,CC BY 4.0,bangladeshi_veg_IMG_20250215_220453.jpg,False
data/raw_acquired/bangladeshi_vegetables/tomato/bangladeshi_veg_IMG_20250215_220514.jpg,tomato,Tomato,data/raw_acquired/bangladeshi_vegetables/tomato/bangladeshi_veg_IMG20241104101320.jpg,bangladeshi_vegetables,https://data.mendeley.com/datasets/b9rvg4f2st/4,CC BY 4.0,bangladeshi_veg_IMG_20250215_220514.jpg,False
data/raw_acquired/bangladeshi_vegetables/tomato/bangladeshi_veg_IMG_20250215_220537.jpg,tomato,Tomato,data/raw_acquired/bangladeshi_vegetables/tomato/bangladeshi_veg_IMG20241104101320.jpg,bangladeshi_vegetables,https://data.mendeley.com/datasets/b9rvg4f2st/4,CC BY 4.0,bangladeshi_veg_IMG_20250215_220537.jpg,False
data/raw_acquired/bangladeshi_vegetables/tomato/bangladeshi_veg_IMG_20250215_220557.jpg,tomato,Tomato,data/raw_acquired/bangladeshi_vegetables/tomato/bangladeshi_veg_IMG20241104101320.jpg,bangladeshi_vegetables,https://data.mendeley.com/datasets/b9rvg4f2st/4,CC BY 4.0,bangladeshi_veg_IMG_20250215_220557.jpg,False
data/raw_acquired/bangladeshi_vegetables/tomato/bangladeshi_veg_IMG_20250215_220605.jpg,tomato,Tomato,data/raw_acquired/bangladeshi_vegetables/tomato/bangladeshi_veg_IMG20241104101320.jpg,bangladeshi_vegetables,https://data.mendeley.com/datasets/b9rvg4f2st/4,CC BY 4.0,bangladeshi_veg_IMG_20250215_220605.jpg,False
data/raw_acquired/bangladeshi_vegetables/tomato/bangladeshi_veg_IMG_20250215_220614.jpg,tomato,Tomato,data/raw_acquired/bangladeshi_vegetables/tomato/bangladeshi_veg_IMG20241104101320.jpg,bangladeshi_vegetables,https://data.mendeley.com/datasets/b9rvg4f2st/4,CC BY 4.0,bangladeshi_veg_IMG_20250215_220614.jpg,False
data/raw_acquired/bangladeshi_vegetables/tomato/bangladeshi_veg_IMG_20250215_220639.jpg,tomato,Tomato,data/raw_acquired/bangladeshi_vegetables/tomato/bangladeshi_veg_IMG20241104101320.jpg,bangladeshi_vegetables,https://data.mendeley.com/datasets/b9rvg4f2st/4,CC BY 4.0,bangladeshi_veg_IMG_20250215_220639.jpg,False
data/raw_acquired/bangladeshi_vegetables/tomato/bangladeshi_veg_IMG_20250215_220647.jpg,tomato,Tomato,data/raw_acquired/bangladeshi_vegetables/tomato/bangladeshi_veg_IMG20241104101320.jpg,bangladeshi_vegetables,https://data.mendeley.com/datasets/b9rvg4f2st/4,CC BY 4.0,bangladeshi_veg_IMG_20250215_220647.jpg,False
data/raw_acquired/bangladeshi_vegetables/tomato/bangladeshi_veg_IMG_20250215_220654.jpg,tomato,Tomato,data/raw_acquired/bangladeshi_vegetables/tomato/bangladeshi_veg_IMG20241104101320.jpg,bangladeshi_vegetables,https://data.mendeley.com/datasets/b9rvg4f2st/4,CC BY 4.0,bangladeshi_veg_IMG_20250215_220654.jpg,False
data/raw_acquired/bangladeshi_vegetables/tomato/bangladeshi_veg_IMG_20250215_220716.jpg,tomato,Tomato,data/raw_acquired/bangladeshi_vegetables/tomato/bangladeshi_veg_IMG20241104101320.jpg,bangladeshi_vegetables,https://data.mendeley.com/datasets/b9rvg4f2st/4,CC BY 4.0,bangladeshi_veg_IMG_20250215_220716.jpg,False
data/raw_acquired/bangladeshi_vegetables/tomato/bangladeshi_veg_IMG_20250215_220734.jpg,tomato,Tomato,data/raw_acquired/bangladeshi_vegetables/tomato/bangladeshi_veg_IMG20241104101320.jpg,bangladeshi_vegetables,https://data.mendeley.com/datasets/b9rvg4f2st/4,CC BY 4.0,bangladeshi_veg_IMG_20250215_220734.jpg,False
data/raw_acquired/bangladeshi_vegetables/tomato/bangladeshi_veg_IMG_20250215_220747.jpg,tomato,Tomato,data/raw_acquired/bangladeshi_vegetables/tomato/bangladeshi_veg_IMG20241104101320.jpg,bangladeshi_vegetables,https://data.mendeley.com/datasets/b9rvg4f2st/4,CC BY 4.0,bangladeshi_veg_IMG_20250215_220747.jpg,False
data/raw_acquired/bangladeshi_vegetables/tomato/bangladeshi_veg_IMG_20250215_220756.jpg,tomato,Tomato,data/raw_acquired/bangladeshi_vegetables/tomato/bangladeshi_veg_IMG20241104101320.jpg,bangladeshi_vegetables,https://data.mendeley.com/datasets/b9rvg4f2st/4,CC BY 4.0,bangladeshi_veg_IMG_20250215_220756.jpg,False
data/raw_acquired/bangladeshi_vegetables/tomato/bangladeshi_veg_IMG_20250215_220815.jpg,tomato,Tomato,data/raw_acquired/bangladeshi_vegetables/tomato/bangladeshi_veg_IMG20241104101320.jpg,bangladeshi_vegetables,https://data.mendeley.com/datasets/b9rvg4f2st/4,CC BY 4.0,bangladeshi_veg_IMG_20250215_220815.jpg,False
data/raw_acquired/bangladeshi_vegetables/tomato/bangladeshi_veg_IMG_20250215_220830.jpg,tomato,Tomato,data/raw_acquired/bangladeshi_vegetables/tomato/bangladeshi_veg_IMG20241104101320.jpg,bangladeshi_vegetables,https://data.mendeley.com/datasets/b9rvg4f2st/4,CC BY 4.0,bangladeshi_veg_IMG_20250215_220830.jpg,False
data/raw_acquired/bangladeshi_vegetables/tomato/bangladeshi_veg_IMG_20250215_220842.jpg,tomato,Tomato,data/raw_acquired/bangladeshi_vegetables/tomato/bangladeshi_veg_IMG20241104101320.jpg,bangladeshi_vegetables,https://data.mendeley.com/datasets/b9rvg4f2st/4,CC BY 4.0,bangladeshi_veg_IMG_20250215_220842.jpg,False
data/raw_acquired/bangladeshi_vegetables/tomato/bangladeshi_veg_IMG_20250215_220905.jpg,tomato,Tomato,data/raw_acquired/bangladeshi_vegetables/tomato/bangladeshi_veg_IMG20241104101320.jpg,bangladeshi_vegetables,https://data.mendeley.com/datasets/b9rvg4f2st/4,CC BY 4.0,bangladeshi_veg_IMG_20250215_220905.jpg,False
data/raw_acquired/bangladeshi_vegetables/tomato/bangladeshi_veg_IMG_20250215_220915.jpg,tomato,Tomato,data/raw_acquired/bangladeshi_vegetables/tomato/bangladeshi_veg_IMG20241104101320.jpg,bangladeshi_vegetables,https://data.mendeley.com/datasets/b9rvg4f2st/4,CC BY 4.0,bangladeshi_veg_IMG_20250215_220915.jpg,False
data/raw_acquired/bangladeshi_vegetables/tomato/bangladeshi_veg_IMG_20250215_220923.jpg,tomato,Tomato,data/raw_acquired/bangladeshi_vegetables/tomato/bangladeshi_veg_IMG20241104101320.jpg,bangladeshi_vegetables,https://data.mendeley.com/datasets/b9rvg4f2st/4,CC BY 4.0,bangladeshi_veg_IMG_20250215_220923.jpg,False
data/raw_acquired/bangladeshi_vegetables/tomato/bangladeshi_veg_IMG_20250215_220932.jpg,tomato,Tomato,data/raw_acquired/bangladeshi_vegetables/tomato/bangladeshi_veg_IMG20241104101320.jpg,bangladeshi_vegetables,https://data.mendeley.com/datasets/b9rvg4f2st/4,CC BY 4.0,bangladeshi_veg_IMG_20250215_220932.jpg,False
data/raw_acquired/bangladeshi_vegetables/tomato/bangladeshi_veg_IMG_20250215_221050.jpg,tomato,Tomato,data/raw_acquired/bangladeshi_vegetables/tomato/bangladeshi_veg_IMG20241104101320.jpg,bangladeshi_vegetables,https://data.mendeley.com/datasets/b9rvg4f2st/4,CC BY 4.0,bangladeshi_veg_IMG_20250215_221050.jpg,False
data/raw_acquired/bangladeshi_vegetables/tomato/bangladeshi_veg_IMG_20250215_221113.jpg,tomato,Tomato,data/raw_acquired/bangladeshi_vegetables/tomato/bangladeshi_veg_IMG20241104101320.jpg,bangladeshi_vegetables,https://data.mendeley.com/datasets/b9rvg4f2st/4,CC BY 4.0,bangladeshi_veg_IMG_20250215_221113.jpg,False
data/raw_acquired/bangladeshi_vegetables/tomato/bangladeshi_veg_IMG_20250215_221139.jpg,tomato,Tomato,data/raw_acquired/bangladeshi_vegetables/tomato/bangladeshi_veg_IMG20241104101320.jpg,bangladeshi_vegetables,https://data.mendeley.com/datasets/b9rvg4f2st/4,CC BY 4.0,bangladeshi_veg_IMG_20250215_221139.jpg,False
data/raw_acquired/bangladeshi_vegetables/tomato/bangladeshi_veg_IMG_20250215_221200.jpg,tomato,Tomato,data/raw_acquired/bangladeshi_vegetables/tomato/bangladeshi_veg_IMG20241104101320.jpg,bangladeshi_vegetables,https://data.mendeley.com/datasets/b9rvg4f2st/4,CC BY 4.0,bangladeshi_veg_IMG_20250215_221200.jpg,False
data/raw_acquired/bangladeshi_vegetables/tomato/bangladeshi_veg_IMG_20250215_221229.jpg,tomato,Tomato,data/raw_acquired/bangladeshi_vegetables/tomato/bangladeshi_veg_IMG20241104101320.jpg,bangladeshi_vegetables,https://data.mendeley.com/datasets/b9rvg4f2st/4,CC BY 4.0,bangladeshi_veg_IMG_20250215_221229.jpg,False
data/raw_acquired/bangladeshi_vegetables/tomato/bangladeshi_veg_IMG_20250215_221239.jpg,tomato,Tomato,data/raw_acquired/bangladeshi_vegetables/tomato/bangladeshi_veg_IMG20241104101320.jpg,bangladeshi_vegetables,https://data.mendeley.com/datasets/b9rvg4f2st/4,CC BY 4.0,bangladeshi_veg_IMG_20250215_221239.jpg,False
data/raw_acquired/bangladeshi_vegetables/tomato/bangladeshi_veg_IMG_20250215_221248.jpg,tomato,Tomato,data/raw_acquired/bangladeshi_vegetables/tomato/bangladeshi_veg_IMG20241104101320.jpg,bangladeshi_vegetables,https://data.mendeley.com/datasets/b9rvg4f2st/4,CC BY 4.0,bangladeshi_veg_IMG_20250215_221248.jpg,False
data/raw_acquired/bangladeshi_vegetables/tomato/bangladeshi_veg_IMG_20250215_221301.jpg,tomato,Tomato,data/raw_acquired/bangladeshi_vegetables/tomato/bangladeshi_veg_IMG20241104101320.jpg,bangladeshi_vegetables,https://data.mendeley.com/datasets/b9rvg4f2st/4,CC BY 4.0,bangladeshi_veg_IMG_20250215_221301.jpg,False
data/raw_acquired/bangladeshi_vegetables/tomato/bangladeshi_veg_IMG_20250215_221310.jpg,tomato,Tomato,data/raw_acquired/bangladeshi_vegetables/tomato/bangladeshi_veg_IMG20241104101320.jpg,bangladeshi_vegetables,https://data.mendeley.com/datasets/b9rvg4f2st/4,CC BY 4.0,bangladeshi_veg_IMG_20250215_221310.jpg,False
data/raw_acquired/bangladeshi_vegetables/tomato/bangladeshi_veg_IMG_20250215_221321.jpg,tomato,Tomato,data/raw_acquired/bangladeshi_vegetables/tomato/bangladeshi_veg_IMG20241104101320.jpg,bangladeshi_vegetables,https://data.mendeley.com/datasets/b9rvg4f2st/4,CC BY 4.0,bangladeshi_veg_IMG_20250215_221321.jpg,False
data/raw_acquired/bangladeshi_vegetables/tomato/bangladeshi_veg_IMG_20250215_221332.jpg,tomato,Tomato,data/raw_acquired/bangladeshi_vegetables/tomato/bangladeshi_veg_IMG20241104101320.jpg,bangladeshi_vegetables,https://data.mendeley.com/datasets/b9rvg4f2st/4,CC BY 4.0,bangladeshi_veg_IMG_20250215_221332.jpg,False
data/raw_acquired/bangladeshi_vegetables/tomato/bangladeshi_veg_IMG_20250215_221355.jpg,tomato,Tomato,data/raw_acquired/bangladeshi_vegetables/tomato/bangladeshi_veg_IMG20241104101320.jpg,bangladeshi_vegetables,https://data.mendeley.com/datasets/b9rvg4f2st/4,CC BY 4.0,bangladeshi_veg_IMG_20250215_221355.jpg,False
data/raw_acquired/bangladeshi_vegetables/tomato/bangladeshi_veg_IMG_20250215_221408.jpg,tomato,Tomato,data/raw_acquired/bangladeshi_vegetables/tomato/bangladeshi_veg_IMG20241104101320.jpg,bangladeshi_vegetables,https://data.mendeley.com/datasets/b9rvg4f2st/4,CC BY 4.0,bangladeshi_veg_IMG_20250215_221408.jpg,False
data/raw_acquired/bangladeshi_vegetables/tomato/bangladeshi_veg_IMG_20250215_221420.jpg,tomato,Tomato,data/raw_acquired/bangladeshi_vegetables/tomato/bangladeshi_veg_IMG20241104101320.jpg,bangladeshi_vegetables,https://data.mendeley.com/datasets/b9rvg4f2st/4,CC BY 4.0,bangladeshi_veg_IMG_20250215_221420.jpg,False
data/raw_acquired/bangladeshi_vegetables/tomato/bangladeshi_veg_IMG_20250215_221440.jpg,tomato,Tomato,data/raw_acquired/bangladeshi_vegetables/tomato/bangladeshi_veg_IMG20241104101320.jpg,bangladeshi_vegetables,https://data.mendeley.com/datasets/b9rvg4f2st/4,CC BY 4.0,bangladeshi_veg_IMG_20250215_221440.jpg,False
data/raw_acquired/bangladeshi_vegetables/tomato/bangladeshi_veg_IMG_20250215_221517.jpg,tomato,Tomato,data/raw_acquired/bangladeshi_vegetables/tomato/bangladeshi_veg_IMG20241104101320.jpg,bangladeshi_vegetables,https://data.mendeley.com/datasets/b9rvg4f2st/4,CC BY 4.0,bangladeshi_veg_IMG_20250215_221517.jpg,False
data/raw_acquired/bangladeshi_vegetables/tomato/bangladeshi_veg_IMG_20250215_221549.jpg,tomato,Tomato,data/raw_acquired/bangladeshi_vegetables/tomato/bangladeshi_veg_IMG20241104101320.jpg,bangladeshi_vegetables,https://data.mendeley.com/datasets/b9rvg4f2st/4,CC BY 4.0,bangladeshi_veg_IMG_20250215_221549.jpg,False
data/raw_acquired/bangladeshi_vegetables/tomato/bangladeshi_veg_IMG_20250215_221602.jpg,tomato,Tomato,data/raw_acquired/bangladeshi_vegetables/tomato/bangladeshi_veg_IMG20241104101320.jpg,bangladeshi_vegetables,https://data.mendeley.com/datasets/b9rvg4f2st/4,CC BY 4.0,bangladeshi_veg_IMG_20250215_221602.jpg,False
data/raw_acquired/bangladeshi_vegetables/tomato/bangladeshi_veg_IMG_20250215_221620.jpg,tomato,Tomato,data/raw_acquired/bangladeshi_vegetables/tomato/bangladeshi_veg_IMG20241104101320.jpg,bangladeshi_vegetables,https://data.mendeley.com/datasets/b9rvg4f2st/4,CC BY 4.0,bangladeshi_veg_IMG_20250215_221620.jpg,False
data/raw_acquired/bangladeshi_vegetables/tomato/bangladeshi_veg_IMG_20250215_221640.jpg,tomato,Tomato,data/raw_acquired/bangladeshi_vegetables/tomato/bangladeshi_veg_IMG20241104101320.jpg,bangladeshi_vegetables,https://data.mendeley.com/datasets/b9rvg4f2st/4,CC BY 4.0,bangladeshi_veg_IMG_20250215_221640.jpg,False
data/raw_acquired/bangladeshi_vegetables/tomato/bangladeshi_veg_IMG_20250215_221652.jpg,tomato,Tomato,data/raw_acquired/bangladeshi_vegetables/tomato/bangladeshi_veg_IMG20241104101320.jpg,bangladeshi_vegetables,https://data.mendeley.com/datasets/b9rvg4f2st/4,CC BY 4.0,bangladeshi_veg_IMG_20250215_221652.jpg,False
data/raw_acquired/bangladeshi_vegetables/tomato/bangladeshi_veg_IMG_20250215_221716.jpg,tomato,Tomato,data/raw_acquired/bangladeshi_vegetables/tomato/bangladeshi_veg_IMG20241104101320.jpg,bangladeshi_vegetables,https://data.mendeley.com/datasets/b9rvg4f2st/4,CC BY 4.0,bangladeshi_veg_IMG_20250215_221716.jpg,False
data/raw_acquired/bangladeshi_vegetables/tomato/bangladeshi_veg_IMG_20250215_221735.jpg,tomato,Tomato,data/raw_acquired/bangladeshi_vegetables/tomato/bangladeshi_veg_IMG20241104101320.jpg,bangladeshi_vegetables,https://data.mendeley.com/datasets/b9rvg4f2st/4,CC BY 4.0,bangladeshi_veg_IMG_20250215_221735.jpg,False
data/raw_acquired/bangladeshi_vegetables/tomato/bangladeshi_veg_IMG_20250215_221748.jpg,tomato,Tomato,data/raw_acquired/bangladeshi_vegetables/tomato/bangladeshi_veg_IMG20241104101320.jpg,bangladeshi_vegetables,https://data.mendeley.com/datasets/b9rvg4f2st/4,CC BY 4.0,bangladeshi_veg_IMG_20250215_221748.jpg,False
data/raw_acquired/bangladeshi_vegetables/tomato/bangladeshi_veg_IMG_20250215_221800.jpg,tomato,Tomato,data/raw_acquired/bangladeshi_vegetables/tomato/bangladeshi_veg_IMG20241104101320.jpg,bangladeshi_vegetables,https://data.mendeley.com/datasets/b9rvg4f2st/4,CC BY 4.0,bangladeshi_veg_IMG_20250215_221800.jpg,False
data/raw_acquired/bangladeshi_vegetables/tomato/bangladeshi_veg_IMG_20250215_221820.jpg,tomato,Tomato,data/raw_acquired/bangladeshi_vegetables/tomato/bangladeshi_veg_IMG20241104101320.jpg,bangladeshi_vegetables,https://data.mendeley.com/datasets/b9rvg4f2st/4,CC BY 4.0,bangladeshi_veg_IMG_20250215_221820.jpg,False
data/raw_acquired/bangladeshi_vegetables/tomato/bangladeshi_veg_IMG_20250215_221838.jpg,tomato,Tomato,data/raw_acquired/bangladeshi_vegetables/tomato/bangladeshi_veg_IMG20241104101320.jpg,bangladeshi_vegetables,https://data.mendeley.com/datasets/b9rvg4f2st/4,CC BY 4.0,bangladeshi_veg_IMG_20250215_221838.jpg,False
data/raw_acquired/bangladeshi_vegetables/tomato/bangladeshi_veg_IMG_20250215_221903.jpg,tomato,Tomato,data/raw_acquired/bangladeshi_vegetables/tomato/bangladeshi_veg_IMG20241104101320.jpg,bangladeshi_vegetables,https://data.mendeley.com/datasets/b9rvg4f2st/4,CC BY 4.0,bangladeshi_veg_IMG_20250215_221903.jpg,False
data/raw_acquired/bangladeshi_vegetables/tomato/bangladeshi_veg_IMG_20250215_221922.jpg,tomato,Tomato,data/raw_acquired/bangladeshi_vegetables/tomato/bangladeshi_veg_IMG20241104101320.jpg,bangladeshi_vegetables,https://data.mendeley.com/datasets/b9rvg4f2st/4,CC BY 4.0,bangladeshi_veg_IMG_20250215_221922.jpg,False
data/raw_acquired/bangladeshi_vegetables/tomato/bangladeshi_veg_IMG_20250215_221936.jpg,tomato,Tomato,data/raw_acquired/bangladeshi_vegetables/tomato/bangladeshi_veg_IMG20241104101320.jpg,bangladeshi_vegetables,https://data.mendeley.com/datasets/b9rvg4f2st/4,CC BY 4.0,bangladeshi_veg_IMG_20250215_221936.jpg,False
data/raw_acquired/bangladeshi_vegetables/tomato/bangladeshi_veg_IMG_20250215_221949.jpg,tomato,Tomato,data/raw_acquired/bangladeshi_vegetables/tomato/bangladeshi_veg_IMG20241104101320.jpg,bangladeshi_vegetables,https://data.mendeley.com/datasets/b9rvg4f2st/4,CC BY 4.0,bangladeshi_veg_IMG_20250215_221949.jpg,False
data/raw_acquired/bangladeshi_vegetables/tomato/bangladeshi_veg_IMG_20250215_222002.jpg,tomato,Tomato,data/raw_acquired/bangladeshi_vegetables/tomato/bangladeshi_veg_IMG20241104101320.jpg,bangladeshi_vegetables,https://data.mendeley.com/datasets/b9rvg4f2st/4,CC BY 4.0,bangladeshi_veg_IMG_20250215_222002.jpg,False
data/raw_acquired/bangladeshi_vegetables/tomato/bangladeshi_veg_IMG_20250215_222017.jpg,tomato,Tomato,data/raw_acquired/bangladeshi_vegetables/tomato/bangladeshi_veg_IMG20241104101320.jpg,bangladeshi_vegetables,https://data.mendeley.com/datasets/b9rvg4f2st/4,CC BY 4.0,bangladeshi_veg_IMG_20250215_222017.jpg,False
data/raw_acquired/bangladeshi_vegetables/tomato/bangladeshi_veg_IMG_20250215_222028.jpg,tomato,Tomato,data/raw_acquired/bangladeshi_vegetables/tomato/bangladeshi_veg_IMG20241104101320.jpg,bangladeshi_vegetables,https://data.mendeley.com/datasets/b9rvg4f2st/4,CC BY 4.0,bangladeshi_veg_IMG_20250215_222028.jpg,False
data/raw_acquired/bangladeshi_vegetables/tomato/bangladeshi_veg_IMG_20250215_222036.jpg,tomato,Tomato,data/raw_acquired/bangladeshi_vegetables/tomato/bangladeshi_veg_IMG20241104101320.jpg,bangladeshi_vegetables,https://data.mendeley.com/datasets/b9rvg4f2st/4,CC BY 4.0,bangladeshi_veg_IMG_20250215_222036.jpg,False
data/raw_acquired/bangladeshi_vegetables/tomato/bangladeshi_veg_IMG_20250215_222047.jpg,tomato,Tomato,data/raw_acquired/bangladeshi_vegetables/tomato/bangladeshi_veg_IMG20241104101320.jpg,bangladeshi_vegetables,https://data.mendeley.com/datasets/b9rvg4f2st/4,CC BY 4.0,bangladeshi_veg_IMG_20250215_222047.jpg,False
data/raw_acquired/bangladeshi_vegetables/tomato/bangladeshi_veg_IMG_20250215_222058.jpg,tomato,Tomato,data/raw_acquired/bangladeshi_vegetables/tomato/bangladeshi_veg_IMG20241104101320.jpg,bangladeshi_vegetables,https://data.mendeley.com/datasets/b9rvg4f2st/4,CC BY 4.0,bangladeshi_veg_IMG_20250215_222058.jpg,False
data/raw_acquired/bangladeshi_vegetables/tomato/bangladeshi_veg_IMG_20250215_222110.jpg,tomato,Tomato,data/raw_acquired/bangladeshi_vegetables/tomato/bangladeshi_veg_IMG20241104101320.jpg,bangladeshi_vegetables,https://data.mendeley.com/datasets/b9rvg4f2st/4,CC BY 4.0,bangladeshi_veg_IMG_20250215_222110.jpg,False
data/raw_acquired/bangladeshi_vegetables/tomato/bangladeshi_veg_IMG_20250215_222123.jpg,tomato,Tomato,data/raw_acquired/bangladeshi_vegetables/tomato/bangladeshi_veg_IMG20241104101320.jpg,bangladeshi_vegetables,https://data.mendeley.com/datasets/b9rvg4f2st/4,CC BY 4.0,bangladeshi_veg_IMG_20250215_222123.jpg,False
data/raw_acquired/bangladeshi_vegetables/tomato/bangladeshi_veg_IMG_20250215_222137.jpg,tomato,Tomato,data/raw_acquired/bangladeshi_vegetables/tomato/bangladeshi_veg_IMG20241104101320.jpg,bangladeshi_vegetables,https://data.mendeley.com/datasets/b9rvg4f2st/4,CC BY 4.0,bangladeshi_veg_IMG_20250215_222137.jpg,False
data/raw_acquired/bangladeshi_vegetables/tomato/bangladeshi_veg_IMG_20250215_222152.jpg,tomato,Tomato,data/raw_acquired/bangladeshi_vegetables/tomato/bangladeshi_veg_IMG20241104101320.jpg,bangladeshi_vegetables,https://data.mendeley.com/datasets/b9rvg4f2st/4,CC BY 4.0,bangladeshi_veg_IMG_20250215_222152.jpg,False
data/raw_acquired/bangladeshi_vegetables/tomato/bangladeshi_veg_IMG_20250215_222208.jpg,tomato,Tomato,data/raw_acquired/bangladeshi_vegetables/tomato/bangladeshi_veg_IMG20241104101320.jpg,bangladeshi_vegetables,https://data.mendeley.com/datasets/b9rvg4f2st/4,CC BY 4.0,bangladeshi_veg_IMG_20250215_222208.jpg,False
data/raw_acquired/bangladeshi_vegetables/tomato/bangladeshi_veg_IMG_20250215_222219.jpg,tomato,Tomato,data/raw_acquired/bangladeshi_vegetables/tomato/bangladeshi_veg_IMG20241104101320.jpg,bangladeshi_vegetables,https://data.mendeley.com/datasets/b9rvg4f2st/4,CC BY 4.0,bangladeshi_veg_IMG_20250215_222219.jpg,False
data/raw_acquired/bangladeshi_vegetables/tomato/bangladeshi_veg_IMG_20250215_222233.jpg,tomato,Tomato,data/raw_acquired/bangladeshi_vegetables/tomato/bangladeshi_veg_IMG20241104101320.jpg,bangladeshi_vegetables,https://data.mendeley.com/datasets/b9rvg4f2st/4,CC BY 4.0,bangladeshi_veg_IMG_20250215_222233.jpg,False
data/raw_acquired/bangladeshi_vegetables/tomato/bangladeshi_veg_IMG_20250215_222249.jpg,tomato,Tomato,data/raw_acquired/bangladeshi_vegetables/tomato/bangladeshi_veg_IMG20241104101320.jpg,bangladeshi_vegetables,https://data.mendeley.com/datasets/b9rvg4f2st/4,CC BY 4.0,bangladeshi_veg_IMG_20250215_222249.jpg,False
data/raw_acquired/bangladeshi_vegetables/tomato/bangladeshi_veg_IMG_20250215_222304.jpg,tomato,Tomato,data/raw_acquired/bangladeshi_vegetables/tomato/bangladeshi_veg_IMG20241104101320.jpg,bangladeshi_vegetables,https://data.mendeley.com/datasets/b9rvg4f2st/4,CC BY 4.0,bangladeshi_veg_IMG_20250215_222304.jpg,False
data/raw_acquired/bangladeshi_vegetables/tomato/bangladeshi_veg_IMG_20250215_222313.jpg,tomato,Tomato,data/raw_acquired/bangladeshi_vegetables/tomato/bangladeshi_veg_IMG20241104101320.jpg,bangladeshi_vegetables,https://data.mendeley.com/datasets/b9rvg4f2st/4,CC BY 4.0,bangladeshi_veg_IMG_20250215_222313.jpg,False
data/raw_acquired/bangladeshi_vegetables/tomato/bangladeshi_veg_IMG_20250215_222325.jpg,tomato,Tomato,data/raw_acquired/bangladeshi_vegetables/tomato/bangladeshi_veg_IMG20241104101320.jpg,bangladeshi_vegetables,https://data.mendeley.com/datasets/b9rvg4f2st/4,CC BY 4.0,bangladeshi_veg_IMG_20250215_222325.jpg,False
data/raw_acquired/bangladeshi_vegetables/tomato/bangladeshi_veg_IMG_20250215_222335.jpg,tomato,Tomato,data/raw_acquired/bangladeshi_vegetables/tomato/bangladeshi_veg_IMG20241104101320.jpg,bangladeshi_vegetables,https://data.mendeley.com/datasets/b9rvg4f2st/4,CC BY 4.0,bangladeshi_veg_IMG_20250215_222335.jpg,False
data/raw_acquired/bangladeshi_vegetables/tomato/bangladeshi_veg_IMG_20250215_222351.jpg,tomato,Tomato,data/raw_acquired/bangladeshi_vegetables/tomato/bangladeshi_veg_IMG20241104101320.jpg,bangladeshi_vegetables,https://data.mendeley.com/datasets/b9rvg4f2st/4,CC BY 4.0,bangladeshi_veg_IMG_20250215_222351.jpg,False
data/raw_acquired/bangladeshi_vegetables/tomato/bangladeshi_veg_IMG_20250215_222400.jpg,tomato,Tomato,data/raw_acquired/bangladeshi_vegetables/tomato/bangladeshi_veg_IMG20241104101320.jpg,bangladeshi_vegetables,https://data.mendeley.com/datasets/b9rvg4f2st/4,CC BY 4.0,bangladeshi_veg_IMG_20250215_222400.jpg,False
data/raw_acquired/bangladeshi_vegetables/tomato/bangladeshi_veg_IMG_20250215_222413.jpg,tomato,Tomato,data/raw_acquired/bangladeshi_vegetables/tomato/bangladeshi_veg_IMG20241104101320.jpg,bangladeshi_vegetables,https://data.mendeley.com/datasets/b9rvg4f2st/4,CC BY 4.0,bangladeshi_veg_IMG_20250215_222413.jpg,False
data/raw_acquired/bangladeshi_vegetables/tomato/bangladeshi_veg_IMG_20250215_222432.jpg,tomato,Tomato,data/raw_acquired/bangladeshi_vegetables/tomato/bangladeshi_veg_IMG20241104101320.jpg,bangladeshi_vegetables,https://data.mendeley.com/datasets/b9rvg4f2st/4,CC BY 4.0,bangladeshi_veg_IMG_20250215_222432.jpg,False
data/raw_acquired/bangladeshi_vegetables/tomato/bangladeshi_veg_IMG_20250215_222559.jpg,tomato,Tomato,data/raw_acquired/bangladeshi_vegetables/tomato/bangladeshi_veg_IMG20241104101320.jpg,bangladeshi_vegetables,https://data.mendeley.com/datasets/b9rvg4f2st/4,CC BY 4.0,bangladeshi_veg_IMG_20250215_222559.jpg,False
data/raw_acquired/bangladeshi_vegetables/tomato/bangladeshi_veg_IMG_20250215_222614.jpg,tomato,Tomato,data/raw_acquired/bangladeshi_vegetables/tomato/bangladeshi_veg_IMG20241104101320.jpg,bangladeshi_vegetables,https://data.mendeley.com/datasets/b9rvg4f2st/4,CC BY 4.0,bangladeshi_veg_IMG_20250215_222614.jpg,False
data/raw_acquired/bangladeshi_vegetables/tomato/bangladeshi_veg_IMG_20250215_222630.jpg,tomato,Tomato,data/raw_acquired/bangladeshi_vegetables/tomato/bangladeshi_veg_IMG20241104101320.jpg,bangladeshi_vegetables,https://data.mendeley.com/datasets/b9rvg4f2st/4,CC BY 4.0,bangladeshi_veg_IMG_20250215_222630.jpg,False
data/raw_acquired/bangladeshi_vegetables/tomato/bangladeshi_veg_IMG_20250215_222641.jpg,tomato,Tomato,data/raw_acquired/bangladeshi_vegetables/tomato/bangladeshi_veg_IMG20241104101320.jpg,bangladeshi_vegetables,https://data.mendeley.com/datasets/b9rvg4f2st/4,CC BY 4.0,bangladeshi_veg_IMG_20250215_222641.jpg,False
data/raw_acquired/bangladeshi_vegetables/tomato/bangladeshi_veg_IMG_20250215_222705.jpg,tomato,Tomato,data/raw_acquired/bangladeshi_vegetables/tomato/bangladeshi_veg_IMG20241104101320.jpg,bangladeshi_vegetables,https://data.mendeley.com/datasets/b9rvg4f2st/4,CC BY 4.0,bangladeshi_veg_IMG_20250215_222705.jpg,False
data/raw_acquired/bangladeshi_vegetables/tomato/bangladeshi_veg_IMG_20250215_222714.jpg,tomato,Tomato,data/raw_acquired/bangladeshi_vegetables/tomato/bangladeshi_veg_IMG20241104101320.jpg,bangladeshi_vegetables,https://data.mendeley.com/datasets/b9rvg4f2st/4,CC BY 4.0,bangladeshi_veg_IMG_20250215_222714.jpg,False
data/raw_acquired/bangladeshi_vegetables/tomato/bangladeshi_veg_IMG_20250215_222727.jpg,tomato,Tomato,data/raw_acquired/bangladeshi_vegetables/tomato/bangladeshi_veg_IMG20241104101320.jpg,bangladeshi_vegetables,https://data.mendeley.com/datasets/b9rvg4f2st/4,CC BY 4.0,bangladeshi_veg_IMG_20250215_222727.jpg,False
data/raw_acquired/bangladeshi_vegetables/tomato/bangladeshi_veg_IMG_20250215_222740.jpg,tomato,Tomato,data/raw_acquired/bangladeshi_vegetables/tomato/bangladeshi_veg_IMG20241104101320.jpg,bangladeshi_vegetables,https://data.mendeley.com/datasets/b9rvg4f2st/4,CC BY 4.0,bangladeshi_veg_IMG_20250215_222740.jpg,False
data/raw_acquired/bangladeshi_vegetables/tomato/bangladeshi_veg_IMG_20250215_222817.jpg,tomato,Tomato,data/raw_acquired/bangladeshi_vegetables/tomato/bangladeshi_veg_IMG20241104101320.jpg,bangladeshi_vegetables,https://data.mendeley.com/datasets/b9rvg4f2st/4,CC BY 4.0,bangladeshi_veg_IMG_20250215_222817.jpg,False
data/raw_acquired/bangladeshi_vegetables/tomato/bangladeshi_veg_IMG_20250215_222836.jpg,tomato,Tomato,data/raw_acquired/bangladeshi_vegetables/tomato/bangladeshi_veg_IMG20241104101320.jpg,bangladeshi_vegetables,https://data.mendeley.com/datasets/b9rvg4f2st/4,CC BY 4.0,bangladeshi_veg_IMG_20250215_222836.jpg,False
data/raw_acquired/bangladeshi_vegetables/tomato/bangladeshi_veg_IMG_20250215_222851.jpg,tomato,Tomato,data/raw_acquired/bangladeshi_vegetables/tomato/bangladeshi_veg_IMG20241104101320.jpg,bangladeshi_vegetables,https://data.mendeley.com/datasets/b9rvg4f2st/4,CC BY 4.0,bangladeshi_veg_IMG_20250215_222851.jpg,False
data/raw_acquired/bangladeshi_vegetables/tomato/bangladeshi_veg_IMG_20250215_222957.jpg,tomato,Tomato,data/raw_acquired/bangladeshi_vegetables/tomato/bangladeshi_veg_IMG20241104101320.jpg,bangladeshi_vegetables,https://data.mendeley.com/datasets/b9rvg4f2st/4,CC BY 4.0,bangladeshi_veg_IMG_20250215_222957.jpg,False
data/raw_acquired/bangladeshi_vegetables/tomato/bangladeshi_veg_IMG_20250215_223006.jpg,tomato,Tomato,data/raw_acquired/bangladeshi_vegetables/tomato/bangladeshi_veg_IMG20241104101320.jpg,bangladeshi_vegetables,https://data.mendeley.com/datasets/b9rvg4f2st/4,CC BY 4.0,bangladeshi_veg_IMG_20250215_223006.jpg,False
data/raw_acquired/bangladeshi_vegetables/tomato/bangladeshi_veg_IMG_20250215_223020.jpg,tomato,Tomato,data/raw_acquired/bangladeshi_vegetables/tomato/bangladeshi_veg_IMG20241104101320.jpg,bangladeshi_vegetables,https://data.mendeley.com/datasets/b9rvg4f2st/4,CC BY 4.0,bangladeshi_veg_IMG_20250215_223020.jpg,False
data/raw_acquired/bangladeshi_vegetables/tomato/bangladeshi_veg_IMG_20250215_223027.jpg,tomato,Tomato,data/raw_acquired/bangladeshi_vegetables/tomato/bangladeshi_veg_IMG20241104101320.jpg,bangladeshi_vegetables,https://data.mendeley.com/datasets/b9rvg4f2st/4,CC BY 4.0,bangladeshi_veg_IMG_20250215_223027.jpg,False
data/raw_acquired/bangladeshi_vegetables/tomato/bangladeshi_veg_IMG_20250215_223045.jpg,tomato,Tomato,data/raw_acquired/bangladeshi_vegetables/tomato/bangladeshi_veg_IMG20241104101320.jpg,bangladeshi_vegetables,https://data.mendeley.com/datasets/b9rvg4f2st/4,CC BY 4.0,bangladeshi_veg_IMG_20250215_223045.jpg,False
data/raw_acquired/bangladeshi_vegetables/tomato/bangladeshi_veg_IMG_20250215_223059.jpg,tomato,Tomato,data/raw_acquired/bangladeshi_vegetables/tomato/bangladeshi_veg_IMG20241104101320.jpg,bangladeshi_vegetables,https://data.mendeley.com/datasets/b9rvg4f2st/4,CC BY 4.0,bangladeshi_veg_IMG_20250215_223059.jpg,False
data/raw_acquired/bangladeshi_vegetables/tomato/bangladeshi_veg_IMG_20250215_223118.jpg,tomato,Tomato,data/raw_acquired/bangladeshi_vegetables/tomato/bangladeshi_veg_IMG20241104101320.jpg,bangladeshi_vegetables,https://data.mendeley.com/datasets/b9rvg4f2st/4,CC BY 4.0,bangladeshi_veg_IMG_20250215_223118.jpg,False
data/raw_acquired/bangladeshi_vegetables/tomato/bangladeshi_veg_IMG_20250215_223132.jpg,tomato,Tomato,data/raw_acquired/bangladeshi_vegetables/tomato/bangladeshi_veg_IMG20241104101320.jpg,bangladeshi_vegetables,https://data.mendeley.com/datasets/b9rvg4f2st/4,CC BY 4.0,bangladeshi_veg_IMG_20250215_223132.jpg,False
data/raw_acquired/bangladeshi_vegetables/tomato/bangladeshi_veg_IMG_20250215_223142.jpg,tomato,Tomato,data/raw_acquired/bangladeshi_vegetables/tomato/bangladeshi_veg_IMG20241104101320.jpg,bangladeshi_vegetables,https://data.mendeley.com/datasets/b9rvg4f2st/4,CC BY 4.0,bangladeshi_veg_IMG_20250215_223142.jpg,False
data/raw_acquired/bangladeshi_vegetables/tomato/bangladeshi_veg_IMG_20250215_223153.jpg,tomato,Tomato,data/raw_acquired/bangladeshi_vegetables/tomato/bangladeshi_veg_IMG20241104101320.jpg,bangladeshi_vegetables,https://data.mendeley.com/datasets/b9rvg4f2st/4,CC BY 4.0,bangladeshi_veg_IMG_20250215_223153.jpg,False
data/raw_acquired/bangladeshi_vegetables/tomato/bangladeshi_veg_IMG_20250215_223203.jpg,tomato,Tomato,data/raw_acquired/bangladeshi_vegetables/tomato/bangladeshi_veg_IMG20241104101320.jpg,bangladeshi_vegetables,https://data.mendeley.com/datasets/b9rvg4f2st/4,CC BY 4.0,bangladeshi_veg_IMG_20250215_223203.jpg,False
data/raw_acquired/bangladeshi_vegetables/tomato/bangladeshi_veg_IMG_20250215_223211.jpg,tomato,Tomato,data/raw_acquired/bangladeshi_vegetables/tomato/bangladeshi_veg_IMG20241104101320.jpg,bangladeshi_vegetables,https://data.mendeley.com/datasets/b9rvg4f2st/4,CC BY 4.0,bangladeshi_veg_IMG_20250215_223211.jpg,False
data/raw_acquired/bangladeshi_vegetables/tomato/bangladeshi_veg_IMG_20250215_223226.jpg,tomato,Tomato,data/raw_acquired/bangladeshi_vegetables/tomato/bangladeshi_veg_IMG_20250215_223226.jpg,bangladeshi_vegetables,https://data.mendeley.com/datasets/b9rvg4f2st/4,CC BY 4.0,bangladeshi_veg_IMG_20250215_223226.jpg,False
data/raw_acquired/bangladeshi_vegetables/tomato/bangladeshi_veg_IMG_20250215_223238.jpg,tomato,Tomato,data/raw_acquired/bangladeshi_vegetables/tomato/bangladeshi_veg_IMG20241104101320.jpg,bangladeshi_vegetables,https://data.mendeley.com/datasets/b9rvg4f2st/4,CC BY 4.0,bangladeshi_veg_IMG_20250215_223238.jpg,False
data/raw_acquired/bangladeshi_vegetables/tomato/bangladeshi_veg_IMG_20250215_223258.jpg,tomato,Tomato,data/raw_acquired/bangladeshi_vegetables/tomato/bangladeshi_veg_IMG20241104101320.jpg,bangladeshi_vegetables,https://data.mendeley.com/datasets/b9rvg4f2st/4,CC BY 4.0,bangladeshi_veg_IMG_20250215_223258.jpg,False
data/raw_acquired/bangladeshi_vegetables/tomato/bangladeshi_veg_IMG_20250215_223312.jpg,tomato,Tomato,data/raw_acquired/bangladeshi_vegetables/tomato/bangladeshi_veg_IMG20241104101320.jpg,bangladeshi_vegetables,https://data.mendeley.com/datasets/b9rvg4f2st/4,CC BY 4.0,bangladeshi_veg_IMG_20250215_223312.jpg,False
data/raw_acquired/bangladeshi_vegetables/tomato/bangladeshi_veg_IMG_20250215_223323.jpg,tomato,Tomato,data/raw_acquired/bangladeshi_vegetables/tomato/bangladeshi_veg_IMG20241104101320.jpg,bangladeshi_vegetables,https://data.mendeley.com/datasets/b9rvg4f2st/4,CC BY 4.0,bangladeshi_veg_IMG_20250215_223323.jpg,False
data/raw_acquired/bangladeshi_vegetables/tomato/bangladeshi_veg_IMG_20250215_223334.jpg,tomato,Tomato,data/raw_acquired/bangladeshi_vegetables/tomato/bangladeshi_veg_IMG20241104101320.jpg,bangladeshi_vegetables,https://data.mendeley.com/datasets/b9rvg4f2st/4,CC BY 4.0,bangladeshi_veg_IMG_20250215_223334.jpg,False
data/raw_acquired/bangladeshi_vegetables/tomato/bangladeshi_veg_IMG_20250215_223343.jpg,tomato,Tomato,data/raw_acquired/bangladeshi_vegetables/tomato/bangladeshi_veg_IMG20241104101320.jpg,bangladeshi_vegetables,https://data.mendeley.com/datasets/b9rvg4f2st/4,CC BY 4.0,bangladeshi_veg_IMG_20250215_223343.jpg,False
data/raw_acquired/bangladeshi_vegetables/tomato/bangladeshi_veg_IMG_20250215_223353.jpg,tomato,Tomato,data/raw_acquired/bangladeshi_vegetables/tomato/bangladeshi_veg_IMG20241104101320.jpg,bangladeshi_vegetables,https://data.mendeley.com/datasets/b9rvg4f2st/4,CC BY 4.0,bangladeshi_veg_IMG_20250215_223353.jpg,False
data/raw_acquired/bangladeshi_vegetables/tomato/bangladeshi_veg_IMG_20250215_223405.jpg,tomato,Tomato,data/raw_acquired/bangladeshi_vegetables/tomato/bangladeshi_veg_IMG20241104101320.jpg,bangladeshi_vegetables,https://data.mendeley.com/datasets/b9rvg4f2st/4,CC BY 4.0,bangladeshi_veg_IMG_20250215_223405.jpg,False
data/raw_acquired/bangladeshi_vegetables/tomato/bangladeshi_veg_IMG_20250215_223418.jpg,tomato,Tomato,data/raw_acquired/bangladeshi_vegetables/tomato/bangladeshi_veg_IMG20241104101320.jpg,bangladeshi_vegetables,https://data.mendeley.com/datasets/b9rvg4f2st/4,CC BY 4.0,bangladeshi_veg_IMG_20250215_223418.jpg,False
data/raw_acquired/bangladeshi_vegetables/tomato/bangladeshi_veg_IMG_20250215_223429.jpg,tomato,Tomato,data/raw_acquired/bangladeshi_vegetables/tomato/bangladeshi_veg_IMG20241104101320.jpg,bangladeshi_vegetables,https://data.mendeley.com/datasets/b9rvg4f2st/4,CC BY 4.0,bangladeshi_veg_IMG_20250215_223429.jpg,False
data/raw_acquired/bangladeshi_vegetables/tomato/bangladeshi_veg_IMG_20250215_223441.jpg,tomato,Tomato,data/raw_acquired/bangladeshi_vegetables/tomato/bangladeshi_veg_IMG20241104101320.jpg,bangladeshi_vegetables,https://data.mendeley.com/datasets/b9rvg4f2st/4,CC BY 4.0,bangladeshi_veg_IMG_20250215_223441.jpg,False
data/raw_acquired/bangladeshi_vegetables/tomato/bangladeshi_veg_IMG_20250215_223455.jpg,tomato,Tomato,data/raw_acquired/bangladeshi_vegetables/tomato/bangladeshi_veg_IMG20241104101320.jpg,bangladeshi_vegetables,https://data.mendeley.com/datasets/b9rvg4f2st/4,CC BY 4.0,bangladeshi_veg_IMG_20250215_223455.jpg,False
data/raw_acquired/bangladeshi_vegetables/tomato/bangladeshi_veg_IMG_20250215_223504.jpg,tomato,Tomato,data/raw_acquired/bangladeshi_vegetables/tomato/bangladeshi_veg_IMG20241104101320.jpg,bangladeshi_vegetables,https://data.mendeley.com/datasets/b9rvg4f2st/4,CC BY 4.0,bangladeshi_veg_IMG_20250215_223504.jpg,False
data/raw_acquired/bangladeshi_vegetables/tomato/bangladeshi_veg_IMG_20250215_223511.jpg,tomato,Tomato,data/raw_acquired/bangladeshi_vegetables/tomato/bangladeshi_veg_IMG20241104101320.jpg,bangladeshi_vegetables,https://data.mendeley.com/datasets/b9rvg4f2st/4,CC BY 4.0,bangladeshi_veg_IMG_20250215_223511.jpg,False
data/raw_acquired/bangladeshi_vegetables/tomato/bangladeshi_veg_IMG_20250215_223523.jpg,tomato,Tomato,data/raw_acquired/bangladeshi_vegetables/tomato/bangladeshi_veg_IMG20241104101320.jpg,bangladeshi_vegetables,https://data.mendeley.com/datasets/b9rvg4f2st/4,CC BY 4.0,bangladeshi_veg_IMG_20250215_223523.jpg,False
data/raw_acquired/bangladeshi_vegetables/tomato/bangladeshi_veg_IMG_20250215_223530.jpg,tomato,Tomato,data/raw_acquired/bangladeshi_vegetables/tomato/bangladeshi_veg_IMG20241104101320.jpg,bangladeshi_vegetables,https://data.mendeley.com/datasets/b9rvg4f2st/4,CC BY 4.0,bangladeshi_veg_IMG_20250215_223530.jpg,False
data/raw_acquired/bangladeshi_vegetables/tomato/bangladeshi_veg_IMG_20250215_223543.jpg,tomato,Tomato,data/raw_acquired/bangladeshi_vegetables/tomato/bangladeshi_veg_IMG20241104101320.jpg,bangladeshi_vegetables,https://data.mendeley.com/datasets/b9rvg4f2st/4,CC BY 4.0,bangladeshi_veg_IMG_20250215_223543.jpg,False
data/raw_acquired/bangladeshi_vegetables/tomato/bangladeshi_veg_IMG_20250215_223549.jpg,tomato,Tomato,data/raw_acquired/bangladeshi_vegetables/tomato/bangladeshi_veg_IMG20241104101320.jpg,bangladeshi_vegetables,https://data.mendeley.com/datasets/b9rvg4f2st/4,CC BY 4.0,bangladeshi_veg_IMG_20250215_223549.jpg,False
data/raw_acquired/bangladeshi_vegetables/tomato/bangladeshi_veg_IMG_20250215_223557.jpg,tomato,Tomato,data/raw_acquired/bangladeshi_vegetables/tomato/bangladeshi_veg_IMG20241104101320.jpg,bangladeshi_vegetables,https://data.mendeley.com/datasets/b9rvg4f2st/4,CC BY 4.0,bangladeshi_veg_IMG_20250215_223557.jpg,False
data/raw_acquired/bangladeshi_vegetables/tomato/bangladeshi_veg_IMG_20250215_223606.jpg,tomato,Tomato,data/raw_acquired/bangladeshi_vegetables/tomato/bangladeshi_veg_IMG20241104101320.jpg,bangladeshi_vegetables,https://data.mendeley.com/datasets/b9rvg4f2st/4,CC BY 4.0,bangladeshi_veg_IMG_20250215_223606.jpg,False
data/raw_acquired/bangladeshi_vegetables/tomato/bangladeshi_veg_IMG_20250215_223624 (1).jpg,tomato,Tomato,data/raw_acquired/bangladeshi_vegetables/tomato/bangladeshi_veg_IMG20241104101320.jpg,bangladeshi_vegetables,https://data.mendeley.com/datasets/b9rvg4f2st/4,CC BY 4.0,bangladeshi_veg_IMG_20250215_223624 (1).jpg,False
data/raw_acquired/bangladeshi_vegetables/tomato/bangladeshi_veg_IMG_20250215_223624.jpg,tomato,Tomato,data/raw_acquired/bangladeshi_vegetables/tomato/bangladeshi_veg_IMG20241104101320.jpg,bangladeshi_vegetables,https://data.mendeley.com/datasets/b9rvg4f2st/4,CC BY 4.0,bangladeshi_veg_IMG_20250215_223624.jpg,False
data/raw_acquired/bangladeshi_vegetables/tomato/bangladeshi_veg_IMG_8654.JPG,tomato,Tomato,data/raw_acquired/bangladeshi_vegetables/tomato/bangladeshi_veg_IMG_8654.JPG,bangladeshi_vegetables,https://data.mendeley.com/datasets/b9rvg4f2st/4,CC BY 4.0,bangladeshi_veg_IMG_8654.JPG,False
data/raw_acquired/bangladeshi_vegetables/tomato/bangladeshi_veg_IMG_8655.JPG,tomato,Tomato,data/raw_acquired/bangladeshi_vegetables/tomato/bangladeshi_veg_IMG_8655.JPG,bangladeshi_vegetables,https://data.mendeley.com/datasets/b9rvg4f2st/4,CC BY 4.0,bangladeshi_veg_IMG_8655.JPG,False
data/raw_acquired/bangladeshi_vegetables/tomato/bangladeshi_veg_IMG_8656.JPG,tomato,Tomato,data/raw_acquired/bangladeshi_vegetables/tomato/bangladeshi_veg_IMG_8656.JPG,bangladeshi_vegetables,https://data.mendeley.com/datasets/b9rvg4f2st/4,CC BY 4.0,bangladeshi_veg_IMG_8656.JPG,False
data/raw_acquired/bangladeshi_vegetables/tomato/bangladeshi_veg_IMG_8657.JPG,tomato,Tomato,data/raw_acquired/bangladeshi_vegetables/tomato/bangladeshi_veg_IMG_8656.JPG,bangladeshi_vegetables,https://data.mendeley.com/datasets/b9rvg4f2st/4,CC BY 4.0,bangladeshi_veg_IMG_8657.JPG,False
data/raw_acquired/bangladeshi_vegetables/tomato/bangladeshi_veg_IMG_8658.JPG,tomato,Tomato,data/raw_acquired/bangladeshi_vegetables/tomato/bangladeshi_veg_IMG_8658.JPG,bangladeshi_vegetables,https://data.mendeley.com/datasets/b9rvg4f2st/4,CC BY 4.0,bangladeshi_veg_IMG_8658.JPG,False
data/raw_acquired/bangladeshi_vegetables/tomato/bangladeshi_veg_IMG_8659.JPG,tomato,Tomato,data/raw_acquired/bangladeshi_vegetables/tomato/bangladeshi_veg_IMG20241104101320.jpg,bangladeshi_vegetables,https://data.mendeley.com/datasets/b9rvg4f2st/4,CC BY 4.0,bangladeshi_veg_IMG_8659.JPG,False
data/raw_acquired/bangladeshi_vegetables/tomato/bangladeshi_veg_IMG_8660.JPG,tomato,Tomato,data/raw_acquired/bangladeshi_vegetables/tomato/bangladeshi_veg_IMG_8660.JPG,bangladeshi_vegetables,https://data.mendeley.com/datasets/b9rvg4f2st/4,CC BY 4.0,bangladeshi_veg_IMG_8660.JPG,False
data/raw_acquired/bangladeshi_vegetables/tomato/bangladeshi_veg_IMG_8661.JPG,tomato,Tomato,data/raw_acquired/bangladeshi_vegetables/tomato/bangladeshi_veg_IMG_8660.JPG,bangladeshi_vegetables,https://data.mendeley.com/datasets/b9rvg4f2st/4,CC BY 4.0,bangladeshi_veg_IMG_8661.JPG,False
data/raw_acquired/bangladeshi_vegetables/tomato/bangladeshi_veg_IMG_8662.JPG,tomato,Tomato,data/raw_acquired/bangladeshi_vegetables/tomato/bangladeshi_veg_IMG20241104101320.jpg,bangladeshi_vegetables,https://data.mendeley.com/datasets/b9rvg4f2st/4,CC BY 4.0,bangladeshi_veg_IMG_8662.JPG,False
data/raw_acquired/bangladeshi_vegetables/tomato/bangladeshi_veg_IMG_8663.JPG,tomato,Tomato,data/raw_acquired/bangladeshi_vegetables/tomato/bangladeshi_veg_IMG20241104101320.jpg,bangladeshi_vegetables,https://data.mendeley.com/datasets/b9rvg4f2st/4,CC BY 4.0,bangladeshi_veg_IMG_8663.JPG,False
data/raw_acquired/bangladeshi_vegetables/tomato/bangladeshi_veg_IMG_8664.JPG,tomato,Tomato,data/raw_acquired/bangladeshi_vegetables/tomato/bangladeshi_veg_IMG20241104101320.jpg,bangladeshi_vegetables,https://data.mendeley.com/datasets/b9rvg4f2st/4,CC BY 4.0,bangladeshi_veg_IMG_8664.JPG,False
data/raw_acquired/bangladeshi_vegetables/tomato/bangladeshi_veg_IMG_8665.JPG,tomato,Tomato,data/raw_acquired/bangladeshi_vegetables/tomato/bangladeshi_veg_IMG20241104101320.jpg,bangladeshi_vegetables,https://data.mendeley.com/datasets/b9rvg4f2st/4,CC BY 4.0,bangladeshi_veg_IMG_8665.JPG,False
data/raw_acquired/bangladeshi_vegetables/tomato/bangladeshi_veg_IMG_8666.JPG,tomato,Tomato,data/raw_acquired/bangladeshi_vegetables/tomato/bangladeshi_veg_IMG20241104101320.jpg,bangladeshi_vegetables,https://data.mendeley.com/datasets/b9rvg4f2st/4,CC BY 4.0,bangladeshi_veg_IMG_8666.JPG,False
data/raw_acquired/bangladeshi_vegetables/tomato/bangladeshi_veg_IMG_8667.JPG,tomato,Tomato,data/raw_acquired/bangladeshi_vegetables/tomato/bangladeshi_veg_IMG20241104101320.jpg,bangladeshi_vegetables,https://data.mendeley.com/datasets/b9rvg4f2st/4,CC BY 4.0,bangladeshi_veg_IMG_8667.JPG,False
data/raw_acquired/bangladeshi_vegetables/tomato/bangladeshi_veg_IMG_8668.JPG,tomato,Tomato,data/raw_acquired/bangladeshi_vegetables/tomato/bangladeshi_veg_IMG20241104101320.jpg,bangladeshi_vegetables,https://data.mendeley.com/datasets/b9rvg4f2st/4,CC BY 4.0,bangladeshi_veg_IMG_8668.JPG,False
data/raw_acquired/bangladeshi_vegetables/tomato/bangladeshi_veg_IMG_8669.JPG,tomato,Tomato,data/raw_acquired/bangladeshi_vegetables/tomato/bangladeshi_veg_IMG20241104101320.jpg,bangladeshi_vegetables,https://data.mendeley.com/datasets/b9rvg4f2st/4,CC BY 4.0,bangladeshi_veg_IMG_8669.JPG,False
data/raw_acquired/bangladeshi_vegetables/tomato/bangladeshi_veg_IMG_8670.JPG,tomato,Tomato,data/raw_acquired/bangladeshi_vegetables/tomato/bangladeshi_veg_IMG20241104101320.jpg,bangladeshi_vegetables,https://data.mendeley.com/datasets/b9rvg4f2st/4,CC BY 4.0,bangladeshi_veg_IMG_8670.JPG,False
data/raw_acquired/bangladeshi_vegetables/tomato/bangladeshi_veg_IMG_8671.JPG,tomato,Tomato,data/raw_acquired/bangladeshi_vegetables/tomato/bangladeshi_veg_IMG_8671.JPG,bangladeshi_vegetables,https://data.mendeley.com/datasets/b9rvg4f2st/4,CC BY 4.0,bangladeshi_veg_IMG_8671.JPG,False
data/raw_acquired/bangladeshi_vegetables/tomato/bangladeshi_veg_IMG_8672.JPG,tomato,Tomato,data/raw_acquired/bangladeshi_vegetables/tomato/bangladeshi_veg_IMG20241104101320.jpg,bangladeshi_vegetables,https://data.mendeley.com/datasets/b9rvg4f2st/4,CC BY 4.0,bangladeshi_veg_IMG_8672.JPG,False
data/raw_acquired/bangladeshi_vegetables/tomato/bangladeshi_veg_IMG_8673.JPG,tomato,Tomato,data/raw_acquired/bangladeshi_vegetables/tomato/bangladeshi_veg_IMG20241104101320.jpg,bangladeshi_vegetables,https://data.mendeley.com/datasets/b9rvg4f2st/4,CC BY 4.0,bangladeshi_veg_IMG_8673.JPG,False
data/raw_acquired/bangladeshi_vegetables/tomato/bangladeshi_veg_IMG_8674.JPG,tomato,Tomato,data/raw_acquired/bangladeshi_vegetables/tomato/bangladeshi_veg_IMG20241104101320.jpg,bangladeshi_vegetables,https://data.mendeley.com/datasets/b9rvg4f2st/4,CC BY 4.0,bangladeshi_veg_IMG_8674.JPG,False
data/raw_acquired/bangladeshi_vegetables/tomato/bangladeshi_veg_IMG_8675.JPG,tomato,Tomato,data/raw_acquired/bangladeshi_vegetables/tomato/bangladeshi_veg_IMG_8675.JPG,bangladeshi_vegetables,https://data.mendeley.com/datasets/b9rvg4f2st/4,CC BY 4.0,bangladeshi_veg_IMG_8675.JPG,False
data/raw_acquired/bangladeshi_vegetables/tomato/bangladeshi_veg_IMG_8676.JPG,tomato,Tomato,data/raw_acquired/bangladeshi_vegetables/tomato/bangladeshi_veg_IMG_8676.JPG,bangladeshi_vegetables,https://data.mendeley.com/datasets/b9rvg4f2st/4,CC BY 4.0,bangladeshi_veg_IMG_8676.JPG,False
data/raw_acquired/bangladeshi_vegetables/tomato/bangladeshi_veg_IMG_8677.JPG,tomato,Tomato,data/raw_acquired/bangladeshi_vegetables/tomato/bangladeshi_veg_IMG20241104101320.jpg,bangladeshi_vegetables,https://data.mendeley.com/datasets/b9rvg4f2st/4,CC BY 4.0,bangladeshi_veg_IMG_8677.JPG,False
data/raw_acquired/bangladeshi_vegetables/tomato/bangladeshi_veg_IMG_8678.JPG,tomato,Tomato,data/raw_acquired/bangladeshi_vegetables/tomato/bangladeshi_veg_IMG20241104101320.jpg,bangladeshi_vegetables,https://data.mendeley.com/datasets/b9rvg4f2st/4,CC BY 4.0,bangladeshi_veg_IMG_8678.JPG,False
data/raw_acquired/bangladeshi_vegetables/tomato/bangladeshi_veg_IMG_8679.JPG,tomato,Tomato,data/raw_acquired/bangladeshi_vegetables/tomato/bangladeshi_veg_IMG20241104101320.jpg,bangladeshi_vegetables,https://data.mendeley.com/datasets/b9rvg4f2st/4,CC BY 4.0,bangladeshi_veg_IMG_8679.JPG,False
data/raw_acquired/bangladeshi_vegetables/tomato/bangladeshi_veg_IMG_8680.JPG,tomato,Tomato,data/raw_acquired/bangladeshi_vegetables/tomato/bangladeshi_veg_IMG20241104101320.jpg,bangladeshi_vegetables,https://data.mendeley.com/datasets/b9rvg4f2st/4,CC BY 4.0,bangladeshi_veg_IMG_8680.JPG,False
data/raw_acquired/bangladeshi_vegetables/tomato/bangladeshi_veg_IMG_8681.JPG,tomato,Tomato,data/raw_acquired/bangladeshi_vegetables/tomato/bangladeshi_veg_IMG20241104101320.jpg,bangladeshi_vegetables,https://data.mendeley.com/datasets/b9rvg4f2st/4,CC BY 4.0,bangladeshi_veg_IMG_8681.JPG,False
data/raw_acquired/bangladeshi_vegetables/tomato/bangladeshi_veg_IMG_8682.JPG,tomato,Tomato,data/raw_acquired/bangladeshi_vegetables/tomato/bangladeshi_veg_IMG20241104101320.jpg,bangladeshi_vegetables,https://data.mendeley.com/datasets/b9rvg4f2st/4,CC BY 4.0,bangladeshi_veg_IMG_8682.JPG,False
data/raw_acquired/bangladeshi_vegetables/tomato/bangladeshi_veg_IMG_8683.JPG,tomato,Tomato,data/raw_acquired/bangladeshi_vegetables/tomato/bangladeshi_veg_IMG20241104101320.jpg,bangladeshi_vegetables,https://data.mendeley.com/datasets/b9rvg4f2st/4,CC BY 4.0,bangladeshi_veg_IMG_8683.JPG,False
data/raw_acquired/bangladeshi_vegetables/tomato/bangladeshi_veg_IMG_8684.JPG,tomato,Tomato,data/raw_acquired/bangladeshi_vegetables/tomato/bangladeshi_veg_IMG20241104101320.jpg,bangladeshi_vegetables,https://data.mendeley.com/datasets/b9rvg4f2st/4,CC BY 4.0,bangladeshi_veg_IMG_8684.JPG,False
data/raw_acquired/bangladeshi_vegetables/tomato/bangladeshi_veg_IMG_8685.JPG,tomato,Tomato,data/raw_acquired/bangladeshi_vegetables/tomato/bangladeshi_veg_IMG_8660.JPG,bangladeshi_vegetables,https://data.mendeley.com/datasets/b9rvg4f2st/4,CC BY 4.0,bangladeshi_veg_IMG_8685.JPG,False
data/raw_acquired/bangladeshi_vegetables/tomato/bangladeshi_veg_IMG_8686.JPG,tomato,Tomato,data/raw_acquired/bangladeshi_vegetables/tomato/bangladeshi_veg_IMG_8686.JPG,bangladeshi_vegetables,https://data.mendeley.com/datasets/b9rvg4f2st/4,CC BY 4.0,bangladeshi_veg_IMG_8686.JPG,False
data/raw_acquired/bangladeshi_vegetables/tomato/bangladeshi_veg_IMG_8687.JPG,tomato,Tomato,data/raw_acquired/bangladeshi_vegetables/tomato/bangladeshi_veg_IMG20241104101320.jpg,bangladeshi_vegetables,https://data.mendeley.com/datasets/b9rvg4f2st/4,CC BY 4.0,bangladeshi_veg_IMG_8687.JPG,False
data/raw_acquired/bangladeshi_vegetables/tomato/bangladeshi_veg_IMG_8688.JPG,tomato,Tomato,data/raw_acquired/bangladeshi_vegetables/tomato/bangladeshi_veg_IMG20241104101320.jpg,bangladeshi_vegetables,https://data.mendeley.com/datasets/b9rvg4f2st/4,CC BY 4.0,bangladeshi_veg_IMG_8688.JPG,False
data/raw_acquired/bangladeshi_vegetables/tomato/bangladeshi_veg_IMG_8689.JPG,tomato,Tomato,data/raw_acquired/bangladeshi_vegetables/tomato/bangladeshi_veg_IMG20241104101320.jpg,bangladeshi_vegetables,https://data.mendeley.com/datasets/b9rvg4f2st/4,CC BY 4.0,bangladeshi_veg_IMG_8689.JPG,False
data/raw_acquired/bangladeshi_vegetables/tomato/bangladeshi_veg_IMG_8690.JPG,tomato,Tomato,data/raw_acquired/bangladeshi_vegetables/tomato/bangladeshi_veg_IMG20241104101320.jpg,bangladeshi_vegetables,https://data.mendeley.com/datasets/b9rvg4f2st/4,CC BY 4.0,bangladeshi_veg_IMG_8690.JPG,False
data/raw_acquired/bangladeshi_vegetables/tomato/bangladeshi_veg_IMG_8691.JPG,tomato,Tomato,data/raw_acquired/bangladeshi_vegetables/tomato/bangladeshi_veg_IMG20241104101320.jpg,bangladeshi_vegetables,https://data.mendeley.com/datasets/b9rvg4f2st/4,CC BY 4.0,bangladeshi_veg_IMG_8691.JPG,False
data/raw_acquired/bangladeshi_vegetables/tomato/bangladeshi_veg_IMG_9207.JPG,tomato,Tomato,data/raw_acquired/bangladeshi_vegetables/tomato/bangladeshi_veg_IMG20241104101320.jpg,bangladeshi_vegetables,https://data.mendeley.com/datasets/b9rvg4f2st/4,CC BY 4.0,bangladeshi_veg_IMG_9207.JPG,False
data/raw_acquired/bangladeshi_vegetables/tomato/bangladeshi_veg_IMG_9217.JPG,tomato,Tomato,data/raw_acquired/bangladeshi_vegetables/tomato/bangladeshi_veg_IMG20241104101320.jpg,bangladeshi_vegetables,https://data.mendeley.com/datasets/b9rvg4f2st/4,CC BY 4.0,bangladeshi_veg_IMG_9217.JPG,False
data/raw_acquired/bangladeshi_vegetables/tomato/bangladeshi_veg_IMG_9225.JPG,tomato,Tomato,data/raw_acquired/bangladeshi_vegetables/tomato/bangladeshi_veg_IMG20241104101320.jpg,bangladeshi_vegetables,https://data.mendeley.com/datasets/b9rvg4f2st/4,CC BY 4.0,bangladeshi_veg_IMG_9225.JPG,False
data/raw_acquired/bangladeshi_vegetables/tomato/bangladeshi_veg_IMG_9226.JPG,tomato,Tomato,data/raw_acquired/bangladeshi_vegetables/tomato/bangladeshi_veg_IMG20241104101320.jpg,bangladeshi_vegetables,https://data.mendeley.com/datasets/b9rvg4f2st/4,CC BY 4.0,bangladeshi_veg_IMG_9226.JPG,False
data/raw_acquired/bangladeshi_vegetables/tomato/bangladeshi_veg_IMG_9227.JPG,tomato,Tomato,data/raw_acquired/bangladeshi_vegetables/tomato/bangladeshi_veg_IMG20241104101320.jpg,bangladeshi_vegetables,https://data.mendeley.com/datasets/b9rvg4f2st/4,CC BY 4.0,bangladeshi_veg_IMG_9227.JPG,False
data/raw_acquired/bangladeshi_vegetables/tomato/bangladeshi_veg_IMG_9228.JPG,tomato,Tomato,data/raw_acquired/bangladeshi_vegetables/tomato/bangladeshi_veg_IMG20241104101320.jpg,bangladeshi_vegetables,https://data.mendeley.com/datasets/b9rvg4f2st/4,CC BY 4.0,bangladeshi_veg_IMG_9228.JPG,False
data/raw_acquired/bangladeshi_vegetables/tomato/bangladeshi_veg_IMG_9229.JPG,tomato,Tomato,data/raw_acquired/bangladeshi_vegetables/tomato/bangladeshi_veg_IMG20241104101320.jpg,bangladeshi_vegetables,https://data.mendeley.com/datasets/b9rvg4f2st/4,CC BY 4.0,bangladeshi_veg_IMG_9229.JPG,False
data/raw_acquired/bangladeshi_vegetables/tomato/bangladeshi_veg_IMG_9265.JPG,tomato,Tomato,data/raw_acquired/bangladeshi_vegetables/tomato/bangladeshi_veg_IMG20241104101320.jpg,bangladeshi_vegetables,https://data.mendeley.com/datasets/b9rvg4f2st/4,CC BY 4.0,bangladeshi_veg_IMG_9265.JPG,False
data/raw_acquired/bangladeshi_vegetables/tomato/bangladeshi_veg_IMG_9266.JPG,tomato,Tomato,data/raw_acquired/bangladeshi_vegetables/tomato/bangladeshi_veg_IMG20241104101320.jpg,bangladeshi_vegetables,https://data.mendeley.com/datasets/b9rvg4f2st/4,CC BY 4.0,bangladeshi_veg_IMG_9266.JPG,False
data/raw_acquired/bangladeshi_vegetables/tomato/bangladeshi_veg_IMG_9272.JPG,tomato,Tomato,data/raw_acquired/bangladeshi_vegetables/tomato/bangladeshi_veg_IMG20241104101320.jpg,bangladeshi_vegetables,https://data.mendeley.com/datasets/b9rvg4f2st/4,CC BY 4.0,bangladeshi_veg_IMG_9272.JPG,False
data/raw_acquired/bangladeshi_vegetables/tomato/bangladeshi_veg_IMG_9273.JPG,tomato,Tomato,data/raw_acquired/bangladeshi_vegetables/tomato/bangladeshi_veg_IMG20241104101320.jpg,bangladeshi_vegetables,https://data.mendeley.com/datasets/b9rvg4f2st/4,CC BY 4.0,bangladeshi_veg_IMG_9273.JPG,False
data/raw_acquired/bangladeshi_vegetables/tomato/bangladeshi_veg_IMG_9274.JPG,tomato,Tomato,data/raw_acquired/bangladeshi_vegetables/tomato/bangladeshi_veg_IMG20241104101320.jpg,bangladeshi_vegetables,https://data.mendeley.com/datasets/b9rvg4f2st/4,CC BY 4.0,bangladeshi_veg_IMG_9274.JPG,False
data/raw_acquired/bangladeshi_vegetables/tomato/bangladeshi_veg_IMG_9276.JPG,tomato,Tomato,data/raw_acquired/bangladeshi_vegetables/tomato/bangladeshi_veg_IMG20241104101320.jpg,bangladeshi_vegetables,https://data.mendeley.com/datasets/b9rvg4f2st/4,CC BY 4.0,bangladeshi_veg_IMG_9276.JPG,False
data/raw_acquired/bangladeshi_vegetables/tomato/bangladeshi_veg_IMG_9278.JPG,tomato,Tomato,data/raw_acquired/bangladeshi_vegetables/tomato/bangladeshi_veg_IMG20241104101320.jpg,bangladeshi_vegetables,https://data.mendeley.com/datasets/b9rvg4f2st/4,CC BY 4.0,bangladeshi_veg_IMG_9278.JPG,False
data/raw_acquired/bangladeshi_vegetables/tomato/bangladeshi_veg_IMG_9280.JPG,tomato,Tomato,data/raw_acquired/bangladeshi_vegetables/tomato/bangladeshi_veg_IMG20241104101320.jpg,bangladeshi_vegetables,https://data.mendeley.com/datasets/b9rvg4f2st/4,CC BY 4.0,bangladeshi_veg_IMG_9280.JPG,False
data/raw_acquired/bangladeshi_vegetables/tomato/bangladeshi_veg_IMG_9283.JPG,tomato,Tomato,data/raw_acquired/bangladeshi_vegetables/tomato/bangladeshi_veg_IMG20241104101320.jpg,bangladeshi_vegetables,https://data.mendeley.com/datasets/b9rvg4f2st/4,CC BY 4.0,bangladeshi_veg_IMG_9283.JPG,False
data/raw_acquired/bangladeshi_vegetables/tomato/bangladeshi_veg_IMG_9292.JPG,tomato,Tomato,data/raw_acquired/bangladeshi_vegetables/tomato/bangladeshi_veg_IMG20241104101320.jpg,bangladeshi_vegetables,https://data.mendeley.com/datasets/b9rvg4f2st/4,CC BY 4.0,bangladeshi_veg_IMG_9292.JPG,False
data/raw_acquired/bangladeshi_vegetables/tomato/bangladeshi_veg_IMG_9293.JPG,tomato,Tomato,data/raw_acquired/bangladeshi_vegetables/tomato/bangladeshi_veg_IMG20241104101320.jpg,bangladeshi_vegetables,https://data.mendeley.com/datasets/b9rvg4f2st/4,CC BY 4.0,bangladeshi_veg_IMG_9293.JPG,False
data/raw_acquired/bangladeshi_vegetables/tomato/bangladeshi_veg_IMG_9294.JPG,tomato,Tomato,data/raw_acquired/bangladeshi_vegetables/tomato/bangladeshi_veg_IMG20241104101320.jpg,bangladeshi_vegetables,https://data.mendeley.com/datasets/b9rvg4f2st/4,CC BY 4.0,bangladeshi_veg_IMG_9294.JPG,False
data/raw_acquired/bangladeshi_vegetables/tomato/bangladeshi_veg_IMG_9295.JPG,tomato,Tomato,data/raw_acquired/bangladeshi_vegetables/tomato/bangladeshi_veg_IMG20241104101320.jpg,bangladeshi_vegetables,https://data.mendeley.com/datasets/b9rvg4f2st/4,CC BY 4.0,bangladeshi_veg_IMG_9295.JPG,False
data/raw_acquired/bangladeshi_vegetables/tomato/bangladeshi_veg_IMG_9303.JPG,tomato,Tomato,data/raw_acquired/bangladeshi_vegetables/tomato/bangladeshi_veg_IMG20241104101320.jpg,bangladeshi_vegetables,https://data.mendeley.com/datasets/b9rvg4f2st/4,CC BY 4.0,bangladeshi_veg_IMG_9303.JPG,False
data/raw_acquired/bangladeshi_vegetables/tomato/bangladeshi_veg_IMG_9304.JPG,tomato,Tomato,data/raw_acquired/bangladeshi_vegetables/tomato/bangladeshi_veg_IMG20241104101320.jpg,bangladeshi_vegetables,https://data.mendeley.com/datasets/b9rvg4f2st/4,CC BY 4.0,bangladeshi_veg_IMG_9304.JPG,False
data/raw_acquired/bangladeshi_vegetables/tomato/bangladeshi_veg_IMG_9306.JPG,tomato,Tomato,data/raw_acquired/bangladeshi_vegetables/tomato/bangladeshi_veg_IMG20241104101320.jpg,bangladeshi_vegetables,https://data.mendeley.com/datasets/b9rvg4f2st/4,CC BY 4.0,bangladeshi_veg_IMG_9306.JPG,False
data/raw_acquired/bangladeshi_vegetables/tomato/bangladeshi_veg_IMG_9308.JPG,tomato,Tomato,data/raw_acquired/bangladeshi_vegetables/tomato/bangladeshi_veg_IMG20241104101320.jpg,bangladeshi_vegetables,https://data.mendeley.com/datasets/b9rvg4f2st/4,CC BY 4.0,bangladeshi_veg_IMG_9308.JPG,False
data/raw_acquired/bangladeshi_vegetables/tomato/bangladeshi_veg_IMG_9309.JPG,tomato,Tomato,data/raw_acquired/bangladeshi_vegetables/tomato/bangladeshi_veg_IMG20241104101320.jpg,bangladeshi_vegetables,https://data.mendeley.com/datasets/b9rvg4f2st/4,CC BY 4.0,bangladeshi_veg_IMG_9309.JPG,False
data/raw_acquired/bangladeshi_vegetables/tomato/bangladeshi_veg_IMG_9313.JPG,tomato,Tomato,data/raw_acquired/bangladeshi_vegetables/tomato/bangladeshi_veg_IMG20241104101320.jpg,bangladeshi_vegetables,https://data.mendeley.com/datasets/b9rvg4f2st/4,CC BY 4.0,bangladeshi_veg_IMG_9313.JPG,False
data/raw_acquired/bangladeshi_vegetables/tomato/bangladeshi_veg_IMG_9315.JPG,tomato,Tomato,data/raw_acquired/bangladeshi_vegetables/tomato/bangladeshi_veg_IMG20241104101320.jpg,bangladeshi_vegetables,https://data.mendeley.com/datasets/b9rvg4f2st/4,CC BY 4.0,bangladeshi_veg_IMG_9315.JPG,False
data/raw_acquired/bangladeshi_vegetables/tomato/bangladeshi_veg_IMG_9316.JPG,tomato,Tomato,data/raw_acquired/bangladeshi_vegetables/tomato/bangladeshi_veg_IMG20241104101320.jpg,bangladeshi_vegetables,https://data.mendeley.com/datasets/b9rvg4f2st/4,CC BY 4.0,bangladeshi_veg_IMG_9316.JPG,False
data/raw_acquired/bangladeshi_vegetables/tomato/bangladeshi_veg_IMG_9319.JPG,tomato,Tomato,data/raw_acquired/bangladeshi_vegetables/tomato/bangladeshi_veg_IMG20241104101320.jpg,bangladeshi_vegetables,https://data.mendeley.com/datasets/b9rvg4f2st/4,CC BY 4.0,bangladeshi_veg_IMG_9319.JPG,False
data/raw_acquired/bangladeshi_vegetables/tomato/bangladeshi_veg_IMG_9321.JPG,tomato,Tomato,data/raw_acquired/bangladeshi_vegetables/tomato/bangladeshi_veg_IMG20241104101320.jpg,bangladeshi_vegetables,https://data.mendeley.com/datasets/b9rvg4f2st/4,CC BY 4.0,bangladeshi_veg_IMG_9321.JPG,False
data/raw_acquired/bangladeshi_vegetables/tomato/bangladeshi_veg_IMG_9322.JPG,tomato,Tomato,data/raw_acquired/bangladeshi_vegetables/tomato/bangladeshi_veg_IMG20241104101320.jpg,bangladeshi_vegetables,https://data.mendeley.com/datasets/b9rvg4f2st/4,CC BY 4.0,bangladeshi_veg_IMG_9322.JPG,False
data/raw_acquired/bangladeshi_vegetables/tomato/bangladeshi_veg_IMG_9324.JPG,tomato,Tomato,data/raw_acquired/bangladeshi_vegetables/tomato/bangladeshi_veg_IMG20241104101320.jpg,bangladeshi_vegetables,https://data.mendeley.com/datasets/b9rvg4f2st/4,CC BY 4.0,bangladeshi_veg_IMG_9324.JPG,False
data/raw_acquired/bangladeshi_vegetables/tomato/bangladeshi_veg_IMG_9325.JPG,tomato,Tomato,data/raw_acquired/bangladeshi_vegetables/tomato/bangladeshi_veg_IMG20241104101320.jpg,bangladeshi_vegetables,https://data.mendeley.com/datasets/b9rvg4f2st/4,CC BY 4.0,bangladeshi_veg_IMG_9325.JPG,False
data/raw_acquired/bangladeshi_vegetables/tomato/bangladeshi_veg_IMG_9329.JPG,tomato,Tomato,data/raw_acquired/bangladeshi_vegetables/tomato/bangladeshi_veg_IMG20241104101320.jpg,bangladeshi_vegetables,https://data.mendeley.com/datasets/b9rvg4f2st/4,CC BY 4.0,bangladeshi_veg_IMG_9329.JPG,False
data/raw_acquired/bangladeshi_vegetables/tomato/bangladeshi_veg_IMG_9330.JPG,tomato,Tomato,data/raw_acquired/bangladeshi_vegetables/tomato/bangladeshi_veg_IMG20241104101320.jpg,bangladeshi_vegetables,https://data.mendeley.com/datasets/b9rvg4f2st/4,CC BY 4.0,bangladeshi_veg_IMG_9330.JPG,False
data/raw_acquired/bangladeshi_vegetables/tomato/bangladeshi_veg_IMG_9332.JPG,tomato,Tomato,data/raw_acquired/bangladeshi_vegetables/tomato/bangladeshi_veg_IMG20241104101320.jpg,bangladeshi_vegetables,https://data.mendeley.com/datasets/b9rvg4f2st/4,CC BY 4.0,bangladeshi_veg_IMG_9332.JPG,False
data/raw_acquired/bangladeshi_vegetables/tomato/bangladeshi_veg_IMG_9333.JPG,tomato,Tomato,data/raw_acquired/bangladeshi_vegetables/tomato/bangladeshi_veg_IMG20241104101320.jpg,bangladeshi_vegetables,https://data.mendeley.com/datasets/b9rvg4f2st/4,CC BY 4.0,bangladeshi_veg_IMG_9333.JPG,False
data/raw_acquired/bangladeshi_vegetables/tomato/bangladeshi_veg_IMG_9334.JPG,tomato,Tomato,data/raw_acquired/bangladeshi_vegetables/tomato/bangladeshi_veg_IMG20241104101320.jpg,bangladeshi_vegetables,https://data.mendeley.com/datasets/b9rvg4f2st/4,CC BY 4.0,bangladeshi_veg_IMG_9334.JPG,False
data/raw_acquired/bangladeshi_vegetables/tomato/bangladeshi_veg_IMG_9335.JPG,tomato,Tomato,data/raw_acquired/bangladeshi_vegetables/tomato/bangladeshi_veg_IMG20241104101320.jpg,bangladeshi_vegetables,https://data.mendeley.com/datasets/b9rvg4f2st/4,CC BY 4.0,bangladeshi_veg_IMG_9335.JPG,False
data/raw_acquired/bangladeshi_vegetables/tomato/bangladeshi_veg_IMG_9337.JPG,tomato,Tomato,data/raw_acquired/bangladeshi_vegetables/tomato/bangladeshi_veg_IMG20241104101320.jpg,bangladeshi_vegetables,https://data.mendeley.com/datasets/b9rvg4f2st/4,CC BY 4.0,bangladeshi_veg_IMG_9337.JPG,False
data/raw_acquired/bangladeshi_vegetables/tomato/bangladeshi_veg_IMG_9338.JPG,tomato,Tomato,data/raw_acquired/bangladeshi_vegetables/tomato/bangladeshi_veg_IMG20241104101320.jpg,bangladeshi_vegetables,https://data.mendeley.com/datasets/b9rvg4f2st/4,CC BY 4.0,bangladeshi_veg_IMG_9338.JPG,False
data/raw_acquired/bangladeshi_vegetables/tomato/bangladeshi_veg_IMG_9339.JPG,tomato,Tomato,data/raw_acquired/bangladeshi_vegetables/tomato/bangladeshi_veg_IMG20241104101320.jpg,bangladeshi_vegetables,https://data.mendeley.com/datasets/b9rvg4f2st/4,CC BY 4.0,bangladeshi_veg_IMG_9339.JPG,False
data/raw_acquired/bangladeshi_vegetables/tomato/bangladeshi_veg_IMG_9340.JPG,tomato,Tomato,data/raw_acquired/bangladeshi_vegetables/tomato/bangladeshi_veg_IMG20241104101320.jpg,bangladeshi_vegetables,https://data.mendeley.com/datasets/b9rvg4f2st/4,CC BY 4.0,bangladeshi_veg_IMG_9340.JPG,False
data/raw_acquired/bangladeshi_vegetables/tomato/bangladeshi_veg_IMG_9341.JPG,tomato,Tomato,data/raw_acquired/bangladeshi_vegetables/tomato/bangladeshi_veg_IMG20241104101320.jpg,bangladeshi_vegetables,https://data.mendeley.com/datasets/b9rvg4f2st/4,CC BY 4.0,bangladeshi_veg_IMG_9341.JPG,False
data/raw_acquired/bangladeshi_vegetables/tomato/bangladeshi_veg_IMG_9342.JPG,tomato,Tomato,data/raw_acquired/bangladeshi_vegetables/tomato/bangladeshi_veg_IMG20241104101320.jpg,bangladeshi_vegetables,https://data.mendeley.com/datasets/b9rvg4f2st/4,CC BY 4.0,bangladeshi_veg_IMG_9342.JPG,False
data/raw_acquired/bangladeshi_vegetables/tomato/bangladeshi_veg_IMG_9344.JPG,tomato,Tomato,data/raw_acquired/bangladeshi_vegetables/tomato/bangladeshi_veg_IMG20241104101320.jpg,bangladeshi_vegetables,https://data.mendeley.com/datasets/b9rvg4f2st/4,CC BY 4.0,bangladeshi_veg_IMG_9344.JPG,False
data/raw_acquired/bangladeshi_vegetables/tomato/bangladeshi_veg_IMG_9345.JPG,tomato,Tomato,data/raw_acquired/bangladeshi_vegetables/tomato/bangladeshi_veg_IMG20241104101320.jpg,bangladeshi_vegetables,https://data.mendeley.com/datasets/b9rvg4f2st/4,CC BY 4.0,bangladeshi_veg_IMG_9345.JPG,False
data/raw_acquired/bangladeshi_vegetables/tomato/bangladeshi_veg_IMG_9346.JPG,tomato,Tomato,data/raw_acquired/bangladeshi_vegetables/tomato/bangladeshi_veg_IMG20241104101320.jpg,bangladeshi_vegetables,https://data.mendeley.com/datasets/b9rvg4f2st/4,CC BY 4.0,bangladeshi_veg_IMG_9346.JPG,False
data/raw_acquired/bangladeshi_vegetables/tomato/bangladeshi_veg_IMG_9347.JPG,tomato,Tomato,data/raw_acquired/bangladeshi_vegetables/tomato/bangladeshi_veg_IMG20241104101320.jpg,bangladeshi_vegetables,https://data.mendeley.com/datasets/b9rvg4f2st/4,CC BY 4.0,bangladeshi_veg_IMG_9347.JPG,False
data/raw_acquired/bangladeshi_vegetables/tomato/bangladeshi_veg_IMG_9348.JPG,tomato,Tomato,data/raw_acquired/bangladeshi_vegetables/tomato/bangladeshi_veg_IMG20241104101320.jpg,bangladeshi_vegetables,https://data.mendeley.com/datasets/b9rvg4f2st/4,CC BY 4.0,bangladeshi_veg_IMG_9348.JPG,False
data/raw_acquired/bangladeshi_vegetables/tomato/bangladeshi_veg_IMG_9349.JPG,tomato,Tomato,data/raw_acquired/bangladeshi_vegetables/tomato/bangladeshi_veg_IMG20241104101320.jpg,bangladeshi_vegetables,https://data.mendeley.com/datasets/b9rvg4f2st/4,CC BY 4.0,bangladeshi_veg_IMG_9349.JPG,False
data/raw_acquired/bangladeshi_vegetables/tomato/bangladeshi_veg_IMG_9350.JPG,tomato,Tomato,data/raw_acquired/bangladeshi_vegetables/tomato/bangladeshi_veg_IMG20241104101320.jpg,bangladeshi_vegetables,https://data.mendeley.com/datasets/b9rvg4f2st/4,CC BY 4.0,bangladeshi_veg_IMG_9350.JPG,False
data/raw_acquired/bangladeshi_vegetables/tomato/bangladeshi_veg_IMG_9351.JPG,tomato,Tomato,data/raw_acquired/bangladeshi_vegetables/tomato/bangladeshi_veg_IMG20241104101320.jpg,bangladeshi_vegetables,https://data.mendeley.com/datasets/b9rvg4f2st/4,CC BY 4.0,bangladeshi_veg_IMG_9351.JPG,False
data/raw_acquired/bangladeshi_vegetables/tomato/bangladeshi_veg_IMG_9352.JPG,tomato,Tomato,data/raw_acquired/bangladeshi_vegetables/tomato/bangladeshi_veg_IMG20241104101320.jpg,bangladeshi_vegetables,https://data.mendeley.com/datasets/b9rvg4f2st/4,CC BY 4.0,bangladeshi_veg_IMG_9352.JPG,False
data/raw_acquired/bangladeshi_vegetables/tomato/bangladeshi_veg_IMG_9354.JPG,tomato,Tomato,data/raw_acquired/bangladeshi_vegetables/tomato/bangladeshi_veg_IMG20241104101320.jpg,bangladeshi_vegetables,https://data.mendeley.com/datasets/b9rvg4f2st/4,CC BY 4.0,bangladeshi_veg_IMG_9354.JPG,False
data/raw_acquired/bangladeshi_vegetables/tomato/bangladeshi_veg_IMG_9355.JPG,tomato,Tomato,data/raw_acquired/bangladeshi_vegetables/tomato/bangladeshi_veg_IMG20241104101320.jpg,bangladeshi_vegetables,https://data.mendeley.com/datasets/b9rvg4f2st/4,CC BY 4.0,bangladeshi_veg_IMG_9355.JPG,False
data/raw_acquired/bangladeshi_vegetables/tomato/bangladeshi_veg_IMG_9357.JPG,tomato,Tomato,data/raw_acquired/bangladeshi_vegetables/tomato/bangladeshi_veg_IMG20241104101320.jpg,bangladeshi_vegetables,https://data.mendeley.com/datasets/b9rvg4f2st/4,CC BY 4.0,bangladeshi_veg_IMG_9357.JPG,False
data/raw_acquired/bangladeshi_vegetables/tomato/bangladeshi_veg_IMG_9359.JPG,tomato,Tomato,data/raw_acquired/bangladeshi_vegetables/tomato/bangladeshi_veg_IMG20241104101320.jpg,bangladeshi_vegetables,https://data.mendeley.com/datasets/b9rvg4f2st/4,CC BY 4.0,bangladeshi_veg_IMG_9359.JPG,False
data/raw_acquired/bangladeshi_vegetables/tomato/bangladeshi_veg_IMG_9361.JPG,tomato,Tomato,data/raw_acquired/bangladeshi_vegetables/tomato/bangladeshi_veg_IMG20241104101320.jpg,bangladeshi_vegetables,https://data.mendeley.com/datasets/b9rvg4f2st/4,CC BY 4.0,bangladeshi_veg_IMG_9361.JPG,False
data/raw_acquired/bangladeshi_vegetables/tomato/bangladeshi_veg_IMG_9363.JPG,tomato,Tomato,data/raw_acquired/bangladeshi_vegetables/tomato/bangladeshi_veg_IMG20241104101320.jpg,bangladeshi_vegetables,https://data.mendeley.com/datasets/b9rvg4f2st/4,CC BY 4.0,bangladeshi_veg_IMG_9363.JPG,False
data/raw_acquired/bangladeshi_vegetables/tomato/bangladeshi_veg_IMG_9364.JPG,tomato,Tomato,data/raw_acquired/bangladeshi_vegetables/tomato/bangladeshi_veg_IMG20241104101320.jpg,bangladeshi_vegetables,https://data.mendeley.com/datasets/b9rvg4f2st/4,CC BY 4.0,bangladeshi_veg_IMG_9364.JPG,False
data/raw_acquired/bangladeshi_vegetables/tomato/bangladeshi_veg_IMG_9366.JPG,tomato,Tomato,data/raw_acquired/bangladeshi_vegetables/tomato/bangladeshi_veg_IMG20241104101320.jpg,bangladeshi_vegetables,https://data.mendeley.com/datasets/b9rvg4f2st/4,CC BY 4.0,bangladeshi_veg_IMG_9366.JPG,False
data/raw_acquired/bangladeshi_vegetables/tomato/bangladeshi_veg_IMG_9367.JPG,tomato,Tomato,data/raw_acquired/bangladeshi_vegetables/tomato/bangladeshi_veg_IMG20241104101320.jpg,bangladeshi_vegetables,https://data.mendeley.com/datasets/b9rvg4f2st/4,CC BY 4.0,bangladeshi_veg_IMG_9367.JPG,False
data/raw_acquired/bangladeshi_vegetables/tomato/bangladeshi_veg_IMG_9402.JPG,tomato,Tomato,data/raw_acquired/bangladeshi_vegetables/tomato/bangladeshi_veg_IMG20241104101320.jpg,bangladeshi_vegetables,https://data.mendeley.com/datasets/b9rvg4f2st/4,CC BY 4.0,bangladeshi_veg_IMG_9402.JPG,False
data/raw_acquired/bangladeshi_vegetables/tomato/bangladeshi_veg_IMG_9408.JPG,tomato,Tomato,data/raw_acquired/bangladeshi_vegetables/tomato/bangladeshi_veg_IMG20241104101320.jpg,bangladeshi_vegetables,https://data.mendeley.com/datasets/b9rvg4f2st/4,CC BY 4.0,bangladeshi_veg_IMG_9408.JPG,False
