image_id,label,author,author_profile_url,title,landing_url,license
63e3f21bf59b88d8,apple,Rakkhi Samarasekera,https://www.flickr.com/people/rakkhi/,Field of apples,https://www.flickr.com/photos/rakkhi/6272356750,https://creativecommons.org/licenses/by/2.0/
a741179a0cf5aab0,apple,Smabs Sputzer,https://www.flickr.com/people/10413717@N08/,A Bowl of Fruit. Surely 5,https://www.flickr.com/photos/10413717@N08/12058055215,https://creativecommons.org/licenses/by/2.0/
a84baa836bffe1bf,apple,ElizaC3,https://www.flickr.com/people/93413187@N06/,apple,https://www.flickr.com/photos/93413187@N06/8491425487,https://creativecommons.org/licenses/by/2.0/
44749496c016708d,apple,dr_tr,https://www.flickr.com/people/dr_tr/,Self-portrait,https://www.flickr.com/photos/dr_tr/4606849149,https://creativecommons.org/licenses/by/2.0/
ddde9539f854c1d6,apple,Patrick Bombaert,https://www.flickr.com/people/capture-creation/,Vibrant colored green apple in close-up,https://www.flickr.com/photos/capture-creation/20652804449,https://creativecommons.org/licenses/by/2.0/
c90f57a9d8fceb90,apple,Neil Conway,https://www.flickr.com/people/neilconway/,Untitled,https://www.flickr.com/photos/neilconway/4170732443,https://creativecommons.org/licenses/by/2.0/
8fc762236776e0ca,apple,Joy,https://www.flickr.com/people/joyosity/,Fruit arrangement for pavlova,https://www.flickr.com/photos/joyosity/9395230271,https://creativecommons.org/licenses/by/2.0/
14a15a80b628f709,apple,karen H. nickname.{ pooh},https://www.flickr.com/people/rugybugynicknamepooh/,candy apple,https://www.flickr.com/photos/rugybugynicknamepooh/4393208256,https://creativecommons.org/licenses/by/2.0/
d1d6252e64357a08,apple,Stephanie Watson,https://www.flickr.com/people/stephaniewatson/,There's always one bad apple...,https://www.flickr.com/photos/stephaniewatson/3080495312,https://creativecommons.org/licenses/by/2.0/
6e3b69ea7f539ba7,apple,Timothy Krause,https://www.flickr.com/people/timothykrause/,Them apples,https://www.flickr.com/photos/timothykrause/5152043568,https://creativecommons.org/licenses/by/2.0/
2d77c5d0fa668884,apple,Steven Depolo,https://www.flickr.com/people/stevendepolo/,"Blushing Cherries Michigan Traders, Maple City",https://www.flickr.com/photos/stevendepolo/9362137340,https://creativecommons.org/licenses/by/2.0/
c552e01cc9f3f0be,apple,tuchodi,https://www.flickr.com/people/tuchodi/,Golden Delicious,https://www.flickr.com/photos/tuchodi/16717476911,https://creativecommons.org/licenses/by/2.0/
ed37c41b16636962,apple,Boet Boet Boet&#x27;s photoboet hdrboet byboet boet boet boet boet fotoboet,https://www.flickr.com/people/photoboet/,Apples,https://www.flickr.com/photos/photoboet/3261233798,https://creativecommons.org/licenses/by/2.0/
1f18f7093bba01cd,apple,Taymaz Valley,https://www.flickr.com/people/taymazvalley/,Eden,https://www.flickr.com/photos/taymazvalley/8427920523,https://creativecommons.org/licenses/by/2.0/
c78165afc346ece0,apple,tariusxj,https://www.flickr.com/people/112801129@N08/,IMG_0084,https://www.flickr.com/photos/112801129@N08/15615419070,https://creativecommons.org/licenses/by/2.0/
bfef71119181bcaa,apple,Sudhamshu Hebbar,https://www.flickr.com/people/sudhamshu/,Apples,https://www.flickr.com/photos/sudhamshu/4355209249,https://creativecommons.org/licenses/by/2.0/
001dd90fc5ae92c9,apple,Chris Evans,https://www.flickr.com/people/drumminhands/,Apples,https://www.flickr.com/photos/drumminhands/7992895184,https://creativecommons.org/licenses/by/2.0/
1dcf7908c7b0db7c,apple,James Cridland,https://www.flickr.com/people/jamescridland/,"Apples, apples, apples",https://www.flickr.com/photos/jamescridland/1305153543,https://creativecommons.org/licenses/by/2.0/
54b350d746851197,apple,London looks,https://www.flickr.com/people/londonlooks/,little green apples,https://www.flickr.com/photos/londonlooks/5011156498,https://creativecommons.org/licenses/by/2.0/
c0a32ea06e59d966,apple,Jeena Paradies,https://www.flickr.com/people/jeena/,Apple tree,https://www.flickr.com/photos/jeena/7738645140,https://creativecommons.org/licenses/by/2.0/
40bf94904489c923,apple,Pierre Tourigny,https://www.flickr.com/people/pierre_tourigny/,Granny Smiths,https://www.flickr.com/photos/pierre_tourigny/129235076,https://creativecommons.org/licenses/by/2.0/
75bf4fe9b26565e9,apple,Cristian Iohan Ştefănescu,https://www.flickr.com/people/icstefanescu/,... der gelbrote Apfel. Happy Sinterklaas!,https://www.flickr.com/photos/icstefanescu/15766246990,https://creativecommons.org/licenses/by/2.0/
ca1ebd8d0189822e,apple,Seán A. O&#x27;Hara,https://www.flickr.com/people/hortulus_aptus/,Fresh Gravenstein apples!,https://www.flickr.com/photos/hortulus_aptus/9664794681,https://creativecommons.org/licenses/by/2.0/
9be9174b13d6d0c7,apple,VegBoxClearout,https://www.flickr.com/people/55046774@N07/,Braeburn apple I,https://www.flickr.com/photos/55046774@N07/5105568521,https://creativecommons.org/licenses/by/2.0/
078821d86db99fc9,apple,Matleena Laakso,https://www.flickr.com/people/matleenalaakso/,Omenapuu Åkerö,https://www.flickr.com/photos/matleenalaakso/8154112499,https://creativecommons.org/licenses/by/2.0/
21824a91ec537703,apple,jenn,https://www.flickr.com/people/happyskrappy/,Apples!,https://www.flickr.com/photos/happyskrappy/10393105713,https://creativecommons.org/licenses/by/2.0/
7ec0563820191541,apple,Selma Broeder,https://www.flickr.com/people/selma90/,Apple,https://www.flickr.com/photos/selma90/3675162262,https://creativecommons.org/licenses/by/2.0/
b1a6096b82680b08,apple,Origami48616,https://www.flickr.com/people/origami48616/,apples,https://www.flickr.com/photos/origami48616/11854204815,https://creativecommons.org/licenses/by/2.0/
6e9f89a2758892d3,apple,_FXR,https://www.flickr.com/people/_fxr/,Apple,https://www.flickr.com/photos/_fxr/2335186114,https://creativecommons.org/licenses/by/2.0/
f7eb33eb65f8e3c0,apple,~Ealasaid~,https://www.flickr.com/people/fredrte/,Temptation Resort Cancun (5),https://www.flickr.com/photos/fredrte/3578788697,https://creativecommons.org/licenses/by/2.0/
f6d564bd1a412584,apple,Carole Grogloth,https://www.flickr.com/people/carole_grogloth_molokai_hawaii/,"Apple Tree - Carole Grogloth, Molokai Hawaii",https://www.flickr.com/photos/carole_grogloth_molokai_hawaii/8520463134,https://creativecommons.org/licenses/by/2.0/
dd6a32d6f8679f11,apple,Mahmut Kavici,https://www.flickr.com/people/colourlover/,ah kalbim ben senden çok çektim,https://www.flickr.com/photos/colourlover/177611909,https://creativecommons.org/licenses/by/2.0/
b4cb895b4eb903a4,apple,Alexander Lyubavin,https://www.flickr.com/people/santea/,DSCF0422 apples,https://www.flickr.com/photos/santea/16366774119,https://creativecommons.org/licenses/by/2.0/
096ca56a5c51f6d6,apple,Betsy Weber,https://www.flickr.com/people/betsyweber/,Microsoft TechEd EMEA,https://www.flickr.com/photos/betsyweber/5302621516,https://creativecommons.org/licenses/by/2.0/
a6fa6e875d6ae7fd,apple,s.h.u.t.t.e.r.b.u.g,https://www.flickr.com/people/qjotennis/,Untitled,https://www.flickr.com/photos/qjotennis/4252374718,https://creativecommons.org/licenses/by/2.0/
55985cfdc2aff31b,apple,liz west,https://www.flickr.com/people/calliope/,"oodles of apples, green",https://www.flickr.com/photos/calliope/295430293,https://creativecommons.org/licenses/by/2.0/
335f368dee9f4943,apple,Beatrice Murch,https://www.flickr.com/people/blmurch/,Apples on the tree,https://www.flickr.com/photos/blmurch/5086438453,https://creativecommons.org/licenses/by/2.0/
7c9c7d314498fc0e,apple,S.Su,https://www.flickr.com/people/24550592@N08/,Green Apples.,https://www.flickr.com/photos/24550592@N08/2448068898/,https://creativecommons.org/licenses/by/2.0/
1843a54af7b109e3,apple,Alisha Vargas,https://www.flickr.com/people/alishav/,Green Apples,https://www.flickr.com/photos/alishav/3461410603,https://creativecommons.org/licenses/by/2.0/
c7b6eaede73d3dd8,apple,FoodBankCENC.org,https://www.flickr.com/people/foodbankcenc/,Apple Extravaganza,https://www.flickr.com/photos/foodbankcenc/12778336213,https://creativecommons.org/licenses/by/2.0/
54da4e8f150739d6,apple,Amanda Hirsch,https://www.flickr.com/people/creativedc/,Candy apples,https://www.flickr.com/photos/creativedc/2913125040,https://creativecommons.org/licenses/by/2.0/
489785870d3d99fd,apple,kellinahandbasket,https://www.flickr.com/people/kellinahandbasket/,Apple Carving,https://www.flickr.com/photos/kellinahandbasket/57180417,https://creativecommons.org/licenses/by/2.0/
69f3f3889793e68e,apple,M Yashna,https://www.flickr.com/people/yashna13/,Space 34/52,https://www.flickr.com/photos/yashna13/6120788322,https://creativecommons.org/licenses/by/2.0/
9e1a8092c3c7fce7,apple,JWolff-STL,https://www.flickr.com/people/jwolff-stl/,Apples,https://www.flickr.com/photos/jwolff-stl/5831857432,https://creativecommons.org/licenses/by/2.0/
4f9d3f3c5799a974,apple,Emi Yañez,https://www.flickr.com/people/puntodevista/,| oxidation  |,https://www.flickr.com/photos/puntodevista/259649618,https://creativecommons.org/licenses/by/2.0/
6db9e48832dcd770,apple,Miguel Ángel García.,https://www.flickr.com/people/respenda/,Manzanos.,https://www.flickr.com/photos/respenda/4904269603,https://creativecommons.org/licenses/by/2.0/
bd739d73b70b66c6,apple,Marawder,https://www.flickr.com/people/i_love_madonna/,An apple a day...,https://www.flickr.com/photos/i_love_madonna/13179112373,https://creativecommons.org/licenses/by/2.0/
b787b7aa4407e39a,apple,Sparsh Ahuja,https://www.flickr.com/people/weliveinabeautifulworld/,File0839,https://www.flickr.com/photos/weliveinabeautifulworld/6585332175,https://creativecommons.org/licenses/by/2.0/
6a17e12968e4d822,apple,Madalena Pestana,https://www.flickr.com/people/madalena_pestana/,time for a break. :),https://www.flickr.com/photos/madalena_pestana/962984573,https://creativecommons.org/licenses/by/2.0/
1b8b2f1fc532cc6d,apple,Chris Costes,https://www.flickr.com/people/33852688@N08/,Day 17,https://www.flickr.com/photos/33852688@N08/4284373782,https://creativecommons.org/licenses/by/2.0/
87eb61aff5425f3e,apple,Mike Licht,https://www.flickr.com/people/notionscapital/,Ginger Gold Apples,https://www.flickr.com/photos/notionscapital/19991410844,https://creativecommons.org/licenses/by/2.0/
6f5f56c01df801c7,apple,Jevgenijs Slihto,https://www.flickr.com/people/101181388@N07/,Apples,https://www.flickr.com/photos/101181388@N07/9691387993,https://creativecommons.org/licenses/by/2.0/
c99db9c3802cb506,apple,Kate Fisher,https://www.flickr.com/people/katefisher/,Crisp apples,https://www.flickr.com/photos/katefisher/9604786378,https://creativecommons.org/licenses/by/2.0/
27fc7aad20558f92,apple,Kirinohana,https://www.flickr.com/people/kiri_no_hana/,Camera Test Apple,https://www.flickr.com/photos/kiri_no_hana/9558522747,https://creativecommons.org/licenses/by/2.0/
7f5a30978d018d2f,apple,James Bowe,https://www.flickr.com/people/jamesrbowe/,Bisected Apple,https://www.flickr.com/photos/jamesrbowe/8338692601,https://creativecommons.org/licenses/by/2.0/
b3e9352cb0ef77d2,apple,Kathy Sunderman,https://www.flickr.com/people/kathysunderman/,Epitome of Fall,https://www.flickr.com/photos/kathysunderman/10628420086,https://creativecommons.org/licenses/by/2.0/
1774d87b38c0c586,apple,Steven Depolo,https://www.flickr.com/people/stevendepolo/,Vegan,https://www.flickr.com/photos/stevendepolo/6098129585,https://creativecommons.org/licenses/by/2.0/
96dc858fc4e47379,apple,Deborah Fitchett,https://www.flickr.com/people/deborahfitchett/,Some &quot;Granny Smith&quot; apples,https://www.flickr.com/photos/deborahfitchett/2971213264,https://creativecommons.org/licenses/by/2.0/
cfe6cb38a72a4397,apple,isumelzo,https://www.flickr.com/people/isasu/,Manzana,https://www.flickr.com/photos/isasu/431295035,https://creativecommons.org/licenses/by/2.0/
d529ce0981e9e0bd,apple,KMo Foto,https://www.flickr.com/people/28032587@N06/,Heart smart apple snack,https://www.flickr.com/photos/28032587@N06/8986314041,https://creativecommons.org/licenses/by/2.0/
3e810338e95a9cee,apple,Black Zero,https://www.flickr.com/people/zillay/,"A Green Apple, it costs Rs 110 per piece.",https://www.flickr.com/photos/zillay/6633779563,https://creativecommons.org/licenses/by/2.0/
639d975913a1aa8c,apple,Tony Alter,https://www.flickr.com/people/78428166@N00/,Fake Apples,https://www.flickr.com/photos/78428166@N00/7330711788,https://creativecommons.org/licenses/by/2.0/
9823c06df5c43392,apple,Jeremy Keith,https://www.flickr.com/people/adactio/,Apples,https://www.flickr.com/photos/adactio/2856883698,https://creativecommons.org/licenses/by/2.0/
2b748f85a4fe0eb3,apple,decor8 holly,https://www.flickr.com/people/decor8/,Delicious Bites: Country Apple Cake Recipe,https://www.flickr.com/photos/decor8/10153228776,https://creativecommons.org/licenses/by/2.0/
becc028793504bdc,apple,Ane Lagerqvist,https://www.flickr.com/people/anelagerqvist/,Apply wattery,https://www.flickr.com/photos/anelagerqvist/4221315621,https://creativecommons.org/licenses/by/2.0/
7c5c73943bb31a57,apple,Jesse Millan,https://www.flickr.com/people/stopdown/,"sweet red apples, interrupted",https://www.flickr.com/photos/stopdown/2933735054,https://creativecommons.org/licenses/by/2.0/
540086171975bca2,apple,Weddingraphy Studio,https://www.flickr.com/people/masterorz/,11-01-0912_12_06204,https://www.flickr.com/photos/masterorz/5395091761,https://creativecommons.org/licenses/by/2.0/
d0b70f114e7ded00,apple,Laura,https://www.flickr.com/people/tigergirl/,Minnesota State Fair,https://www.flickr.com/photos/tigergirl/6088890032,https://creativecommons.org/licenses/by/2.0/
09a06df60e4bdd62,apple,Senado Federal,https://www.flickr.com/people/agenciasenado/,Fotos produzidas pelo Senado,https://www.flickr.com/photos/agenciasenado/15280859413,https://creativecommons.org/licenses/by/2.0/
9bf0e667c2fa03d8,apple,A Yee,https://www.flickr.com/people/57412095@N05/,Dorsett Golden -,https://www.flickr.com/photos/57412095@N05/5594412594,https://creativecommons.org/licenses/by/2.0/
e417ab70bcfa87b0,apple,Ines Hegedus-Garcia,https://www.flickr.com/people/miamism/,Be Different,https://www.flickr.com/photos/miamism/6698429123,https://creativecommons.org/licenses/by/2.0/
4191193b13f43ec9,apple,Lali Masriera,https://www.flickr.com/people/visualpanic/,beastie boys:all lifestyles,https://www.flickr.com/photos/visualpanic/261246235,https://creativecommons.org/licenses/by/2.0/
ff3e3f98de225575,apple,Mingo Hagen,https://www.flickr.com/people/mjhagen/,appel,https://www.flickr.com/photos/mjhagen/8286036531,https://creativecommons.org/licenses/by/2.0/
ca9208c1fe502edb,apple,Gipuntoe / exesofblu,https://www.flickr.com/people/exesofblu/,The Only APPLE!!!,https://www.flickr.com/76992199@N00/5078821670/,https://creativecommons.org/licenses/by/2.0/
a4dd75d633c1d657,apple,Chris Martin,https://www.flickr.com/people/cjmartin/,Turkey Ready to Cook,https://www.flickr.com/photos/cjmartin/11019327913,https://creativecommons.org/licenses/by/2.0/
9b4362468e813b34,apple,Peter Alfred Hess,https://www.flickr.com/people/peterhess/,Æpple Eater,https://www.flickr.com/photos/peterhess/4796170099,https://creativecommons.org/licenses/by/2.0/
dfec55965c1cdf19,apple,Steven Depolo,https://www.flickr.com/people/stevendepolo/,Pile of Apples Food Fruit,https://www.flickr.com/photos/stevendepolo/10675532566,https://creativecommons.org/licenses/by/2.0/
94de58da0f25a821,apple,thebittenword.com,https://www.flickr.com/people/galant/,Untitled,https://www.flickr.com/photos/galant/1399488214,https://creativecommons.org/licenses/by/2.0/
2fe4f21e409f0a56,apple,Herman Frantzen,https://www.flickr.com/people/hermanfr/,Hey Apple,https://www.flickr.com/photos/hermanfr/5375520288,https://creativecommons.org/licenses/by/2.0/
b7914d872beb046c,apple,N1NJ4,https://www.flickr.com/people/dist0rtedwave/,The results!,https://www.flickr.com/photos/dist0rtedwave/5054806065/,https://creativecommons.org/licenses/by/2.0/
24a7d30dc785da1d,apple,Mika Stetsovski,https://www.flickr.com/people/psyxek/,Apples! Apples! Apples!,https://www.flickr.com/photos/psyxek/6002385478,https://creativecommons.org/licenses/by/2.0/
c097b6e1ae80fc02,apple,yurayura_naoko,https://www.flickr.com/people/yurayura/,Apple_王林,https://www.flickr.com/photos/yurayura/3034028285,https://creativecommons.org/licenses/by/2.0/
12fb96c87a65c542,apple,Kathy,https://www.flickr.com/people/rittysdigiez/,Rosey Cheek!,https://www.flickr.com/photos/rittysdigiez/641899864,https://creativecommons.org/licenses/by/2.0/
86cb54fdd7a6e20b,apple,Richard North,https://www.flickr.com/people/richardnorth/,Apple,https://www.flickr.com/photos/richardnorth/7037334253,https://creativecommons.org/licenses/by/2.0/
38ad44fc3223245e,apple,Emmett Tullos,https://www.flickr.com/people/emmett_ns_tullos/,DSCF0031,https://www.flickr.com/photos/emmett_ns_tullos/5845976881,https://creativecommons.org/licenses/by/2.0/
8b8e4fd1f51c249d,apple,Étienne Pouvreau,https://www.flickr.com/people/etiennepouvreau/,Couleurs d'automne,https://www.flickr.com/photos/etiennepouvreau/15524416922,https://creativecommons.org/licenses/by/2.0/
deef6ea77bdb97e9,apple,Brian Edgar,https://www.flickr.com/people/29803258@N02/,Granny Smith Apples,https://www.flickr.com/photos/29803258@N02/5002782285,https://creativecommons.org/licenses/by/2.0/
c6d837e74eccd9a0,apple,Gabriel González,https://www.flickr.com/people/gaby1/,Zoom 200mm.,https://www.flickr.com/photos/gaby1/12150859086,https://creativecommons.org/licenses/by/2.0/
4bac52a2d0a0f9bf,apple,Trink Apfelstrudel,https://www.flickr.com/people/trink-apfelstrudel/,Sour,https://www.flickr.com/photos/trink-apfelstrudel/10928842775,https://creativecommons.org/licenses/by/2.0/
22cf78f0eb8e7f25,apple,jodelli,https://www.flickr.com/people/23056733@N05/,Winter break,https://www.flickr.com/photos/23056733@N05/8533651348,https://creativecommons.org/licenses/by/2.0/
d5fd0e5c203daa2c,apple,Vladislav Bezrukov,https://www.flickr.com/people/bezrukov/,Яблоки,https://www.flickr.com/photos/bezrukov/2913248522,https://creativecommons.org/licenses/by/2.0/
85aaef881bbd03ae,apple,barockschloss,https://www.flickr.com/people/barockschloss/,Aaah... the smell of freshly harvested quinces,https://www.flickr.com/photos/barockschloss/15421807106,https://creativecommons.org/licenses/by/2.0/
bb199b34c5805576,apple,natalie419,https://www.flickr.com/people/natalie419/,1. Fruit #fmsphotoaday #littlemomentsapp,https://www.flickr.com/photos/natalie419/15932769695,https://creativecommons.org/licenses/by/2.0/
f3ccf9ab2789bd9c,apple,mtcarlson,https://www.flickr.com/people/mtcarlson/,green and crisp,https://www.flickr.com/photos/mtcarlson/2900715632,https://creativecommons.org/licenses/by/2.0/
d787ca9fb579fc45,apple,darwin Bell,https://www.flickr.com/people/darwinbell/,an apple a day...,https://www.flickr.com/photos/darwinbell/295948051,https://creativecommons.org/licenses/by/2.0/
c77a05909b5807c5,apple,A White,https://www.flickr.com/people/ade_w/,IMG_0576,https://www.flickr.com/photos/ade_w/15653138516,https://creativecommons.org/licenses/by/2.0/
a34275c238d98efa,apple,tsaiproject,https://www.flickr.com/people/tsaiproject/,"Apple 1.0, yeah your basic apple",https://www.flickr.com/photos/tsaiproject/6706408075,https://creativecommons.org/licenses/by/2.0/
b5c57763b0dad42c,apple,nerissa&#x27;s ring,https://www.flickr.com/people/21524179@N08/,side of the road,https://www.flickr.com/photos/21524179@N08/3935707212,https://creativecommons.org/licenses/by/2.0/
b457dcb5712a6f52,apple,Paola,https://www.flickr.com/people/harleyccoper/,green apples,https://www.flickr.com/photos/harleyccoper/272310471,https://creativecommons.org/licenses/by/2.0/
9cdd30e74b74b80f,apple,Creative Tools,https://www.flickr.com/people/creative_tools/,CreativeTools.se - PackshotCreator - Äpple,https://www.flickr.com/photos/creative_tools/4293148152,https://creativecommons.org/licenses/by/2.0/
2cb9c8efddb5e42f,apple,ben dalton,https://www.flickr.com/people/noii/,apple,https://www.flickr.com/photos/noii/3780823978,https://creativecommons.org/licenses/by/2.0/
8b072310e73add00,apple,korbé,https://www.flickr.com/people/30268276@N07/,DSC_5314,https://www.flickr.com/photos/30268276@N07/5832725953,https://creativecommons.org/licenses/by/2.0/
be6590de27a1a8ef,apple,Cindy Funk,https://www.flickr.com/people/cindyfunk/,Apples,https://www.flickr.com/photos/cindyfunk/4033817612,https://creativecommons.org/licenses/by/2.0/
ec27531967696a52,apple,Brian Snelson,https://www.flickr.com/people/exfordy/,Apple,https://www.flickr.com/photos/exfordy/415917305,https://creativecommons.org/licenses/by/2.0/
964b69442edeec04,apple,Apple and Pear Australia Ltd,https://www.flickr.com/people/applesnpearsau/,WA dark skinned apples at HortCon2015 DSC_1140,https://www.flickr.com/photos/applesnpearsau/19293587599,https://creativecommons.org/licenses/by/2.0/
275f429194a6683a,apple,Christopher Paquette,https://www.flickr.com/people/chpaquette/,Green Apples,https://www.flickr.com/photos/chpaquette/2195708014/,https://creativecommons.org/licenses/by/2.0/
78be86c30efbdb80,apple,Ben Weger,https://www.flickr.com/people/benweger/,thanksgiving-hedgehog (2 of 2),https://www.flickr.com/photos/benweger/15704684940,https://creativecommons.org/licenses/by/2.0/
4b51aad1fe82be44,apple,L.A. Foodie,https://www.flickr.com/people/lafoodie/,DSC_0017,https://www.flickr.com/photos/lafoodie/8125956493,https://creativecommons.org/licenses/by/2.0/
805623aa1cf3670c,apple,Karyn Christner,https://www.flickr.com/people/toofarnorth/,apples,https://www.flickr.com/photos/toofarnorth/2853953235,https://creativecommons.org/licenses/by/2.0/
81cad76cc1e6950b,apple,Renae Rude,https://www.flickr.com/people/theparanormalist/,Apple Basket,https://www.flickr.com/photos/theparanormalist/12145977936,https://creativecommons.org/licenses/by/2.0/
ab14b3edc8b7f481,apple,Faruk Ateş,https://www.flickr.com/people/kurafire/,P365x52-221: Fake food,https://www.flickr.com/photos/kurafire/9475133213,https://creativecommons.org/licenses/by/2.0/
3ee1b0da78f43975,apple,Nick Lee,https://www.flickr.com/people/gamutless/,S,https://www.flickr.com/photos/gamutless/9425518092,https://creativecommons.org/licenses/by/2.0/
fc8cd78dcd066490,apple,didyoueverstoptothink,https://www.flickr.com/people/77260775@N06/,Windfall apples,https://www.flickr.com/photos/77260775@N06/15767317142,https://creativecommons.org/licenses/by/2.0/
13628bbfec1fe2c3,apple,Dustin Gaffke,https://www.flickr.com/people/onepointfour/,Day 9: My cliché picture of the day   (9/365),https://www.flickr.com/photos/onepointfour/8362143431,https://creativecommons.org/licenses/by/2.0/
4c408d33c4d1f65e,apple,Ozzy Delaney,https://www.flickr.com/people/24931020@N02/,26,https://www.flickr.com/photos/24931020@N02/7870314782,https://creativecommons.org/licenses/by/2.0/
1a30ad94ee250562,apple,Camila,https://www.flickr.com/people/kamilauchaa/,Untitled,https://www.flickr.com/photos/kamilauchaa/5812299458/in/gallery-enfocarte_concepcion-72157626993300865/,https://creativecommons.org/licenses/by/2.0/
6f1f794c23e34a75,apple,tanakawho,https://www.flickr.com/people/28481088@N00/,I'm the king,https://www.flickr.com/photos/28481088@N00/280574252,https://creativecommons.org/licenses/by/2.0/
6210a76fd0d0965d,apple,Scott McLeod,https://www.flickr.com/people/mcleod/,Apples,https://www.flickr.com/photos/mcleod/6518503609,https://creativecommons.org/licenses/by/2.0/
9b0557db54148950,apple,óskar elías sigurðsson,https://www.flickr.com/people/oskaree/,Svartþröstur-Common Blackbird(Turdus merula),https://www.flickr.com/photos/oskaree/6447153963,https://creativecommons.org/licenses/by/2.0/
0fdea8a716155a8e,apple,Hans Westbeek,https://www.flickr.com/people/hans-westbeek/,Apples,https://www.flickr.com/photos/hans-westbeek/8089742367,https://creativecommons.org/licenses/by/2.0/
a735a2e96daa4240,apple,阿坤 Wang kun hung,https://www.flickr.com/people/kun-1119/,龍山農場生產的無毒梅子,https://www.flickr.com/photos/kun-1119/5780307904,https://creativecommons.org/licenses/by/2.0/
368b586beec4c1a4,apple,Carolyn Williams,https://www.flickr.com/people/carolynwill/,IMG_3753,https://www.flickr.com/photos/carolynwill/1518169073,https://creativecommons.org/licenses/by/2.0/
7f015366e5da07a6,apple,Seth Goodman,https://www.flickr.com/people/curiouseth/,Apple iPlane,https://www.flickr.com/photos/curiouseth/11231983244,https://creativecommons.org/licenses/by/2.0/
48c64de65f175030,apple,isaleal,https://www.flickr.com/people/isaleal/,Balkan Red Circle: manzanas,https://www.flickr.com/photos/isaleal/2297319151,https://creativecommons.org/licenses/by/2.0/
d063738ddb1cd0b7,apple,Duncan Hull,https://www.flickr.com/people/dullhunk/,το μήλο  apple,https://www.flickr.com/photos/dullhunk/5453701353,https://creativecommons.org/licenses/by/2.0/
4a1d38b90f2b8c95,apple,Karen,https://www.flickr.com/people/misbehave/,Livin' on a food stamp budget,https://www.flickr.com/photos/misbehave/6134624057,https://creativecommons.org/licenses/by/2.0/
1544ceba214932cb,apple,Shubert Ciencia,https://www.flickr.com/people/bigberto/,"Japanese Persimmons (Nagoya, Japan)",https://www.flickr.com/photos/bigberto/1885187118,https://creativecommons.org/licenses/by/2.0/
9c2fa482de4dedd7,apple,Jim Winstead,https://www.flickr.com/people/jimwinstead/,organic apples,https://www.flickr.com/photos/jimwinstead/39022506,https://creativecommons.org/licenses/by/2.0/
e2f17609f85174e6,apple,alison e dunn,https://www.flickr.com/people/alisonedunn/,one rotten apple,https://www.flickr.com/photos/alisonedunn/2189164888,https://creativecommons.org/licenses/by/2.0/
f168f75ef492fc4d,apple,frankieleon,https://www.flickr.com/people/armydre2008/,floating apples,https://www.flickr.com/photos/armydre2008/8460236100,https://creativecommons.org/licenses/by/2.0/
8c5c8e7a603fac3e,apple,Per Åström,https://www.flickr.com/people/perkovich/,"Eh, tvillingäpple?! Siamesisk?",https://www.flickr.com/photos/perkovich/21690326122,https://creativecommons.org/licenses/by/2.0/
e1d5de98ce2559e7,apple,mylien_nguyen,https://www.flickr.com/people/mylien-nguyen/,Berlin 2013,https://www.flickr.com/photos/mylien-nguyen/11718526383/,https://creativecommons.org/licenses/by/2.0/
40c73b1bdcf351ed,apple,Adam Foster,https://www.flickr.com/people/twosevenoneonenineeightthreesevenatenzerosix/,British Columbia,https://www.flickr.com/photos/twosevenoneonenineeightthreesevenatenzerosix/8239541205,https://creativecommons.org/licenses/by/2.0/
d208ab3ec41b37ce,apple,HakanBey,https://www.flickr.com/people/hakanbey/,Erik,https://www.flickr.com/photos/hakanbey/7374985844,https://creativecommons.org/licenses/by/2.0/
8fa79acb97f1b7bb,apple,Nidhi Srivastava,https://www.flickr.com/people/keeperofthekeys/,Fruits,https://www.flickr.com/photos/keeperofthekeys/15308766835,https://creativecommons.org/licenses/by/2.0/
e936ca62513f10b2,apple,dee2018,https://www.flickr.com/people/63608361@N03/,Snow Apple,https://www.flickr.com/photos/63608361@N03/8456314936,https://creativecommons.org/licenses/by/2.0/
4119f258b3d0c39e,apple,Fuzzy Gerdes,https://www.flickr.com/people/fuzzy/,Filed under: what the hell is going on with that apple?,https://www.flickr.com/photos/fuzzy/5598487576,https://creativecommons.org/licenses/by/2.0/
0363b2c99b23c4b8,apple,Jessica Lothrop,https://www.flickr.com/people/galateadia/,Pyrus Pyrifolia,https://www.flickr.com/photos/galateadia/4749881544,https://creativecommons.org/licenses/by/2.0/
73c9dc4837915366,apple,noalsilencio,https://www.flickr.com/people/noalsilencio/,Cidra,https://www.flickr.com/photos/noalsilencio/477529272,https://creativecommons.org/licenses/by/2.0/
b6fb83d9e81594cd,apple,Rodrigo Gómez Sanz,https://www.flickr.com/people/rodrigomezs/,manzana,https://www.flickr.com/photos/rodrigomezs/5226698697,https://creativecommons.org/licenses/by/2.0/
580308b950c6d0eb,apple,Gabriel S. Delgado C.,https://www.flickr.com/people/neogabox/,Lujuria / Lust: Pecado Original,https://www.flickr.com/photos/neogabox/3969921829,https://creativecommons.org/licenses/by/2.0/
ab4a45d68690aa0e,apple,Zhao !,https://www.flickr.com/people/kodomut/,A,https://www.flickr.com/photos/kodomut/4132416341,https://creativecommons.org/licenses/by/2.0/
ee82af18e4e464e6,apple,Zajac,https://www.flickr.com/people/zajac/,Red Delicious,https://www.flickr.com/photos/zajac/3885540124,https://creativecommons.org/licenses/by/2.0/
504eaba8aead7bd8,apple,shellac,https://www.flickr.com/people/pldms/,My first crop of cider apples,https://www.flickr.com/photos/pldms/9949322124,https://creativecommons.org/licenses/by/2.0/
d853167e41ec6b42,apple,Brent Hoard,https://www.flickr.com/people/bhoard/,Green Apples Grow Outside ECU School of Education,https://www.flickr.com/photos/bhoard/3695050414,https://creativecommons.org/licenses/by/2.0/
fe40348f9d46c33a,apple,Dana Moos,https://www.flickr.com/people/dana_moos/,Infusing Local #Maine Vodka and Gin,https://www.flickr.com/photos/dana_moos/5461867814,https://creativecommons.org/licenses/by/2.0/
c87e54bfeae26632,apple,Stevie Rocco,https://www.flickr.com/people/stevier/,Granny Smith Apples for Pie,https://www.flickr.com/photos/stevier/2485044148,https://creativecommons.org/licenses/by/2.0/
62d100326bad961a,apple,Ed Summers,https://www.flickr.com/people/inkdroid/,Apples from Mom,https://www.flickr.com/photos/inkdroid/12757489475,https://creativecommons.org/licenses/by/2.0/
570304f8e56c90cd,apple,Charleston&#x27;s TheDigitel,https://www.flickr.com/people/29456235@N04/,The Vegetable Bin,https://www.flickr.com/photos/29456235@N04/5035746733,https://creativecommons.org/licenses/by/2.0/
271c873c73743121,apple,Dottie Day,https://www.flickr.com/people/dottieday/,I'm grateful for apples.,https://www.flickr.com/photos/dottieday/15323011456,https://creativecommons.org/licenses/by/2.0/
10628bb9eeafafbb,apple,Clyde Robinson,https://www.flickr.com/people/crobj/,Pink Ladies,https://www.flickr.com/photos/crobj/3074550049,https://creativecommons.org/licenses/by/2.0/
123c5bfc13f1c62d,apple,Steenbergs,https://www.flickr.com/people/steenbergs/,Bringing In The Apple Harvest,https://www.flickr.com/photos/steenbergs/6200332082,https://creativecommons.org/licenses/by/2.0/
ad9a41a222faef4c,apple,Justus Blümer,https://www.flickr.com/people/justusbluemer/,Äpfel,https://www.flickr.com/photos/justusbluemer/6042863021,https://creativecommons.org/licenses/by/2.0/
e8ae2612058aa6ee,apple,~*~Phylli~*~,https://www.flickr.com/people/39685850@N05/,Lamp and apples ;D,https://www.flickr.com/photos/39685850@N05/3654344147,https://creativecommons.org/licenses/by/2.0/
268675cedf27742e,apple,T J,https://www.flickr.com/people/tetjavier/,apples,https://www.flickr.com/photos/tetjavier/5675485799,https://creativecommons.org/licenses/by/2.0/
d50d5666c8f648b6,apple,Nacho,https://www.flickr.com/people/gonmi/,manzanas,https://www.flickr.com/photos/gonmi/6288495116,https://creativecommons.org/licenses/by/2.0/
2a2309bf6039917b,apple,Tiggins Meadow,https://www.flickr.com/people/123179782@N04/,Greengages,https://www.flickr.com/photos/123179782@N04/15332159980,https://creativecommons.org/licenses/by/2.0/
3c32f587f2c8cfae,apple,Danielle Buma,https://www.flickr.com/people/-elleinad-/,8.16.09,https://www.flickr.com/photos/-elleinad-/5630585034,https://creativecommons.org/licenses/by/2.0/
592180124eb246e1,apple,Agron Istrefi,https://www.flickr.com/people/agroni/,Yummy apple,https://www.flickr.com/photos/agroni/215407415,https://creativecommons.org/licenses/by/2.0/
64afa7b88dc8b6ab,apple,Stuart Webster,https://www.flickr.com/people/stuartwebster/,apple,https://www.flickr.com/photos/stuartwebster/5658827200,https://creativecommons.org/licenses/by/2.0/
736ed0a3406af6c7,apple,Tim Alston,https://www.flickr.com/people/deggle/,Half Apple,https://www.flickr.com/photos/deggle/3088937703,https://creativecommons.org/licenses/by/2.0/
105433f9d808d18e,apple,nachans,https://www.flickr.com/people/pancakeplan/,0133,https://www.flickr.com/photos/pancakeplan/5880502739,https://creativecommons.org/licenses/by/2.0/
2c20a376048c4ea5,apple,bigbirdz,https://www.flickr.com/people/bigbirdz/,shenandoah20111106028,https://www.flickr.com/photos/bigbirdz/6338286006,https://creativecommons.org/licenses/by/2.0/
ff5fd9c3c624b7dc,apple,lukestehr,https://www.flickr.com/people/lukestehr/,32 | After Shopping,https://www.flickr.com/photos/lukestehr/15738409176,https://creativecommons.org/licenses/by/2.0/
89ac39a9dc0d169c,banana,Jon Åslund,https://www.flickr.com/people/jooon/,Frukt och Grönt (och andra färger) i Östermalmshallen,https://www.flickr.com/photos/jooon/4130972679,https://creativecommons.org/licenses/by/2.0/
8aaa87f397062816,banana,Yvette  Tan,https://www.flickr.com/people/glossmania/,"“Nanny Ogg knew how to start spelling 'banana', but didn't know how you stopped.” - Terry Pratchett",https://www.flickr.com/photos/glossmania/21355355036,https://creativecommons.org/licenses/by/2.0/
826f141e2fd26cd8,banana,Dave Shafer,https://www.flickr.com/people/opera-nut/,patterns in nature,https://www.flickr.com/photos/opera-nut/2991960746,https://creativecommons.org/licenses/by/2.0/
e61bd0aca563c0c0,banana,david_17in,https://www.flickr.com/people/thaveedu/,Banana,https://www.flickr.com/photos/thaveedu/4457710794/,https://creativecommons.org/licenses/by/2.0/
20aed0110df54daa,banana,andybient,https://www.flickr.com/people/andybient/,pd 2012-01-17 23-15-09-52,https://www.flickr.com/photos/andybient/6716909097,https://creativecommons.org/licenses/by/2.0/
41c9a881abbd32d6,banana,Francesco Crippa,https://www.flickr.com/people/fcrippa/,DSC_8880.jpg,https://www.flickr.com/photos/fcrippa/8029990949,https://creativecommons.org/licenses/by/2.0/
b70a978ef4325508,banana,Yann Cœuru,https://www.flickr.com/people/yann07/,Jus de banane,https://www.flickr.com/photos/yann07/20698178046,https://creativecommons.org/licenses/by/2.0/
de03f770cd9c2f08,banana,Apoorva Jinka,https://www.flickr.com/people/apoorvaj/,Naturan Bananas,https://www.flickr.com/photos/apoorvaj/7663114312,https://creativecommons.org/licenses/by/2.0/
5ce4d7ca15f2bb3a,banana,Patrick Feller,https://www.flickr.com/people/nakrnsm/,"Produce Market, Airline Dr., Houston, Texas 0811091716",https://www.flickr.com/photos/nakrnsm/3814631339,https://creativecommons.org/licenses/by/2.0/
52733befa1e1d3b3,banana,Shubert Ciencia,https://www.flickr.com/people/bigberto/,"Cavendish (Panabo City, Davao Oriental)",https://www.flickr.com/photos/bigberto/4374946450,https://creativecommons.org/licenses/by/2.0/
40f151ffc7282ffb,banana,Roberto Verzo,https://www.flickr.com/people/verzo/,Nilagang Saba,https://www.flickr.com/photos/verzo/7589836224,https://creativecommons.org/licenses/by/2.0/
b179fb7f7e447f77,banana,Chris Owen,https://www.flickr.com/people/chriscruises/,I'm just playing with my new lens. That is all.,https://www.flickr.com/photos/chriscruises/16678868739,https://creativecommons.org/licenses/by/2.0/
a412464094a2294a,banana,SantaRosa OLD SKOOL,https://www.flickr.com/people/santarosa/,DSCF2337a,https://www.flickr.com/photos/santarosa/2281576443,https://creativecommons.org/licenses/by/2.0/
86eb6825e774440b,banana,Robert Bastian,https://www.flickr.com/people/rwb2/,Little Green Balls of Death,https://www.flickr.com/photos/rwb2/13657678345,https://creativecommons.org/licenses/by/2.0/
53737b934851332b,banana,Clyde Robinson,https://www.flickr.com/people/crobj/,The Ying and  Yang of Bananas (#8),https://www.flickr.com/photos/crobj/350453017,https://creativecommons.org/licenses/by/2.0/
a1045dd098ed7530,banana,Dan4th Nicholas,https://www.flickr.com/people/dan4th/,071231 groceries,https://www.flickr.com/photos/dan4th/2152704232,https://creativecommons.org/licenses/by/2.0/
b93363c8f2a84fc2,banana,MAURO CATEB,https://www.flickr.com/people/mauroescritor/,Banana,https://www.flickr.com/photos/mauroescritor/20212023725,https://creativecommons.org/licenses/by/2.0/
963e7c4d5bf234d3,banana,Jason Thien,https://www.flickr.com/people/thienzieyung/,Pisang Abu,https://www.flickr.com/photos/thienzieyung/2624746738,https://creativecommons.org/licenses/by/2.0/
0c361f99f3543e0b,banana,libby rosof,https://www.flickr.com/people/libbyrosof/,IMG_5730 Nick Paparone,https://www.flickr.com/photos/libbyrosof/2492654270,https://creativecommons.org/licenses/by/2.0/
4ee0ff6dfabf8303,banana,Richard Rutter,https://www.flickr.com/people/clagnut/,What happens when you refrigerate a banana,https://www.flickr.com/photos/clagnut/293615658,https://creativecommons.org/licenses/by/2.0/
aea6f6ca61b08dbb,banana,Steve Hopson,https://www.flickr.com/people/stevehopson/,Bananas,https://www.flickr.com/photos/stevehopson/350002649,https://creativecommons.org/licenses/by/2.0/
9e87adce6071d34c,banana,Port of San Diego,https://www.flickr.com/people/portofsandiego/,Port of San Diego Working Waterfront Bus Tour,https://www.flickr.com/photos/portofsandiego/4035052284,https://creativecommons.org/licenses/by/2.0/
4ae17175433a3f35,banana,Erich Ferdinand,https://www.flickr.com/people/erix/,in the vase,https://www.flickr.com/photos/erix/8684552071,https://creativecommons.org/licenses/by/2.0/
78e5c079332150e0,banana,Coqui the Chef,https://www.flickr.com/people/coquithechef/,Recipe for Tropical Sunset (smoothie or drink),https://www.flickr.com/photos/coquithechef/7291002732,https://creativecommons.org/licenses/by/2.0/
3b3f0b25d84ca601,banana,sibdesign,https://www.flickr.com/people/13944318@N07/,Bananen-Staude,https://www.flickr.com/photos/13944318@N07/3384017771,https://creativecommons.org/licenses/by/2.0/
3371fc25ea314f7c,banana,Jacob Bøtter,https://www.flickr.com/people/jakecaptive/,Bananas at Aldi,https://www.flickr.com/photos/jakecaptive/36476033,https://creativecommons.org/licenses/by/2.0/
b6556ab239fd665c,banana,kristin klein,https://www.flickr.com/people/kkleinrn/,And here in the Banana Rebublic . . . Bananas are .80  cents a bunch!,https://www.flickr.com/photos/kkleinrn/10981840263,https://creativecommons.org/licenses/by/2.0/
46eeb0e552dccad9,banana,Gary Millar,https://www.flickr.com/people/wildmountainrose/,Appealing.jpg,https://www.flickr.com/photos/wildmountainrose/14282059999,https://creativecommons.org/licenses/by/2.0/
27d4b3f273ee822d,banana,whologwhy,https://www.flickr.com/people/hulagway/,BA-NA-NA,https://www.flickr.com/photos/hulagway/5208339950,https://creativecommons.org/licenses/by/2.0/
fbb70651159540e9,banana,Amy,https://www.flickr.com/people/amylovesyah/,226/365,https://www.flickr.com/photos/amylovesyah/4955342230,https://creativecommons.org/licenses/by/2.0/
356b1b9ddd7e3b22,banana,Brendan C,https://www.flickr.com/people/brendan-c/,Equally Nutritious #ds387,https://www.flickr.com/photos/brendan-c/5242022634,https://creativecommons.org/licenses/by/2.0/
f0f7bbb186ba2c15,banana,Kris,https://www.flickr.com/people/kables/,"Whatchoo Lookin' At, Banana?",https://www.flickr.com/photos/kables/8776207,https://creativecommons.org/licenses/by/2.0/
4f491452bacb78ed,banana,Nathan Forget,https://www.flickr.com/people/nathanf/,Lake Eola 6,https://www.flickr.com/photos/nathanf/6456187253,https://creativecommons.org/licenses/by/2.0/
c13956a12cfdfa10,banana,Tatsuo Yamashita,https://www.flickr.com/people/yto/,バナナ,https://www.flickr.com/photos/yto/8561266758,https://creativecommons.org/licenses/by/2.0/
3c9eccf612faecda,banana,Mervi Eskelinen,https://www.flickr.com/people/tasselflower/,Kale and banana smoothie,https://www.flickr.com/photos/tasselflower/9515109835,https://creativecommons.org/licenses/by/2.0/
2fdf75881f68dd04,banana,Rennett Stowe,https://www.flickr.com/people/tomsaint/,banana,https://www.flickr.com/photos/tomsaint/3171749726,https://creativecommons.org/licenses/by/2.0/
6d14a9a434c67613,banana,darwin Bell,https://www.flickr.com/people/darwinbell/,Oh just peel it already!,https://www.flickr.com/photos/darwinbell/298250527,https://creativecommons.org/licenses/by/2.0/
5451e8d4f723941f,banana,torbakhopper,https://www.flickr.com/people/gazeronly/,"everyone misses you, lou reed :  bananas, ferry building, san francisco (2012)",https://www.flickr.com/photos/gazeronly/7849659582,https://creativecommons.org/licenses/by/2.0/
839a08e17cdbd22b,banana,Abhisit Vejjajiva,https://www.flickr.com/people/thaigov/,Untitled,https://www.flickr.com/photos/thaigov/5585120865,https://creativecommons.org/licenses/by/2.0/
24bf469b8c8c9670,banana,Kevin Carmody,https://www.flickr.com/people/skinofstars/,Banana flower,https://www.flickr.com/photos/skinofstars/12023087864,https://creativecommons.org/licenses/by/2.0/
d251c693b79873ca,banana,Danumurthi Mahendra,https://www.flickr.com/people/dmahendra/,Pasar Kebalen Malang,https://www.flickr.com/photos/dmahendra/17676497394,https://creativecommons.org/licenses/by/2.0/
1adc6a5947edc664,banana,Gail Frederick,https://www.flickr.com/people/galfred/,Bananas,https://www.flickr.com/photos/galfred/449110074,https://creativecommons.org/licenses/by/2.0/
b61b6991f496cce8,banana,gina pina,https://www.flickr.com/people/ginapina/,Untitled,https://www.flickr.com/photos/ginapina/2948915514,https://creativecommons.org/licenses/by/2.0/
93acb2282738c45a,banana,Dirk Vorderstraße,https://www.flickr.com/people/dirkvorderstrasse/,Tropische Bananenstauden,https://www.flickr.com/photos/dirkvorderstrasse/10570807305,https://creativecommons.org/licenses/by/2.0/
1f9212dccc4a85d2,banana,Yuya Tamai,https://www.flickr.com/people/tamaiyuya/,Fruits,https://www.flickr.com/photos/tamaiyuya/6024251426,https://creativecommons.org/licenses/by/2.0/
7484d0ecd2287a77,banana,Janus Sandsgaard,https://www.flickr.com/people/janus_sandsgaard/,img_0775.jpg,https://www.flickr.com/photos/janus_sandsgaard/5442600291,https://creativecommons.org/licenses/by/2.0/
c84613c9de4fde26,banana,Ted Murphy,https://www.flickr.com/people/tedmurphy/,Untitled,https://www.flickr.com/photos/tedmurphy/6132668462,https://creativecommons.org/licenses/by/2.0/
16af0e13b34bbe4d,banana,GretaMichelle Joachim,https://www.flickr.com/people/michellegj/,Good morning #breakfast #Caribbean #plantains #yummy  #gooddayvibes,https://www.flickr.com/photos/michellegj/15719660953,https://creativecommons.org/licenses/by/2.0/
3b86a77cb70f180d,banana,Cecilia Coelho,https://www.flickr.com/people/73269789@N00/,yellow,https://www.flickr.com/photos/73269789@N00/4754860454,https://creativecommons.org/licenses/by/2.0/
dd34421405515d3c,banana,Shardayyy,https://www.flickr.com/people/shardayyy/,201/365 - 04/17/10 [365 Days @ 50mm] - Banana,https://www.flickr.com/photos/shardayyy/4529974038,https://creativecommons.org/licenses/by/2.0/
4ad81d54074c54fb,banana,Sarah  Jane,https://www.flickr.com/people/dadaistic_fantastic/,DSC_00043_2_ copy,https://www.flickr.com/photos/dadaistic_fantastic/4287968223,https://creativecommons.org/licenses/by/2.0/
2131e219ba0113d4,banana,Maria Ly,https://www.flickr.com/people/mariachily/,b-a-n-a-n-a-s!,https://www.flickr.com/photos/mariachily/487144362,https://creativecommons.org/licenses/by/2.0/
0b2e4b673751320f,banana,Miran  Rijavec,https://www.flickr.com/people/miran/,Kovalam Beach : Bananas from Kerala,https://www.flickr.com/photos/miran/59471681,https://creativecommons.org/licenses/by/2.0/
5b1dede5681d20b0,banana,RD,https://www.flickr.com/people/pennydinawoods/,"Plantains, ripe and unripe",https://www.flickr.com/photos/pennydinawoods/4040190142,https://creativecommons.org/licenses/by/2.0/
d536e89ac5b58d11,banana,Carmela Songer,https://www.flickr.com/people/30194437@N04/,Ray of Sunflower...,https://www.flickr.com/photos/30194437@N04/3067741686,https://creativecommons.org/licenses/by/2.0/
ea253b194255032a,banana,Stuart Webster,https://www.flickr.com/people/stuartwebster/,Banana,https://www.flickr.com/photos/stuartwebster/5653913948,https://creativecommons.org/licenses/by/2.0/
00423c885ef8e8b0,banana,Hari Singh,https://www.flickr.com/people/hari_singh/,SAM_0998,https://www.flickr.com/photos/hari_singh/10372058105,https://creativecommons.org/licenses/by/2.0/
6588c7e400ff6f42,banana,Sheila Sund,https://www.flickr.com/people/sheila_sund/,Time for banana bread.jpg,https://www.flickr.com/photos/sheila_sund/9697790732,https://creativecommons.org/licenses/by/2.0/
c6d8e8a399a2b25c,banana,Lemuel Cantos,https://www.flickr.com/people/lemuelinchrist/,Cebu Bananas,https://www.flickr.com/photos/lemuelinchrist/206276109/,https://creativecommons.org/licenses/by/2.0/
a0581d22b4a29127,banana,Carlos Luz,https://www.flickr.com/people/carlosluzz/,banana,https://www.flickr.com/photos/carlosluzz/494133453,https://creativecommons.org/licenses/by/2.0/
ca1fb6b7daeae8bf,banana,www.bluewaikiki.com,https://www.flickr.com/people/lfl/,bananas,https://www.flickr.com/photos/lfl/3606305586,https://creativecommons.org/licenses/by/2.0/
66bfc570ea73b569,banana,Ken Bosma,https://www.flickr.com/people/kretyen/,Baby Bananas,https://www.flickr.com/photos/kretyen/2414884093,https://creativecommons.org/licenses/by/2.0/
4449db3e28d372c6,banana,Port of San Diego,https://www.flickr.com/people/portofsandiego/,Dole Fresh Fruit at Tenth Avenue Marine Terminal,https://www.flickr.com/photos/portofsandiego/7777295082,https://creativecommons.org/licenses/by/2.0/
98b5fab7855ccb87,banana,meenakshi madhavan,https://www.flickr.com/people/reverses/,"Sholai, Kodaikanal, Cats",https://www.flickr.com/photos/reverses/19455825204,https://creativecommons.org/licenses/by/2.0/
42bfeb58e8f541da,banana,Alberto Racatumba,https://www.flickr.com/people/racatumba/,Plátano & Nueces,https://www.flickr.com/photos/racatumba/96184748,https://creativecommons.org/licenses/by/2.0/
4d61b2bcd8089999,banana,SaraYeomans,https://www.flickr.com/people/yeomans/,Mouse Opossum,https://www.flickr.com/photos/yeomans/475581837,https://creativecommons.org/licenses/by/2.0/
f7fea5f364e984c0,banana,Joel Penner,https://www.flickr.com/people/featheredtar/,Fruits of the Republic,https://www.flickr.com/photos/featheredtar/2304915163,https://creativecommons.org/licenses/by/2.0/
7b4c9a7760c55a0c,banana,Tetsuji Koyama,https://www.flickr.com/people/koyhoge/,焼きバナナ仕込み中。,https://www.flickr.com/photos/koyhoge/15281462780,https://creativecommons.org/licenses/by/2.0/
3accf7a985ed31e1,banana,Paul Irish,https://www.flickr.com/people/paul_irish/,chiquita's napoleon complex,https://www.flickr.com/photos/paul_irish/5855471709/,https://creativecommons.org/licenses/by/2.0/
fe8cfb3c4edac94e,banana,Kate,https://www.flickr.com/people/blueberryfiles/,Munjoy Hill Superette open!,https://www.flickr.com/photos/blueberryfiles/14364304548,https://creativecommons.org/licenses/by/2.0/
486b803aab892883,banana,Peter Corbett,https://www.flickr.com/people/ptc24/,A First Try,https://www.flickr.com/photos/ptc24/6622062243,https://creativecommons.org/licenses/by/2.0/
da3235cd7afa51f7,banana,dominik18s,https://www.flickr.com/people/55571726@N05/,ripe bananas,https://www.flickr.com/photos/55571726@N05/7825460058,https://creativecommons.org/licenses/by/2.0/
a51aa0e1b80684ee,tomato,KateMonkey,https://www.flickr.com/people/katemonkey/,Baby tomatoes,https://www.flickr.com/photos/katemonkey/4836941565,https://creativecommons.org/licenses/by/2.0/
c52b28d51a0c45b9,tomato,Sarah,https://www.flickr.com/people/dichohecho/,Tomatoes,https://www.flickr.com/photos/dichohecho/3810703121,https://creativecommons.org/licenses/by/2.0/
060a5c7a635b8018,tomato,www.bluewaikiki.com,https://www.flickr.com/people/lfl/,vine ripened tomatoes,https://www.flickr.com/photos/lfl/3606304866,https://creativecommons.org/licenses/by/2.0/
93099617e29eb860,tomato,Peter Werkman (www.peterwerkman.nl),https://www.flickr.com/people/werkman/,Tomato,https://www.flickr.com/photos/werkman/7376268472,https://creativecommons.org/licenses/by/2.0/
2d7f5b9baff2efd5,tomato,Aleksi Pihkanen,https://www.flickr.com/people/aleksipihkanen/,Riga market,https://www.flickr.com/photos/aleksipihkanen/4703962956,https://creativecommons.org/licenses/by/2.0/
37a09538310ee68b,tomato,Christina Xu,https://www.flickr.com/people/crimsonninjagirl/,IMG_1641.jpg,https://www.flickr.com/photos/crimsonninjagirl/7848107968,https://creativecommons.org/licenses/by/2.0/
470daaa9e75ba977,tomato,Creative Tools,https://www.flickr.com/people/creative_tools/,CreativeTools.se - PackshotCreator - Crackers,https://www.flickr.com/photos/creative_tools/4293230485,https://creativecommons.org/licenses/by/2.0/
aaf16cba2aaf8001,tomato,oliver.dodd,https://www.flickr.com/people/oliverdodd/,Helicoverpa zea - tomato fruitworm,https://www.flickr.com/photos/oliverdodd/2599619583,https://creativecommons.org/licenses/by/2.0/
77b7d7734f982802,tomato,Mary Slater,https://www.flickr.com/people/112130832@N04/,green-big-boy-tomatoes,https://www.flickr.com/photos/112130832@N04/11502749036,https://creativecommons.org/licenses/by/2.0/
ed97c7dc9fecc35f,tomato,Andrew Ratto,https://www.flickr.com/people/andydr/,IMG_0572,https://www.flickr.com/photos/andydr/3599889673,https://creativecommons.org/licenses/by/2.0/
2200c0f6c9395b06,tomato,McKay Savage,https://www.flickr.com/people/mckaysavage/,India - Koyambedu Market - Tomatoes 06,https://www.flickr.com/photos/mckaysavage/3986306253,https://creativecommons.org/licenses/by/2.0/
5a7a7e610a63e71c,tomato,normanack,https://www.flickr.com/people/29278394@N00/,tomato closeup,https://www.flickr.com/photos/29278394@N00/5072495914,https://creativecommons.org/licenses/by/2.0/
ac43d5cf358c4194,tomato,Dmitry Barsky,https://www.flickr.com/people/dbarsky/,nice tomato,https://www.flickr.com/photos/dbarsky/513355482,https://creativecommons.org/licenses/by/2.0/
4bfc2b44808d6401,tomato,Market Manager,https://www.flickr.com/people/37884983@N03/,Roma Tomatoes,https://www.flickr.com/photos/37884983@N03/3816942238,https://creativecommons.org/licenses/by/2.0/
9cc4388ac71d8e9e,tomato,Frann Leach,https://www.flickr.com/people/tiggsy/,Vegetable-Container-Garden,https://www.flickr.com/photos/tiggsy/6005573866,https://creativecommons.org/licenses/by/2.0/
4d216474d8884c6b,tomato,Brian,https://www.flickr.com/people/commorancy/,Red Berries,https://www.flickr.com/photos/commorancy/529475948,https://creativecommons.org/licenses/by/2.0/
d6b93a9b9b0beba2,tomato,Chris Baird,https://www.flickr.com/people/chris_j_b/,Preserved-dried Habanero,https://www.flickr.com/photos/chris_j_b/15850790603,https://creativecommons.org/licenses/by/2.0/
3b3526c6650f0713,tomato,nociveglia,https://www.flickr.com/people/40385177@N07/,pomodori confit,https://www.flickr.com/photos/40385177@N07/6097641316,https://creativecommons.org/licenses/by/2.0/
195c7ce7657700ec,tomato,nino rocha,https://www.flickr.com/people/nino_rocha/,Nino Rocha Fotografia,https://www.flickr.com/photos/nino_rocha/15280524132,https://creativecommons.org/licenses/by/2.0/
cd77ea350804259e,tomato,Martin Pool,https://www.flickr.com/people/mbp_/,orangey goodness,https://www.flickr.com/photos/mbp_/2086870503,https://creativecommons.org/licenses/by/2.0/
ffc7ea5a56df9b48,tomato,thebittenword.com,https://www.flickr.com/people/galant/,Clagett Farm CSA 2008 Week 13,https://www.flickr.com/photos/galant/2871827787,https://creativecommons.org/licenses/by/2.0/
9af98d08518a1bd9,tomato,kinwart,https://www.flickr.com/people/lindatrawnik/,t,https://www.flickr.com/photos/lindatrawnik/4957657895,https://creativecommons.org/licenses/by/2.0/
84fe34ab2e422c6c,tomato,Dwight Sipler,https://www.flickr.com/people/photofarmer/,Sun Gold Tomatoes,https://www.flickr.com/photos/photofarmer/4866993719,https://creativecommons.org/licenses/by/2.0/
e196bbb7071a23ab,tomato,Isabel  Eyre,https://www.flickr.com/people/54912928@N06/,homegrown heritage tomatoes,https://www.flickr.com/photos/54912928@N06/5087118639,https://creativecommons.org/licenses/by/2.0/
c94cc9a5d798c64a,tomato,Lydiaa_14,https://www.flickr.com/people/lydiaa_14/,img014,https://www.flickr.com/photos/lydiaa_14/6795049337,https://creativecommons.org/licenses/by/2.0/
3df22c09e5f130eb,tomato,Wagner T. Cassimiro &quot;Aranha&quot;,https://www.flickr.com/people/wagnertc/,Vegetables,https://www.flickr.com/photos/wagnertc/3953660761,https://creativecommons.org/licenses/by/2.0/
5ee13369de70a15f,tomato,vicki moore,https://www.flickr.com/people/vickimoore/,Beresford Community Garden,https://www.flickr.com/photos/vickimoore/5018874708,https://creativecommons.org/licenses/by/2.0/
8dd5eacb05c48c52,tomato,Yvonne Esperanza,https://www.flickr.com/people/yvonsita/,Been waiting for these Persimmons to get ripe so I can make some Persimmon bread. #ripe #persimmons #yummy #bread #fruit,https://www.flickr.com/photos/yvonsita/15266289104,https://creativecommons.org/licenses/by/2.0/
d35ea76c4b1c162b,tomato,Amy Lenzo,https://www.flickr.com/people/amylenzo/,tomatoes,https://www.flickr.com/photos/amylenzo/223677733/,https://creativecommons.org/licenses/by/2.0/
1d5bcf54f6b3c632,tomato,Houston Foodie,https://www.flickr.com/people/houstonfoodie/,San Marzano tomatoes on the vine,https://www.flickr.com/photos/houstonfoodie/6174972795,https://creativecommons.org/licenses/by/2.0/
edad267ac08029c6,tomato,Jessica Spengler,https://www.flickr.com/people/wordridden/,Florida farmer's market food,https://www.flickr.com/photos/wordridden/44906812,https://creativecommons.org/licenses/by/2.0/
8a1a6f0951f6661e,tomato,Laura Hadden,https://www.flickr.com/people/raucousrage/,UN_DR_Congo-003,https://www.flickr.com/photos/raucousrage/8107134290,https://creativecommons.org/licenses/by/2.0/
baa4a7d0b589d966,tomato,Clyde Robinson,https://www.flickr.com/people/crobj/,Cherry Tomatoes,https://www.flickr.com/photos/crobj/3392518534,https://creativecommons.org/licenses/by/2.0/
a599dc7cb466a2f0,tomato,CasalMALY,https://www.flickr.com/people/casalmaly/,Agricultura - Urubici/SC - IMG_1573_LR,https://www.flickr.com/photos/casalmaly/3254907623,https://creativecommons.org/licenses/by/2.0/
0731fcf20f5aceea,tomato,Matthew Hutchinson,https://www.flickr.com/people/hiddenloop/,"Fruit Market, Plaza de San Miguel",https://www.flickr.com/photos/hiddenloop/4744110990,https://creativecommons.org/licenses/by/2.0/
48f7f9971bd76715,tomato,Stephanie,https://www.flickr.com/people/sbogdanich/,orange eggplants,https://www.flickr.com/photos/sbogdanich/14594342429,https://creativecommons.org/licenses/by/2.0/
37e9724c54e603f6,tomato,mykhal,https://www.flickr.com/people/mykhal/,premature sprouting,https://www.flickr.com/photos/mykhal/3284816735,https://creativecommons.org/licenses/by/2.0/
96421afa9de878d5,tomato,Rhian,https://www.flickr.com/people/rhian/,Tomatoes,https://www.flickr.com/photos/rhian/6970690672,https://creativecommons.org/licenses/by/2.0/
81fbd90add0b8df9,tomato,Donald Lee Pardue,https://www.flickr.com/people/oldrebel/,'Maters,https://www.flickr.com/photos/oldrebel/7382445546,https://creativecommons.org/licenses/by/2.0/
e664351778cdf071,tomato,Rev Stan,https://www.flickr.com/people/revstan/,Tomatoes,https://www.flickr.com/photos/revstan/3452605578,https://creativecommons.org/licenses/by/2.0/
4c27f434f977b041,tomato,Courtney Rhodes,https://www.flickr.com/people/pumpkincat210/,new tomato,https://www.flickr.com/photos/pumpkincat210/5749484044,https://creativecommons.org/licenses/by/2.0/
65704c91dceb79e2,tomato,Mayda Sanchez-Shingler,https://www.flickr.com/people/maydaohio/,IMG_0023,https://www.flickr.com/photos/maydaohio/8064217445,https://creativecommons.org/licenses/by/2.0/
4c35a054de2172af,tomato,Robert Couse-Baker,https://www.flickr.com/people/29233640@N07/,tomatos,https://www.flickr.com/photos/29233640@N07/4061087393,https://creativecommons.org/licenses/by/2.0/
520ba83e08c2e365,tomato,Timothy Vollmer,https://www.flickr.com/people/sixteenmilesofstring/,sungold tomatoes at dupont farmer's market,https://www.flickr.com/photos/sixteenmilesofstring/2706457081,https://creativecommons.org/licenses/by/2.0/
e7bb75b82264f63b,tomato,Leogirly4life,https://www.flickr.com/people/sugarpuss4ever/,IMG_1568,https://www.flickr.com/photos/sugarpuss4ever/15750667832,https://creativecommons.org/licenses/by/2.0/
1cc9ed5b9291cd4b,tomato,Daniel Sancho,https://www.flickr.com/people/teclasorg/,Frutos de drago,https://www.flickr.com/photos/teclasorg/5576499983,https://creativecommons.org/licenses/by/2.0/
dc7bc85fb3d266be,tomato,THOR,https://www.flickr.com/people/geishaboy500/,Italian Vine Tomatoes,https://www.flickr.com/photos/geishaboy500/3026014294,https://creativecommons.org/licenses/by/2.0/
a29c7f1d49f34b3a,tomato,Gabriel Flores Romero,https://www.flickr.com/people/gabofr/,Cosecha de tomates,https://www.flickr.com/photos/gabofr/1337190040,https://creativecommons.org/licenses/by/2.0/
a1453b71ca9d7300,tomato,Paul Joseph,https://www.flickr.com/people/sashafatcat/,09-jul-05,https://www.flickr.com/photos/sashafatcat/3719921636,https://creativecommons.org/licenses/by/2.0/
d4d0ed77f75af8e1,tomato,Sheri Terris,https://www.flickr.com/people/crestedcrazy/,A Nosey Tomato,https://www.flickr.com/photos/crestedcrazy/140352454,https://creativecommons.org/licenses/by/2.0/
47fe6b62d8d80a18,tomato,Alan Levine,https://www.flickr.com/people/cogdog/,The Tomatoes Are Coming! The Tomatoes Are Coming!,https://www.flickr.com/photos/cogdog/8036168412,https://creativecommons.org/licenses/by/2.0/
36a27300d604a6c1,tomato,Crystal,https://www.flickr.com/people/crystalflickr/,red green red green,https://www.flickr.com/photos/crystalflickr/234357952,https://creativecommons.org/licenses/by/2.0/
09691b103ab4a0b7,tomato,Mike Licht,https://www.flickr.com/people/notionscapital/,Green Zebra Tomatoes,https://www.flickr.com/photos/notionscapital/20427311959,https://creativecommons.org/licenses/by/2.0/
46bcf3d0493121d7,tomato,Emilian Robert Vicol,https://www.flickr.com/people/free-stock/,Morello Cherry,https://www.flickr.com/photos/free-stock/4792554810,https://creativecommons.org/licenses/by/2.0/
03e750c74758d46b,tomato,michael elliott,https://www.flickr.com/people/64818684@N00/,tomatoes,https://www.flickr.com/photos/64818684@N00/910857047,https://creativecommons.org/licenses/by/2.0/
441590d90e618cfb,tomato,tkaige,https://www.flickr.com/people/tkaige/,サクランボを大量に収穫なう。まだまだなってます。鳥にも食べてもらわないと、全部食べるのは不可能。,https://www.flickr.com/photos/tkaige/5741254689,https://creativecommons.org/licenses/by/2.0/
f57b809aef557b68,tomato,OakleyOriginals,https://www.flickr.com/people/oakleyoriginals/,Cherry Tomatoes,https://www.flickr.com/photos/oakleyoriginals/3782406876,https://creativecommons.org/licenses/by/2.0/
e6e470345d136fc5,tomato,Geoffrey Franklin,https://www.flickr.com/people/47514124@N02/,Silver lining to this hot spell= super sweet cherry tomatoes.,https://www.flickr.com/photos/47514124@N02/20487380302,https://creativecommons.org/licenses/by/2.0/
9ff3df2c8e2bf0c1,tomato,F Delventhal,https://www.flickr.com/people/krossbow/,Clagett Farm Dr. Wyes Cucumbers,https://www.flickr.com/photos/krossbow/5944719078,https://creativecommons.org/licenses/by/2.0/
d0004c347a682527,tomato,Yellow Green Farmers Market,https://www.flickr.com/people/ygfarmersmarket/,P1140641,https://www.flickr.com/photos/ygfarmersmarket/16233934459,https://creativecommons.org/licenses/by/2.0/
6bae79b26591cdbc,tomato,Mike Licht,https://www.flickr.com/people/notionscapital/,Tomatoes,https://www.flickr.com/photos/notionscapital/8733518016,https://creativecommons.org/licenses/by/2.0/
8fc3c25fb2120b39,tomato,Bill Smith,https://www.flickr.com/people/byzantiumbooks/,tomatoes,https://www.flickr.com/photos/byzantiumbooks/14750549937,https://creativecommons.org/licenses/by/2.0/
e7202e37178d1630,tomato,cbertel,https://www.flickr.com/people/cbertel/,Tomatoes Cherry-Size,https://www.flickr.com/photos/cbertel/2843812475,https://creativecommons.org/licenses/by/2.0/
ed849eff316431d8,tomato,Richard North,https://www.flickr.com/people/richardnorth/,Lone tomato,https://www.flickr.com/photos/richardnorth/6891102604,https://creativecommons.org/licenses/by/2.0/
7856ef4679862964,tomato,Tim Pierce,https://www.flickr.com/people/qwrrty/,40!,https://www.flickr.com/photos/qwrrty/5545306854,https://creativecommons.org/licenses/by/2.0/
0e0924847072dd90,tomato,F_A,https://www.flickr.com/people/seelensturm/,tomatoes,https://www.flickr.com/photos/seelensturm/7887690050,https://creativecommons.org/licenses/by/2.0/
d8b5893f802d4079,tomato,Merrill Johnson,https://www.flickr.com/people/greatbasinnatives/,Polish Linguisa,https://www.flickr.com/photos/greatbasinnatives/6152949448,https://creativecommons.org/licenses/by/2.0/
11679385f83601c4,tomato,mazaletel,https://www.flickr.com/people/meg-z/,harvest for dinner. early summer grilled green tomato sandwiches with nasturtium blooms.,https://www.flickr.com/photos/meg-z/14355857145/,https://creativecommons.org/licenses/by/2.0/
76ad2323dfe0d9f0,tomato,Jennie Robinson Faber,https://www.flickr.com/people/jenniewoo/,Eric's Baby's Bones homebrew,https://www.flickr.com/photos/jenniewoo/6566139379,https://creativecommons.org/licenses/by/2.0/
8a995514a100f3f4,tomato,Michael Bentley,https://www.flickr.com/people/donhomer/,Growing in the Garden,https://www.flickr.com/photos/donhomer/14651724003,https://creativecommons.org/licenses/by/2.0/
2651d3878b463270,tomato,FoodBankCENC.org,https://www.flickr.com/people/foodbankcenc/,Fresh Food Friday: Tomatoes,https://www.flickr.com/photos/foodbankcenc/16702724477,https://creativecommons.org/licenses/by/2.0/
77ed634e2f554410,tomato,Paul Chiorean,https://www.flickr.com/people/brinzei/,Frozen,https://www.flickr.com/photos/brinzei/6071016929,https://creativecommons.org/licenses/by/2.0/
733c38ede9b83248,tomato,www.homejobsbymom.com,https://www.flickr.com/people/76588981@N02/,IMG_3409,https://www.flickr.com/photos/76588981@N02/10160856096,https://creativecommons.org/licenses/by/2.0/
b05c738c595a0f28,tomato,Audrey,https://www.flickr.com/people/audreyjm529/,Tomato Straight Off The Vine,https://www.flickr.com/photos/audreyjm529/225570639,https://creativecommons.org/licenses/by/2.0/
91108099cbddcbbd,tomato,rodney chow,https://www.flickr.com/people/rodneychow/,tomatos,https://www.flickr.com/photos/rodneychow/1790645044,https://creativecommons.org/licenses/by/2.0/
8e436d09d92e4e15,tomato,Charles Hutchins,https://www.flickr.com/people/celesteh/,Tomatoes,https://www.flickr.com/photos/celesteh/4185600178,https://creativecommons.org/licenses/by/2.0/
46fc6f82f35c0636,tomato,Steven Depolo,https://www.flickr.com/people/stevendepolo/,Rabbit Ate Garden Tomato,https://www.flickr.com/photos/stevendepolo/10028411083,https://creativecommons.org/licenses/by/2.0/
919b058e4ca971b2,tomato,dollen,https://www.flickr.com/people/dollen/,Pear tomatoes coming in!,https://www.flickr.com/photos/dollen/8289003110,https://creativecommons.org/licenses/by/2.0/
cab9aa83cfeef70f,tomato,Andy Jarrett,https://www.flickr.com/people/andyjarrett/,Breakfast and salads sorted for a little while #homegrown #tomatoes #fresh,https://www.flickr.com/photos/andyjarrett/9587143976,https://creativecommons.org/licenses/by/2.0/
896a3872e7fdf30c,tomato,VasenkaPhotography,https://www.flickr.com/people/vasenka/,Ann Arbor KerryTown Farmers Market,https://www.flickr.com/photos/vasenka/17198370315,https://creativecommons.org/licenses/by/2.0/
ab2d443353de3352,tomato,Zoha Nve,https://www.flickr.com/people/benetton/,Colors Of Fall,https://www.flickr.com/photos/benetton/3011004628,https://creativecommons.org/licenses/by/2.0/
ae881201ce9bb077,tomato,Shanthe,https://www.flickr.com/people/79707419@N08/,The lonely tomato,https://www.flickr.com/photos/79707419@N08/7417564414,https://creativecommons.org/licenses/by/2.0/
433c3b71b4b304aa,tomato,nicholei.,https://www.flickr.com/people/nicholei/,tomatoes,https://www.flickr.com/photos/nicholei/135408399/,https://creativecommons.org/licenses/by/2.0/
f0bf9697b4f0ebad,tomato,George M. Groutas,https://www.flickr.com/people/jorge-11/,Tomatoes,https://www.flickr.com/photos/jorge-11/5118423106,https://creativecommons.org/licenses/by/2.0/
262cdcfab4e71bbc,tomato,Stacy Spensley,https://www.flickr.com/people/notahipster/,Cherry tomatoes,https://www.flickr.com/photos/notahipster/2634965155,https://creativecommons.org/licenses/by/2.0/
b063a4adfcdf0e73,tomato,Dave&#x27;s Gourmet,https://www.flickr.com/people/78560516@N07/,Dave's Gourmet Organic Red Heirloom on Black,https://www.flickr.com/photos/78560516@N07/7198448280,https://creativecommons.org/licenses/by/2.0/
94c720337f0aeab7,tomato,jean-louis Zimmermann,https://www.flickr.com/people/jeanlouis_zimmermann/,"marché du jeudi (ORANGE,FR84)",https://www.flickr.com/photos/jeanlouis_zimmermann/2699788818,https://creativecommons.org/licenses/by/2.0/
7ca7184acece03b8,tomato,Kate Ter Haar,https://www.flickr.com/people/katerha/,T-rex Sighted in the Grocery Store,https://www.flickr.com/photos/katerha/6062082896,https://creativecommons.org/licenses/by/2.0/
9dd67c6c23ec3f24,tomato,Garry Knight,https://www.flickr.com/people/garryknight/,Tomatoes,https://www.flickr.com/photos/garryknight/5657971538/,https://creativecommons.org/licenses/by/2.0/
d99666326b3a4765,tomato,Post Memes,https://www.flickr.com/people/postmemes/,For Vegetable Lovers In Love .,https://www.flickr.com/photos/postmemes/14966699824,https://creativecommons.org/licenses/by/2.0/
421ce9fde8fd6ca9,tomato,"Eden, Janine and Jim",https://www.flickr.com/people/edenpictures/,Jersey Tomatoes,https://www.flickr.com/photos/edenpictures/11279110123,https://creativecommons.org/licenses/by/2.0/
66dd06ac6e0e521d,tomato,Kristine Riskær,https://www.flickr.com/people/23339804@N00/,"Tomatoes, Tel aviv 2013",https://www.flickr.com/photos/23339804@N00/14164240016,https://creativecommons.org/licenses/by/2.0/
fbe55396b431d5d8,tomato,Thomas Kohler,https://www.flickr.com/people/mecklenburg/,Beere Eberesche,https://www.flickr.com/photos/mecklenburg/8598922354,https://creativecommons.org/licenses/by/2.0/
df183e9210471a67,tomato,David Santaolalla,https://www.flickr.com/people/santaolalla/,Toma-tres,https://www.flickr.com/photos/santaolalla/6777241443,https://creativecommons.org/licenses/by/2.0/
038ceabd120be540,tomato,16:9clue,https://www.flickr.com/people/53255320@N07/,Tomatoes,https://www.flickr.com/photos/53255320@N07/6766651647,https://creativecommons.org/licenses/by/2.0/
dcd502baf8642a22,tomato,glenngould,https://www.flickr.com/people/for_tea_too/,"Very flavorful, unlike what's in the supermarket",https://www.flickr.com/photos/for_tea_too/15322910280,https://creativecommons.org/licenses/by/2.0/
f63e781e29a453b7,tomato,Karyn Christner,https://www.flickr.com/people/toofarnorth/,Pike Place Market - Seattle,https://www.flickr.com/photos/toofarnorth/178206197,https://creativecommons.org/licenses/by/2.0/
0b6bc340ac9b92f6,tomato,Geoff Penaluna,https://www.flickr.com/people/36199303@N04/,Tomatoes,https://www.flickr.com/photos/36199303@N04/3419598687,https://creativecommons.org/licenses/by/2.0/
523f0648efe03dc9,tomato,Bob Doran,https://www.flickr.com/people/humblog/,cherries,https://www.flickr.com/photos/humblog/7383960192,https://creativecommons.org/licenses/by/2.0/
e55831b8154c6742,tomato,C.P.Storm,https://www.flickr.com/people/cpstorm/,Cherry Tomatoes - Fruit or Vegetable....,https://www.flickr.com/photos/cpstorm/356539967,https://creativecommons.org/licenses/by/2.0/
6e7901b1547428e7,tomato,Kanko*,https://www.flickr.com/people/kankan/,persimmon / 柿,https://www.flickr.com/photos/kankan/42813626,https://creativecommons.org/licenses/by/2.0/
f433d7193b27e4bb,tomato,Anna,https://www.flickr.com/people/katja-london/,Solanum muricatum,https://www.flickr.com/photos/katja-london/1119013227,https://creativecommons.org/licenses/by/2.0/
573d59c33d4f578d,tomato,Logan Ingalls,https://www.flickr.com/people/plutor/,Tomatoes,https://www.flickr.com/photos/plutor/79504357/,https://creativecommons.org/licenses/by/2.0/
27f62f737f8fae57,tomato,Nacho,https://www.flickr.com/people/gonmi/,Tomates,https://www.flickr.com/photos/gonmi/7528861464,https://creativecommons.org/licenses/by/2.0/
39f74a6be949d614,tomato,Natalia Rivera,https://www.flickr.com/people/96952704@N00/,El ataque de los tomates asesinos,https://www.flickr.com/photos/96952704@N00/167535826,https://creativecommons.org/licenses/by/2.0/
a67ccd121ebacf7f,tomato,brankomaster,https://www.flickr.com/people/brankomaster/,tomatoes,https://www.flickr.com/photos/brankomaster/3465991067,https://creativecommons.org/licenses/by/2.0/
1282fabbdc01f0d6,tomato,Jonas Nordström,https://www.flickr.com/people/windyjonas/,Grönsaker är också godis,https://www.flickr.com/photos/windyjonas/9508570759,https://creativecommons.org/licenses/by/2.0/
03cb5e805048af5f,tomato,Market Manager,https://www.flickr.com/people/37884983@N03/,Tomatoes,https://www.flickr.com/photos/37884983@N03/3745074464,https://creativecommons.org/licenses/by/2.0/
bf2f4fe8b482d40d,tomato,Holley  Gerth,https://www.flickr.com/people/holley_gerth/,Abundance by Holley Gerth,https://www.flickr.com/photos/holley_gerth/8430220565,https://creativecommons.org/licenses/by/2.0/
7a7e67336de3f969,tomato,Amy G,https://www.flickr.com/people/apple_pathways/,IMG_0297,https://www.flickr.com/photos/apple_pathways/18028062548,https://creativecommons.org/licenses/by/2.0/
9338ef15df611769,tomato,Marilyn Roxie,https://www.flickr.com/people/moonierocks/,Strawberry/CDs,https://www.flickr.com/photos/moonierocks/2552591993,https://creativecommons.org/licenses/by/2.0/
09b616a35758e42c,tomato,anneheathen,https://www.flickr.com/people/annethelibrarian/,freshly picked tomatoes,https://www.flickr.com/photos/annethelibrarian/6114140066,https://creativecommons.org/licenses/by/2.0/
17ad9db6f1c6e467,tomato,Damian Gadal,https://www.flickr.com/people/23024164@N06/,Sauce Fixings,https://www.flickr.com/photos/23024164@N06/8552550607,https://creativecommons.org/licenses/by/2.0/
7aeb9efe8f958548,tomato,Samantha Forsberg,https://www.flickr.com/people/74444001@N00/,tomatoes,https://www.flickr.com/photos/74444001@N00/12042459696/,https://creativecommons.org/licenses/by/2.0/
c067f9f409ae9ab2,tomato,ilovebutter,https://www.flickr.com/people/jdickert/,Striped German,https://www.flickr.com/photos/jdickert/1426617464,https://creativecommons.org/licenses/by/2.0/
ef6d4a155ae3285e,tomato,Darya Pino,https://www.flickr.com/people/summertomato/,Deceptive Tomatoes,https://www.flickr.com/photos/summertomato/4402446730,https://creativecommons.org/licenses/by/2.0/
e69c4f1e774ee500,tomato,Teresa Boardman,https://www.flickr.com/people/tboard/,Cherry Tomato,https://www.flickr.com/photos/tboard/2764488954,https://creativecommons.org/licenses/by/2.0/
604835415b761f30,tomato,Christopher Paquette,https://www.flickr.com/people/chpaquette/,Howard German,https://www.flickr.com/photos/chpaquette/3845451571,https://creativecommons.org/licenses/by/2.0/
0e1dc727f421684f,tomato,Keith McDuffee,https://www.flickr.com/people/gudlyf/,plum tomatoes,https://www.flickr.com/photos/gudlyf/3657333116,https://creativecommons.org/licenses/by/2.0/
cec3a3357b514287,tomato,Scot Nelson,https://www.flickr.com/people/scotnelson/,Tomato: Bird-feeding injury,https://www.flickr.com/photos/scotnelson/16602689331,https://creativecommons.org/licenses/by/2.0/
c2c19fdbd95c049e,tomato,Robert Couse-Baker,https://www.flickr.com/people/29233640@N07/,cherry tomatos,https://www.flickr.com/photos/29233640@N07/7909885092,https://creativecommons.org/licenses/by/2.0/
3a917c21e2f064ea,tomato,Brad Greenlee,https://www.flickr.com/people/bgreenlee/,Persimmons,https://www.flickr.com/photos/bgreenlee/3091232536,https://creativecommons.org/licenses/by/2.0/
6890f4a2ac0179a0,tomato,Garry Knight,https://www.flickr.com/people/garryknight/,Tom Toms,https://www.flickr.com/photos/garryknight/7184396164,https://creativecommons.org/licenses/by/2.0/
db23d4fc21cfdcbe,tomato,Phoebe Baker,https://www.flickr.com/people/phoebe_photo/,Tomatos,https://www.flickr.com/photos/phoebe_photo/5338601428,https://creativecommons.org/licenses/by/2.0/
2d833e8ce216aa87,tomato,brett jordan,https://www.flickr.com/people/x1brett/,Ripe (1 of 2),https://www.flickr.com/photos/x1brett/6393520569,https://creativecommons.org/licenses/by/2.0/
ffe1d00be52c3142,tomato,Jose Luis Cernadas Iglesias,https://www.flickr.com/people/jlcernadas/,1239-Tomates,https://www.flickr.com/photos/jlcernadas/4548307485,https://creativecommons.org/licenses/by/2.0/
418cdb0197426a92,tomato,Jeena Paradies,https://www.flickr.com/people/jeena/,Gelbe Tomaten,https://www.flickr.com/photos/jeena/2735055566,https://creativecommons.org/licenses/by/2.0/
c54775badfb46cbc,tomato,Hans Westbeek,https://www.flickr.com/people/hans-westbeek/,Tomatoes,https://www.flickr.com/photos/hans-westbeek/5591933834,https://creativecommons.org/licenses/by/2.0/
f2a15e386d9a005b,tomato,FOODLANDER,https://www.flickr.com/people/124222897@N06/,Seeking #food #bloggers. Got what it takes? Contact: annette@foodlander.com #foodchat #farmersmarket #aspen,https://www.flickr.com/photos/124222897@N06/14495501343,https://creativecommons.org/licenses/by/2.0/
51389a33f0919915,tomato,whologwhy,https://www.flickr.com/people/hulagway/,WILD EGGPLANT,https://www.flickr.com/photos/hulagway/5322693484,https://creativecommons.org/licenses/by/2.0/
72f0f7f4706d7136,tomato,woodleywonderworks,https://www.flickr.com/people/wwworks/,ripening tomato,https://www.flickr.com/photos/wwworks/2878220728,https://creativecommons.org/licenses/by/2.0/
3789e59d8d724c8b,tomato,AKZOphoto,https://www.flickr.com/people/akzo/,Tomato Vine,https://www.flickr.com/photos/akzo/4918103764,https://creativecommons.org/licenses/by/2.0/
98da67bdeb23a443,tomato,emerson12,https://www.flickr.com/people/emerson12/,tomatoes in our garden,https://www.flickr.com/photos/emerson12/3918199534,https://creativecommons.org/licenses/by/2.0/
b1d644b79da5e81e,tomato,Tony Austin,https://www.flickr.com/people/tonyaustin/,Tomatoes,https://www.flickr.com/photos/tonyaustin/5145408816,https://creativecommons.org/licenses/by/2.0/
1a517af38a1d854d,tomato,Shreveport-Bossier Convention and Tourist Bureau,https://www.flickr.com/people/shreveportbossier/,Shreveport Farmers' Market,https://www.flickr.com/photos/shreveportbossier/5877898468,https://creativecommons.org/licenses/by/2.0/
33baac92ced9d671,tomato,Stuart Webster,https://www.flickr.com/people/stuartwebster/,Tomatoes,https://www.flickr.com/photos/stuartwebster/5666518752,https://creativecommons.org/licenses/by/2.0/
18f0e6d3ba429447,tomato,cbertel,https://www.flickr.com/people/cbertel/,Cherry Tomatoes Green,https://www.flickr.com/photos/cbertel/2823586820,https://creativecommons.org/licenses/by/2.0/
cfc4f905cc5cb360,tomato,CasalMALY,https://www.flickr.com/people/casalmaly/,Agricultura - Urubici/SC - IMG_0901,https://www.flickr.com/photos/casalmaly/3255733780,https://creativecommons.org/licenses/by/2.0/
b94832f8f2964056,tomato,Beyond Forgetting,https://www.flickr.com/people/bren/,Fuyu/O'Gosho,https://www.flickr.com/photos/bren/67453099,https://creativecommons.org/licenses/by/2.0/
bfbe4ba9763885b2,tomato,Grant Barrett,https://www.flickr.com/people/grantbarrett/,IMG1081,https://www.flickr.com/photos/grantbarrett/7382419506,https://creativecommons.org/licenses/by/2.0/
9f06a64f03634baa,tomato,Wichita Renewable Energy Group,https://www.flickr.com/people/wichitarenewable/,tomato_cropped,https://www.flickr.com/photos/wichitarenewable/4731620876,https://creativecommons.org/licenses/by/2.0/
c06bb1a900ece2f6,tomato,Ralph Aichinger,https://www.flickr.com/people/sooperkuh/,Erste Ernte,https://www.flickr.com/photos/sooperkuh/10198376055,https://creativecommons.org/licenses/by/2.0/
f1545da78722fece,tomato,Sarah,https://www.flickr.com/people/dichohecho/,Tomatoes,https://www.flickr.com/photos/dichohecho/3811519810,https://creativecommons.org/licenses/by/2.0/
2e48bd682b6a6f62,tomato,Mark,https://www.flickr.com/people/eggrole/,blossom end rot,https://www.flickr.com/photos/eggrole/6011378943,https://creativecommons.org/licenses/by/2.0/
50ce92b8ee1eb0d8,tomato,Dwight Sipler,https://www.flickr.com/people/photofarmer/,Tomatoes,https://www.flickr.com/photos/photofarmer/3891408654/,https://creativecommons.org/licenses/by/2.0/
b27f1918b00501fd,tomato,Thomas Brightbill,https://www.flickr.com/people/thomasbrightbill/,Ripe Tomatoes,https://www.flickr.com/photos/thomasbrightbill/3929895341,https://creativecommons.org/licenses/by/2.0/
f56352006dd85076,tomato,Ivana Sokolović,https://www.flickr.com/people/105392694@N02/,paradajiz,https://www.flickr.com/photos/105392694@N02/13423753934,https://creativecommons.org/licenses/by/2.0/
720251e6760ad003,tomato,Andrew Deacon,https://www.flickr.com/people/aedeacon/,Sun-dried tomatoes,https://www.flickr.com/photos/aedeacon/497503617,https://creativecommons.org/licenses/by/2.0/
d054be790474c582,tomato,RBerteig,https://www.flickr.com/people/rberteig/,Tomatoes,https://www.flickr.com/photos/rberteig/14248233633,https://creativecommons.org/licenses/by/2.0/
f430eeb5482b1d39,tomato,Jim  Lukach,https://www.flickr.com/people/65047661@N00/,early morning tomatoes,https://www.flickr.com/photos/65047661@N00/7801383266,https://creativecommons.org/licenses/by/2.0/
f2e9bf5d680140b0,tomato,Seamus Murray,https://www.flickr.com/people/seamusnyc/,Red Tomatoes,https://www.flickr.com/photos/seamusnyc/5069559655,https://creativecommons.org/licenses/by/2.0/
3b9acab3d81bf5c1,tomato,jammmick,https://www.flickr.com/people/jammmick/,Harrisonburg VA farmers market 4,https://www.flickr.com/photos/jammmick/4954063572,https://creativecommons.org/licenses/by/2.0/
e91607a6d9054fce,tomato,Ravi Sarma,https://www.flickr.com/people/ravisarma/,Brussels 165,https://www.flickr.com/photos/ravisarma/15359082491,https://creativecommons.org/licenses/by/2.0/
5b49ceb6a922957d,tomato,Marc Smith,https://www.flickr.com/people/marc_smith/,Red tomatoes,https://www.flickr.com/photos/marc_smith/3432302161,https://creativecommons.org/licenses/by/2.0/
89b928a5bb903756,onion,Johan Bichel Lindegaard,https://www.flickr.com/people/accidentdesigns/,Onions and green chili,https://www.flickr.com/photos/accidentdesigns/5560910594,https://creativecommons.org/licenses/by/2.0/
cc76a4a0d645fb7d,onion,Scott Veg,https://www.flickr.com/people/thrivingveg/,Oven-Roasted Chestnuts,https://www.flickr.com/photos/thrivingveg/12010924615,https://creativecommons.org/licenses/by/2.0/
c8173f9c740bc21e,onion,far closer,https://www.flickr.com/people/farcloser/,Bunches of our onions,https://www.flickr.com/photos/farcloser/4968680842,https://creativecommons.org/licenses/by/2.0/
6b877c3d20738b20,onion,Heather Cowper,https://www.flickr.com/people/heatheronhertravels/,Home grown onions on Zakynthos,https://www.flickr.com/photos/heatheronhertravels/4229281456,https://creativecommons.org/licenses/by/2.0/
4ad44e987b014e08,onion,Kim MyoungSung,https://www.flickr.com/people/funcrush/,Drying onions,https://www.flickr.com/photos/funcrush/8062306723,https://creativecommons.org/licenses/by/2.0/
f79ea85cf663e98a,onion,OakleyOriginals,https://www.flickr.com/people/oakleyoriginals/,Drying the Onions,https://www.flickr.com/photos/oakleyoriginals/9098024774,https://creativecommons.org/licenses/by/2.0/
b8a960aab31bc06f,onion,Filiberto Strazzari,https://www.flickr.com/people/filiberto74/,IMG_0668.jpg,https://www.flickr.com/photos/filiberto74/6317975995,https://creativecommons.org/licenses/by/2.0/
068ae45a7078d042,onion,Anders Palovaara,https://www.flickr.com/people/borevagen/,Onions,https://www.flickr.com/photos/borevagen/3316755125,https://creativecommons.org/licenses/by/2.0/
a5f7a307cd51cb2a,onion,Masahiro Ihara,https://www.flickr.com/people/forever5yearsold/,img_0086,https://www.flickr.com/photos/forever5yearsold/275101395,https://creativecommons.org/licenses/by/2.0/
f5dde25379ae3d9d,onion,Plum leaves,https://www.flickr.com/people/eoskins/,Mary Ann Currier ‘Onions and Tomato’ (detail)1984. Oil pastel on mat board,https://www.flickr.com/photos/eoskins/8234475573,https://creativecommons.org/licenses/by/2.0/
693006f7e4168052,onion,Kevin Gong,https://www.flickr.com/people/kevinmgong/,7.2-07,https://www.flickr.com/photos/8802742@N02/5611577406,https://creativecommons.org/licenses/by/2.0/
7463c3e770a9b28a,onion,Frederick Lang Jr.,https://www.flickr.com/people/44156646@N06/,Onions Drying,https://www.flickr.com/photos/44156646@N06/7384460966/,https://creativecommons.org/licenses/by/2.0/
458aac775f79938a,onion,Rosmarie Voegtli,https://www.flickr.com/people/rvoegtli/,layers,https://www.flickr.com/photos/rvoegtli/5688343678,https://creativecommons.org/licenses/by/2.0/
ed7ddad839294b57,onion,John Loo,https://www.flickr.com/people/johnloo/,Fish,https://www.flickr.com/photos/johnloo/3532403941,https://creativecommons.org/licenses/by/2.0/
32e4cc36013d7395,onion,Tami Seymour,https://www.flickr.com/people/tamiseymour/,onions,https://www.flickr.com/photos/tamiseymour/14499511460,https://creativecommons.org/licenses/by/2.0/
c5049ce43a1ae976,onion,slgckgc,https://www.flickr.com/people/slgc/,Blooming Onion,https://www.flickr.com/photos/slgc/6791013116,https://creativecommons.org/licenses/by/2.0/
8c4dd6a9b3af8ab8,onion,Steven Pisano,https://www.flickr.com/people/stevenpisano/,Brooklyn Street Scenes - Onions at Union Market,https://www.flickr.com/photos/stevenpisano/19386525214,https://creativecommons.org/licenses/by/2.0/
a20e1e75a1a46fa0,onion,Gail,https://www.flickr.com/people/gail_thepinkpeppercorn/,purple onions,https://www.flickr.com/photos/gail_thepinkpeppercorn/3786826761,https://creativecommons.org/licenses/by/2.0/
5481cb2665f4db25,onion,Amanda,https://www.flickr.com/people/spakattacks/,Busch Gardens 017,https://www.flickr.com/photos/spakattacks/267515358/,https://creativecommons.org/licenses/by/2.0/
4cead29294e4a7e1,onion,Rusty Clark - On the Air M-F 8am-noon,https://www.flickr.com/people/rusty_clark/,Bermuda Babe,https://www.flickr.com/photos/rusty_clark/6308951099,https://creativecommons.org/licenses/by/2.0/
f3c1f763014c8fc6,onion,Neeta Lind,https://www.flickr.com/people/neeta_lind/,"Yukon gold potatoes, red onions and purple sweet potatoes",https://www.flickr.com/photos/neeta_lind/12952954334,https://creativecommons.org/licenses/by/2.0/
d2d1f48f08eac030,onion,whologwhy,https://www.flickr.com/people/hulagway/,ONIONS,https://www.flickr.com/photos/hulagway/8312582265,https://creativecommons.org/licenses/by/2.0/
a00fbf239c02600b,onion,Brian Pirie,https://www.flickr.com/people/sensinct/,Onion face,https://www.flickr.com/photos/sensinct/5871438872,https://creativecommons.org/licenses/by/2.0/
934ef049dd0bf53a,onion,mjtmail (tiggy),https://www.flickr.com/people/mjtmail/,040 of 366,https://www.flickr.com/photos/mjtmail/6850909599,https://creativecommons.org/licenses/by/2.0/
8415d6798cda6d41,onion,Emilian Robert Vicol,https://www.flickr.com/people/free-stock/,Green-Onion_72555-480x360,https://www.flickr.com/photos/free-stock/4904477113,https://creativecommons.org/licenses/by/2.0/
ef3b339de454f9e4,onion,Mats Hagwall,https://www.flickr.com/people/hagwall/,Onions In Three Colors,https://www.flickr.com/photos/hagwall/15490758948,https://creativecommons.org/licenses/by/2.0/
491d3142d2c2ad8d,onion,Senado Federal,https://www.flickr.com/people/agenciasenado/,Cebolas,https://www.flickr.com/photos/agenciasenado/15714731157,https://creativecommons.org/licenses/by/2.0/
51d69e83d665c989,onion,yuensolee,https://www.flickr.com/people/9388277@N07/,Hikone,https://www.flickr.com/photos/9388277@N07/2926196727,https://creativecommons.org/licenses/by/2.0/
ed03aab09a3bf373,onion,ilovebutter,https://www.flickr.com/people/jdickert/,Heirloom Garlic,https://www.flickr.com/photos/jdickert/853533816,https://creativecommons.org/licenses/by/2.0/
08c8cb90eb39c217,onion,Jim Linwood,https://www.flickr.com/people/brighton/,Onion Plants In Kew Gardens - London.,https://www.flickr.com/photos/brighton/9383627844,https://creativecommons.org/licenses/by/2.0/
f1891eb5c29d22cd,onion,Mike Haller,https://www.flickr.com/people/mhaller1979/,Zwiebeln,https://www.flickr.com/photos/mhaller1979/4530891451,https://creativecommons.org/licenses/by/2.0/
46636f23253b2e92,onion,rawdonfox,https://www.flickr.com/people/34739556@N04/,Onions Still Life,https://www.flickr.com/photos/34739556@N04/8416135053,https://creativecommons.org/licenses/by/2.0/
44a43759466ab8cf,onion,McKay Savage,https://www.flickr.com/people/mckaysavage/,India - Koyambedu Market - Onions 08,https://www.flickr.com/photos/mckaysavage/3987045248,https://creativecommons.org/licenses/by/2.0/
4e965aac69fd4a98,onion,Market Manager,https://www.flickr.com/people/37884983@N03/,Red Onions,https://www.flickr.com/photos/37884983@N03/3535982781,https://creativecommons.org/licenses/by/2.0/
96453b78d8e335f6,onion,psyberartist,https://www.flickr.com/people/psyberartist/,rhythm of lines and hues,https://www.flickr.com/photos/psyberartist/4048837849,https://creativecommons.org/licenses/by/2.0/
fe2fc6e819756775,onion,Kim,https://www.flickr.com/people/mommyknows/,Easy Chili Con Carne,https://www.flickr.com/photos/mommyknows/8139448842,https://creativecommons.org/licenses/by/2.0/
4b479a572b0888cb,onion,Tess Watson,https://www.flickr.com/people/tessawatson/,Bulbs,https://www.flickr.com/photos/tessawatson/414773938,https://creativecommons.org/licenses/by/2.0/
c070c2d8ec52f162,onion,Jun Seita,https://www.flickr.com/people/jseita/,California Ave Farmers' Market,https://www.flickr.com/photos/jseita/16860177398,https://creativecommons.org/licenses/by/2.0/
d18208fd1bae9f01,onion,Andrew Malone,https://www.flickr.com/people/andrewmalone/,Red Onions,https://www.flickr.com/photos/andrewmalone/2786960788,https://creativecommons.org/licenses/by/2.0/
a51e494544229921,onion,Elias Vincent,https://www.flickr.com/people/125803282@N02/,#funny #lol #lmao #lmfao #TagsForLikes #hilarious #laugh #laughing #tweegram #fun #friends #photooftheday #friend #wacky #crazy #silly #witty #instahappy #joke #jokes #joking #epic #instagood #instafun #funnypictures #haha #humor,https://www.flickr.com/photos/125803282@N02/15192952165,https://creativecommons.org/licenses/by/2.0/
9d5076dc2c58dcb0,onion,ocean yamaha,https://www.flickr.com/people/oceanyamaha/,20090213_MG_0212-2,https://www.flickr.com/photos/oceanyamaha/3276667163,https://creativecommons.org/licenses/by/2.0/
a22b0935d58029f2,onion,Alexis Lamster,https://www.flickr.com/people/amlamster/,"yellow and red onions, at the union square greenmarket",https://www.flickr.com/photos/amlamster/6608862125,https://creativecommons.org/licenses/by/2.0/
85825448c60b38bb,onion,kristin sloan,https://www.flickr.com/people/kristinsloan/,"June 27, 2015 at 05:27PM",https://www.flickr.com/photos/kristinsloan/18593986663,https://creativecommons.org/licenses/by/2.0/
4e99c8ecd5c4b5f0,onion,Miran  Rijavec,https://www.flickr.com/people/miran/,Onions. Differently coloured. Differently tasting.,https://www.flickr.com/photos/miran/5530441368,https://creativecommons.org/licenses/by/2.0/
06dde783da447451,onion,Richard Parker,https://www.flickr.com/people/28722516@N02/,P1010101,https://www.flickr.com/photos/28722516@N02/4545107778,https://creativecommons.org/licenses/by/2.0/
814bef588fbe6af6,onion,Fotos GOVBA,https://www.flickr.com/people/agecombahia/,Casa Nova,https://www.flickr.com/photos/agecombahia/4404389207,https://creativecommons.org/licenses/by/2.0/
2eccad58e8f88603,onion,Amelia Crook,https://www.flickr.com/people/simpleprovisions/,Roasting Chestnuts and an Autumn Salad,https://www.flickr.com/photos/simpleprovisions/8688352734,https://creativecommons.org/licenses/by/2.0/
9922d2761067010a,onion,Nana B Agyei,https://www.flickr.com/people/nanagyei/,11/52 - Beauty in the Everyday Details,https://www.flickr.com/photos/nanagyei/6977484315,https://creativecommons.org/licenses/by/2.0/
08f7c7eb8678b5e0,onion,darwin Bell,https://www.flickr.com/people/darwinbell/,open onion,https://www.flickr.com/photos/darwinbell/303892944,https://creativecommons.org/licenses/by/2.0/
1d358bdf58aeecfe,onion,Greg Lobinski,https://www.flickr.com/people/gregloby/,good advice,https://www.flickr.com/photos/gregloby/3051820197,https://creativecommons.org/licenses/by/2.0/
e17b1a9a0283c386,onion,ilovebutter,https://www.flickr.com/people/jdickert/,Harvested garlic,https://www.flickr.com/photos/jdickert/4876792597,https://creativecommons.org/licenses/by/2.0/
ea9b8b9a9e8151d4,onion,Serge Melki,https://www.flickr.com/people/sergemelki/,Montréal - Figue,https://www.flickr.com/photos/sergemelki/2613506668,https://creativecommons.org/licenses/by/2.0/
63160599a27619b2,onion,Sue Salisbury,https://www.flickr.com/people/sue_salisbury-maui-hawaii/,Upcountry Kula Farmers Market Produce Sue Salisbury Maui Hawaii,https://www.flickr.com/photos/sue_salisbury-maui-hawaii/14704084962,https://creativecommons.org/licenses/by/2.0/
9a3e02d2683b9ba6,onion,Jules Morgan,https://www.flickr.com/people/ladymissmarquise/,Chopping,https://www.flickr.com/photos/ladymissmarquise/6758964841,https://creativecommons.org/licenses/by/2.0/
e8e4b2751d2f8c12,onion,macinate,https://www.flickr.com/people/macinate/,Spanish onions,https://www.flickr.com/photos/macinate/2103215408,https://creativecommons.org/licenses/by/2.0/
678e32c5a897c181,onion,HarmonyRae,https://www.flickr.com/people/harmonyraelingen/,DSC_0462,https://www.flickr.com/photos/harmonyraelingen/11923568224,https://creativecommons.org/licenses/by/2.0/
9fea27816634f226,onion,Walmart,https://www.flickr.com/people/walmartcorporate/,Walmart’s locally grown produce,https://www.flickr.com/photos/walmartcorporate/5263319579,https://creativecommons.org/licenses/by/2.0/
2ee8ab305463e901,onion,weisserstier,https://www.flickr.com/people/alfreddiem/,130511_Essen_04,https://www.flickr.com/photos/alfreddiem/15055716852/in/album-72157632543309787/,https://creativecommons.org/licenses/by/2.0/
47109ec0e47bc063,onion,jim simonson,https://www.flickr.com/people/rocketjim54/,sweet onions,https://www.flickr.com/photos/rocketjim54/2725794874,https://creativecommons.org/licenses/by/2.0/
8d8b3404db99c145,onion,david pacey,https://www.flickr.com/people/63723146@N08/,onion,https://www.flickr.com/photos/63723146@N08/13148818093,https://creativecommons.org/licenses/by/2.0/
1d60ae7a1a49ac30,onion,Alex &quot;Skud&quot; Bayley,https://www.flickr.com/people/alexsbayley/,onions,https://www.flickr.com/photos/alexsbayley/16190569089,https://creativecommons.org/licenses/by/2.0/
a19a670b876dbd30,onion,William Warby,https://www.flickr.com/people/wwarby/,Sweet Chestnuts,https://www.flickr.com/photos/wwarby/5109498935,https://creativecommons.org/licenses/by/2.0/
4d26c8d14646e829,onion,Simon Dean,https://www.flickr.com/people/simondeanmedia/,Collection of sweet chestnuts out of their shells,https://www.flickr.com/photos/simondeanmedia/4031841179,https://creativecommons.org/licenses/by/2.0/
033160f280e4762b,onion,cookbookman17,https://www.flickr.com/people/cookbookman/,Florida Sweet Onions,https://www.flickr.com/photos/cookbookman/5693391999,https://creativecommons.org/licenses/by/2.0/
0fe45524021d92dd,onion,Shane Becker,https://www.flickr.com/people/veganstraightedge/,Hawaii 2011 - Day 6 - Big Island - Making Guacamole,https://www.flickr.com/photos/veganstraightedge/6578705717,https://creativecommons.org/licenses/by/2.0/
8187470fee5179cb,onion,Secretaria de Agricultura e Abastecimento,https://www.flickr.com/people/agriculturasp/,Monte Alegre 2,https://www.flickr.com/photos/agriculturasp/5257784514,https://creativecommons.org/licenses/by/2.0/
acc8097b465fb438,onion,Maggie Hoffman,https://www.flickr.com/people/maggiejane/,onions,https://www.flickr.com/photos/maggiejane/4301927015,https://creativecommons.org/licenses/by/2.0/
2eff81c47a48596b,onion,Simon Huntley,https://www.flickr.com/people/127921325@N03/,SFC_onion_red_labeled,https://www.flickr.com/photos/127921325@N03/15104222269,https://creativecommons.org/licenses/by/2.0/
1affa8ec02f9e2bf,onion,r. nial bradshaw,https://www.flickr.com/people/zionfiction/,red-onion-slice.jpg,https://www.flickr.com/photos/zionfiction/8475553259,https://creativecommons.org/licenses/by/2.0/
752929748ad8a5a5,onion,Ruth Hartnup,https://www.flickr.com/people/ruthanddave/,Shallots,https://www.flickr.com/photos/ruthanddave/484343267,https://creativecommons.org/licenses/by/2.0/
d6bd0ef3effdc90f,onion,tribp,https://www.flickr.com/people/82088316@N05/,Onion,https://www.flickr.com/photos/82088316@N05/7712069324,https://creativecommons.org/licenses/by/2.0/
e1a70d3deb79344d,onion,Luigi Guarino,https://www.flickr.com/people/luigi_and_linda/,Onions,https://www.flickr.com/photos/luigi_and_linda/5092368991,https://creativecommons.org/licenses/by/2.0/
7fca1f80e164d965,onion,Rick McCharles,https://www.flickr.com/people/rickmccharles/,"Loreto, Baja - Sunday market",https://www.flickr.com/photos/rickmccharles/4436304632,https://creativecommons.org/licenses/by/2.0/
ffd7d9550916d32f,onion,Bob,https://www.flickr.com/people/mullica/,Red Onions,https://www.flickr.com/photos/mullica/2724039538,https://creativecommons.org/licenses/by/2.0/
968fd2dd0da5c23d,onion,SamahR,https://www.flickr.com/people/27807834@N02/,Onions,https://www.flickr.com/photos/27807834@N02/2683669822,https://creativecommons.org/licenses/by/2.0/
5870db7e694340ba,onion,Brianne Du Clos,https://www.flickr.com/people/forester_lady/,1st place Onions @ Common Ground,https://www.flickr.com/photos/forester_lady/15313569085,https://creativecommons.org/licenses/by/2.0/
889d70daa14fac03,potato,ImpromptuKitchen,https://www.flickr.com/people/74046279@N05/,Potato Wedges and Sweet Chili Sauce (3 of 9).jpg,https://www.flickr.com/photos/74046279@N05/8616884916,https://creativecommons.org/licenses/by/2.0/
8f953f5cfeaf1639,potato,Tatsuo Yamashita,https://www.flickr.com/people/yto/,素材写真 ジャガイモ,https://www.flickr.com/photos/yto/18986066750,https://creativecommons.org/licenses/by/2.0/
c10542b2dfb37991,potato,Steven Damron,https://www.flickr.com/people/sadsnaps/,papa huayro 1,https://www.flickr.com/photos/sadsnaps/4612391652,https://creativecommons.org/licenses/by/2.0/
c114ec1d8643c968,potato,eazytraveler,https://www.flickr.com/people/eazy360/,Sweet Potatoes,https://www.flickr.com/photos/eazy360/4400721810,https://creativecommons.org/licenses/by/2.0/
295e6e869853c57e,potato,secrettenerife.co.uk,https://www.flickr.com/people/tenerife/,Papas Andinas,https://www.flickr.com/photos/tenerife/185437193,https://creativecommons.org/licenses/by/2.0/
a490b02fdcaabaaf,potato,Willys Alberto Sevillano,https://www.flickr.com/people/willysalberto/,Papas,https://www.flickr.com/photos/willysalberto/4209679807,https://creativecommons.org/licenses/by/2.0/
461bab1cda8201a5,potato,jamonation,https://www.flickr.com/people/jamonation/,Potatoes,https://www.flickr.com/photos/jamonation/5935031211,https://creativecommons.org/licenses/by/2.0/
3630bd823c308ec1,potato,Matthew Robinson,https://www.flickr.com/people/noisecollusion/,SM farmers market: tubors,https://www.flickr.com/photos/noisecollusion/232474749,https://creativecommons.org/licenses/by/2.0/
897eb8ba55ceb227,potato,mriggen,https://www.flickr.com/people/riggenransom/,"double potato, 4 Town Farm",https://www.flickr.com/photos/riggenransom/4086452999,https://creativecommons.org/licenses/by/2.0/
b6c24bf250f2733c,potato,Ken Hawkins,https://www.flickr.com/people/khawkins04/,Brant Family Farm 5,https://www.flickr.com/photos/khawkins04/5253948201,https://creativecommons.org/licenses/by/2.0/
616d98172488f7f9,potato,U.S. Department of Agriculture,https://www.flickr.com/people/usdagov/,20130920-OC-LSC-0462,https://www.flickr.com/photos/usdagov/10547052435,https://creativecommons.org/licenses/by/2.0/
e5ff69e2d3e488ca,potato,Paul Asman and Jill Lenoble,https://www.flickr.com/people/pauljill/,potatoes at the Oerlikon market,https://www.flickr.com/photos/pauljill/4828238031,https://creativecommons.org/licenses/by/2.0/
721af34115977444,potato,Amanda,https://www.flickr.com/people/spakattacks/,Busch Gardens 015,https://www.flickr.com/photos/spakattacks/267515306,https://creativecommons.org/licenses/by/2.0/
83812a7be70c6778,potato,ShashiBellamkonda,https://www.flickr.com/people/drbeachvacation/,Sunday buying Vegetables (8),https://www.flickr.com/photos/drbeachvacation/4510548827,https://creativecommons.org/licenses/by/2.0/
03c98c014bda6ee2,potato,Nany Mata,https://www.flickr.com/people/nanymata/,potato,https://www.flickr.com/photos/nanymata/3866021982,https://creativecommons.org/licenses/by/2.0/
8965ad2abec713b5,potato,"David, Bergin, Emmett and Elliott",https://www.flickr.com/people/beglen/,Photo,https://www.flickr.com/photos/beglen/19259903128,https://creativecommons.org/licenses/by/2.0/
40b9b94abc709f02,potato,faissel rhonam,https://www.flickr.com/people/132113716@N06/,Potatoes,https://www.flickr.com/photos/132113716@N06/19179201475,https://creativecommons.org/licenses/by/2.0/
dd9639e3f4708192,potato,BPheonix,https://www.flickr.com/people/bpheonix/,Membangan?,https://www.flickr.com/photos/bpheonix/375291213,https://creativecommons.org/licenses/by/2.0/
87a34dc7f35cec0d,potato,EG Focus,https://www.flickr.com/people/egfocus/,New Covent Garden Market - mushrooms,https://www.flickr.com/photos/egfocus/7466108320,https://creativecommons.org/licenses/by/2.0/
b4ebce61efc99d2b,potato,Roland Tanglao,https://www.flickr.com/people/roland/,love your viking potatoes,https://www.flickr.com/photos/roland/16861181146,https://creativecommons.org/licenses/by/2.0/
8662810dc23d57d8,potato,Wesley Fryer,https://www.flickr.com/people/wfryer/,New Potatoes,https://www.flickr.com/photos/wfryer/6859180841,https://creativecommons.org/licenses/by/2.0/
a7cdc73cc74a3608,potato,Ahmad Fuad Morad,https://www.flickr.com/people/adaduitokla/,Dioscorea esculenta (Lour.) Burkill,https://www.flickr.com/photos/adaduitokla/6288529908,https://creativecommons.org/licenses/by/2.0/
49503fe11acb5f7a,potato,KateMonkey,https://www.flickr.com/people/katemonkey/,Potato Mickey,https://www.flickr.com/photos/katemonkey/4639647687,https://creativecommons.org/licenses/by/2.0/
833396d877fe5183,potato,Brett and Sue Coulstock,https://www.flickr.com/people/redmoonsanctuary/,Potatoes - Redmond Western Australia,https://www.flickr.com/photos/redmoonsanctuary/8629620633,https://creativecommons.org/licenses/by/2.0/
89cc32c3894c8eec,potato,Gary Stevens,https://www.flickr.com/people/garysoup/,Jicama,https://www.flickr.com/photos/garysoup/1819513057/,https://creativecommons.org/licenses/by/2.0/
57c1d80bc7fe35dd,potato,Tony Austin,https://www.flickr.com/people/tonyaustin/,Exquisa unwrapped,https://www.flickr.com/photos/tonyaustin/422311190,https://creativecommons.org/licenses/by/2.0/
e9d5c72e9b3424ee,potato,Richard,https://www.flickr.com/people/growforfood/,Potatoes,https://www.flickr.com/photos/growforfood/5695636398,https://creativecommons.org/licenses/by/2.0/
2aa3b22efc5e2de0,potato,Alan Levine,https://www.flickr.com/people/cogdog/,United 313 Ready for Approach to Potato Island,https://www.flickr.com/photos/cogdog/11489865753,https://creativecommons.org/licenses/by/2.0/
a63a1ac91527aa3a,potato,Manuel,https://www.flickr.com/people/martius/,en el Jardín Botánico Atlántico de Gijón,https://www.flickr.com/photos/martius/14822629591,https://creativecommons.org/licenses/by/2.0/
43f52d7376ae2953,potato,Sindre Wimberger,https://www.flickr.com/people/sindre-wimberger/,Erdäpfel-Ernte. Der Herbst ist da.,https://www.flickr.com/photos/sindre-wimberger/8062696585,https://creativecommons.org/licenses/by/2.0/
6690fb8e5ff0471e,potato,david pacey,https://www.flickr.com/people/63723146@N08/,Potatoes,https://www.flickr.com/photos/63723146@N08/7132120747,https://creativecommons.org/licenses/by/2.0/
4951907d9674ff71,potato,Bart Everson,https://www.flickr.com/people/editor/,Potatoes,https://www.flickr.com/photos/editor/3549887095,https://creativecommons.org/licenses/by/2.0/
631235153cbcdd68,potato,Monica Arellano-Ongpin,https://www.flickr.com/people/maong/,"St Tropez market , green olives",https://www.flickr.com/photos/maong/2289167408,https://creativecommons.org/licenses/by/2.0/
41252915ac13a574,potato,Jose Mesa,https://www.flickr.com/people/liferfe/,10 Mercado del Agricultor Güímar. Inauguración. 6 Octubre 2004,https://www.flickr.com/photos/liferfe/3981432958,https://creativecommons.org/licenses/by/2.0/
e4c7e18429cf99f5,potato,Bratislavská župa,https://www.flickr.com/people/fotopavolfreso/,Župná jeseň 2011 - Krumplový deň Sološnica,https://www.flickr.com/photos/fotopavolfreso/6179259000,https://creativecommons.org/licenses/by/2.0/
cd3286fe9eb3865a,potato,taylorandayumi,https://www.flickr.com/people/taylorandayumi/,Bangkok　バンコク,https://www.flickr.com/photos/taylorandayumi/2722398528,https://creativecommons.org/licenses/by/2.0/
a118ea87d0a52d7a,potato,United Soybean Board,https://www.flickr.com/people/unitedsoybean/,Potatoes,https://www.flickr.com/photos/unitedsoybean/9622271807,https://creativecommons.org/licenses/by/2.0/
ce73286adfdaeea9,potato,Sarah Stewart,https://www.flickr.com/people/sarahmstewart/,My first harvest of potatoes,https://www.flickr.com/photos/sarahmstewart/4455829901,https://creativecommons.org/licenses/by/2.0/
8c9fdc09cc78d114,potato,Simon Huntley,https://www.flickr.com/people/127921325@N03/,SFC_potato_labeled,https://www.flickr.com/photos/127921325@N03/15290980755,https://creativecommons.org/licenses/by/2.0/
f20a53e4a98a821b,potato,David Santaolalla,https://www.flickr.com/people/santaolalla/,Al corro de la patata,https://www.flickr.com/photos/santaolalla/8272182215,https://creativecommons.org/licenses/by/2.0/
e496f6550da9812f,potato,Paul Hudson,https://www.flickr.com/people/pahudson/,'Taters,https://www.flickr.com/photos/pahudson/16172954129,https://creativecommons.org/licenses/by/2.0/
2cac6635f8b804f2,potato,hiroshi ataka,https://www.flickr.com/people/takahiro1983/,神保町のカレー店　ボンディ,https://www.flickr.com/photos/takahiro1983/3209181863,https://creativecommons.org/licenses/by/2.0/
658dc607dc6ed7d7,potato,lotherington,https://www.flickr.com/people/lotheringtons/,peeled potatoes,https://www.flickr.com/photos/lotheringtons/2056813464,https://creativecommons.org/licenses/by/2.0/
7c01ec0390466ca6,potato,Southern Foodways Alliance,https://www.flickr.com/people/southernfoodwaysalliance/,Green Giant Potatoes,https://www.flickr.com/photos/southernfoodwaysalliance/5124320140,https://creativecommons.org/licenses/by/2.0/
8470c00a511818ea,potato,Leo Rey,https://www.flickr.com/people/leorey/,Nhoque ao pomodoro com manjericão,https://www.flickr.com/photos/leorey/13978286879,https://creativecommons.org/licenses/by/2.0/
4d6d58571c15d8b6,potato,Foodista,https://www.flickr.com/people/foodista/,Potatoes,https://www.flickr.com/photos/foodista/4511814741,https://creativecommons.org/licenses/by/2.0/
c69eb7de622b805c,potato,CDKNetwork,https://www.flickr.com/people/52797059@N06/,RSAF-0010_Zimbabwe_irish potatoes harvest from Mutsiba project used for food and income for beneficiary households in drought prone area_Pascal Manyakaidze,https://www.flickr.com/photos/52797059@N06/8558359365,https://creativecommons.org/licenses/by/2.0/
244e751b30925b92,potato,kanenas.net,https://www.flickr.com/people/kanenas-net/,Πατάτες,https://www.flickr.com/photos/kanenas-net/5431974444,https://creativecommons.org/licenses/by/2.0/
e66de75a9f3eb4d9,potato,Alexis Lamster,https://www.flickr.com/people/amlamster/,"potatoes, at the union square greenmarket",https://www.flickr.com/photos/amlamster/6608865637,https://creativecommons.org/licenses/by/2.0/
58996a4c33c83e12,potato,Antti Lindström,https://www.flickr.com/people/lindstorm/,New Potatoes,https://www.flickr.com/photos/lindstorm/2812910869,https://creativecommons.org/licenses/by/2.0/
70d0af21709edfc1,potato,Bryan Alexander,https://www.flickr.com/people/bryanalexander/,New potatoes,https://www.flickr.com/photos/bryanalexander/6085427731/,https://creativecommons.org/licenses/by/2.0/
7e0ead736615e3db,potato,Victoria Rachitzky Hoch,https://www.flickr.com/people/viclic/,"Batatas, Patatas, Potatoes",https://www.flickr.com/photos/viclic/272753995,https://creativecommons.org/licenses/by/2.0/
34bc8224df318db9,carrot,Adam Lehman,https://www.flickr.com/people/14519665@N05/,"Been drinking a LOAD of carrot, apple & lemon juice. Hoping my skin turns orange...",https://www.flickr.com/photos/14519665@N05/8519658856,https://creativecommons.org/licenses/by/2.0/
1f478ca86790836d,carrot,François  Philipp,https://www.flickr.com/people/frans16611/,Carrots,https://www.flickr.com/photos/frans16611/10380878453,https://creativecommons.org/licenses/by/2.0/
19f5c879624b6abb,carrot,Corina Sanchez,https://www.flickr.com/people/64019131@N00/,weekly trip to farmers market,https://www.flickr.com/photos/64019131@N00/5366998603,https://creativecommons.org/licenses/by/2.0/
3acb9aebc0b78f45,carrot,BurnAway,https://www.flickr.com/people/burnaway/,IMG_8143.jpg,https://www.flickr.com/photos/burnaway/7096515353,https://creativecommons.org/licenses/by/2.0/
df310ca17294f462,carrot,zeevveez,https://www.flickr.com/people/zeevveez/,Old Carrot Peel,https://www.flickr.com/photos/zeevveez/15921386695,https://creativecommons.org/licenses/by/2.0/
6fd3c94202688f8a,carrot,www.bluewaikiki.com,https://www.flickr.com/people/lfl/,Rabbit Food,https://www.flickr.com/photos/lfl/2729612030,https://creativecommons.org/licenses/by/2.0/
e258b7dbe534bc7b,carrot,Dvortygirl,https://www.flickr.com/people/dvortygirl/,Butternut soup in the making,https://www.flickr.com/photos/dvortygirl/8330443425,https://creativecommons.org/licenses/by/2.0/
dcf15163d3ed33b2,carrot,John Hritz,https://www.flickr.com/people/jhritz/,Not ginger...,https://www.flickr.com/photos/jhritz/21016332313,https://creativecommons.org/licenses/by/2.0/
6c4bb6187f28b818,carrot,One Planet Living in Sutton,https://www.flickr.com/people/oneplanetsutton/,happy veg,https://www.flickr.com/photos/oneplanetsutton/4885137412,https://creativecommons.org/licenses/by/2.0/
ad6a6e8ba835720b,carrot,Miran  Rijavec,https://www.flickr.com/people/miran/,"Only carrots, nothing else than carrots. Not at all my favourite meal.",https://www.flickr.com/photos/miran/5577760967,https://creativecommons.org/licenses/by/2.0/
3ec12dcb5224eb14,carrot,Frédéric BISSON,https://www.flickr.com/people/zigazou76/,Carottes prêtes à être râpées,https://www.flickr.com/photos/zigazou76/9682467988,https://creativecommons.org/licenses/by/2.0/
04ee1c6bfe4c2be4,carrot,Magnus Höij,https://www.flickr.com/people/hoij/,Farmers market.,https://www.flickr.com/photos/hoij/9269064567/,https://creativecommons.org/licenses/by/2.0/
ef5b77a3a926c1a9,carrot,Stella Yodo,https://www.flickr.com/people/fourondfloor/,Fresh Carrots,https://www.flickr.com/photos/fourondfloor/4947955234/,https://creativecommons.org/licenses/by/2.0/
eccbe9a837d4d5d0,carrot,List_84,https://www.flickr.com/people/liste1/,Veggie,https://www.flickr.com/photos/liste1/8008450469/,https://creativecommons.org/licenses/by/2.0/
e97345ea8b625ea1,carrot,DC Central Kitchen,https://www.flickr.com/people/dccentralkitchen/,DSC_2908,https://www.flickr.com/photos/dccentralkitchen/10349583023,https://creativecommons.org/licenses/by/2.0/
9ece1ea383a3e737,carrot,Kevin,https://www.flickr.com/people/marionenkevin/,Worteltjes,https://www.flickr.com/photos/marionenkevin/2862691673,https://creativecommons.org/licenses/by/2.0/
2a73373e0e6adb13,carrot,ms_bulsara,https://www.flickr.com/people/ms_bulsara/,Comedy carrot,https://www.flickr.com/photos/ms_bulsara/19590042490,https://creativecommons.org/licenses/by/2.0/
ccbc71cc27d6a885,carrot,csouza_79,https://www.flickr.com/people/10290911@N06/,carrots,https://www.flickr.com/photos/10290911@N06/5141928764,https://creativecommons.org/licenses/by/2.0/
2e838437a5d17d8e,carrot,Kimberly Vardeman,https://www.flickr.com/people/kimberlykv/,Shelley's Indian Picnic Dinner,https://www.flickr.com/photos/kimberlykv/5855367595,https://creativecommons.org/licenses/by/2.0/
da5a2bf5f9396ef9,carrot,Iwan Gabovitch,https://www.flickr.com/people/qubodup/,Lots of carrots,https://www.flickr.com/photos/qubodup/8545099532,https://creativecommons.org/licenses/by/2.0/
00ccda615ec9731d,carrot,GanMed64,https://www.flickr.com/people/ganmed64/,"Carrots - St Lawrence Market, Toronto",https://www.flickr.com/photos/ganmed64/8138646168,https://creativecommons.org/licenses/by/2.0/
ae229d78c17badea,carrot,Maggie Hoffman,https://www.flickr.com/people/maggiejane/,Carrots for Pumpkin Carrot Zucchini Bread,https://www.flickr.com/photos/maggiejane/4019109303,https://creativecommons.org/licenses/by/2.0/
0b5ab3924ef1fc74,carrot,whatleydude,https://www.flickr.com/people/whatleydude/,1000heads smoothies!,https://www.flickr.com/photos/whatleydude/5332410787,https://creativecommons.org/licenses/by/2.0/
0cdaafce347ed3d9,carrot,Claire Knights,https://www.flickr.com/people/claireknights/,Chantenay carrots,https://www.flickr.com/photos/claireknights/6914547730,https://creativecommons.org/licenses/by/2.0/
a4ca6683987e53cb,carrot,Moxieg,https://www.flickr.com/people/moxieg/,HPIM4143,https://www.flickr.com/photos/moxieg/3010148846,https://creativecommons.org/licenses/by/2.0/
1caf078c6f6cbfed,carrot,Aivar Ruukel,https://www.flickr.com/people/soomaa/,porgand,https://www.flickr.com/photos/soomaa/15395858527/,https://creativecommons.org/licenses/by/2.0/
59caaf367035e27b,carrot,Amelia Crook,https://www.flickr.com/people/simpleprovisions/,Pomegranate Roasted Carrots,https://www.flickr.com/photos/simpleprovisions/14253293997,https://creativecommons.org/licenses/by/2.0/
0dede6be1db1e43d,carrot,Tatsuo Yamashita,https://www.flickr.com/people/yto/,素材写真 ニンジン,https://www.flickr.com/photos/yto/19147176536,https://creativecommons.org/licenses/by/2.0/
e0c0a275bf9cdbff,carrot,Didriks,https://www.flickr.com/people/dinnerseries/,Carrots on Epicurean Cutting Board,https://www.flickr.com/photos/dinnerseries/15819905341,https://creativecommons.org/licenses/by/2.0/
48c6ef0cf29de345,carrot,NatalieMaynor,https://www.flickr.com/people/nataliemaynor/,Mississippi Farmers Market,https://www.flickr.com/photos/nataliemaynor/8438451811,https://creativecommons.org/licenses/by/2.0/
0321a5a3441e581d,carrot,jon jordan,https://www.flickr.com/people/jontintinjordan/,berlin poster,https://www.flickr.com/photos/jontintinjordan/7192116992,https://creativecommons.org/licenses/by/2.0/
3950bb5961c1d5b2,carrot,Leo-setä,https://www.flickr.com/people/uncle-leo/,Carrots,https://www.flickr.com/photos/uncle-leo/7439857916,https://creativecommons.org/licenses/by/2.0/
a16f4409aa46faa2,carrot,Nostepinne,https://www.flickr.com/people/syrenmuse/,Prepping the oven baked sweet potato fries. #paleo,https://www.flickr.com/photos/syrenmuse/12777692595,https://creativecommons.org/licenses/by/2.0/
aac4bdef8e88bba9,carrot,Kim Woodbridge,https://www.flickr.com/people/kwbridge/,Carrots,https://www.flickr.com/photos/kwbridge/4490789189,https://creativecommons.org/licenses/by/2.0/
0c060026076de4f2,carrot,Ari Helminen,https://www.flickr.com/people/picsoflife/,Carrots anyone ??,https://www.flickr.com/photos/picsoflife/4778284666,https://creativecommons.org/licenses/by/2.0/
1edc48531195d14a,carrot,Wapster,https://www.flickr.com/people/wapster/,Carrots,https://www.flickr.com/photos/wapster/8296872536,https://creativecommons.org/licenses/by/2.0/
57851e6ab3c8565b,carrot,Brad P.,https://www.flickr.com/people/bpende/,"&lt;--- whoops, I meant more bunches...",https://www.flickr.com/photos/bpende/3583273508/,https://creativecommons.org/licenses/by/2.0/
5d983b3ff3bf90ad,carrot,TheDeliciousLife,https://www.flickr.com/people/thedelicious/,Encinitas Sunday Farmers' Market - Baby Carrots,https://www.flickr.com/photos/thedelicious/4164342248,https://creativecommons.org/licenses/by/2.0/
dee5a55f44c39bfa,carrot,Ken Banks,https://www.flickr.com/people/kiwanja/,Vegetable Medley: 26/09/06,https://www.flickr.com/photos/kiwanja/254235434,https://creativecommons.org/licenses/by/2.0/
831fe22210a29850,carrot,Everjean,https://www.flickr.com/people/evert-jan/,1kg carots,https://www.flickr.com/photos/evert-jan/516061512,https://creativecommons.org/licenses/by/2.0/
4e6fb30af8e13cb8,carrot,Tim Parkinson,https://www.flickr.com/people/timparkinson/,Carrots,https://www.flickr.com/photos/timparkinson/2909536818,https://creativecommons.org/licenses/by/2.0/
5069be6fbffa1615,carrot,rochelle hartman,https://www.flickr.com/people/tinfoilraccoon/,Carrots at Pike Place Market,https://www.flickr.com/photos/34756977@N00/365136392,https://creativecommons.org/licenses/by/2.0/
3947e964e5c79320,carrot,John Trainor,https://www.flickr.com/people/trainor/,Carrots at the Paris street market,https://www.flickr.com/photos/trainor/2675494106,https://creativecommons.org/licenses/by/2.0/
ed3d077c727b3c6a,carrot,Taymaz Valley,https://www.flickr.com/people/taymazvalley/,Rothko,https://www.flickr.com/photos/taymazvalley/2505433119,https://creativecommons.org/licenses/by/2.0/
fdcf55fd5bab0f67,carrot,Neil Conway,https://www.flickr.com/people/neilconway/,Untitled,https://www.flickr.com/photos/neilconway/8289031621,https://creativecommons.org/licenses/by/2.0/
e9dec54669847efa,carrot,Joel Penner,https://www.flickr.com/people/featheredtar/,Pile of Logs,https://www.flickr.com/photos/featheredtar/2267112151/,https://creativecommons.org/licenses/by/2.0/
4c7a01c99ce20b09,carrot,Party Lin,https://www.flickr.com/people/party0/,"Uzès, France",https://www.flickr.com/photos/party0/16311887218,https://creativecommons.org/licenses/by/2.0/
250fc3b631161552,carrot,Phalinn Ooi,https://www.flickr.com/people/phalinn/,Kebun Binatang Bandung,https://www.flickr.com/photos/phalinn/8062482804,https://creativecommons.org/licenses/by/2.0/
379140cbd613bd31,carrot,CucombreLibre,https://www.flickr.com/people/33200530@N04/,Seattle-336,https://www.flickr.com/photos/33200530@N04/17006658485,https://creativecommons.org/licenses/by/2.0/
e8e3d161445a72ee,carrot,David Santaolalla,https://www.flickr.com/people/santaolalla/,Las zanahorias de la abuela.,https://www.flickr.com/photos/santaolalla/6315247165,https://creativecommons.org/licenses/by/2.0/
00385794700c832e,carrot,Duncan Hull,https://www.flickr.com/people/dullhunk/,ο μαιντανο : parsley,https://www.flickr.com/photos/dullhunk/6233842848,https://creativecommons.org/licenses/by/2.0/
7266190c162abd12,carrot,Didriks,https://www.flickr.com/people/dinnerseries/,Carrots Cooking 2,https://www.flickr.com/photos/dinnerseries/15635979679,https://creativecommons.org/licenses/by/2.0/
46116ae03b5479fe,carrot,Bart Everson,https://www.flickr.com/people/editor/,Parsnips and Carrots,https://www.flickr.com/photos/editor/16803136792,https://creativecommons.org/licenses/by/2.0/
3932c09a095ef842,carrot,Lissa M. Cowan,https://www.flickr.com/people/gosmall/,Bunny carrot on the chopping block,https://www.flickr.com/photos/gosmall/15098640955/,https://creativecommons.org/licenses/by/2.0/
7c8ee612dca41547,carrot,Bernard Lamailloux,https://www.flickr.com/people/lamailloux/,deux hamsters se disputant une carotte 512x329,https://www.flickr.com/photos/lamailloux/11563033006,https://creativecommons.org/licenses/by/2.0/
f1356ecd3b24b696,carrot,galina75,https://www.flickr.com/people/86806923@N00/,piglook,https://www.flickr.com/photos/86806923@N00/232457095,https://creativecommons.org/licenses/by/2.0/
1f04f9fd6e264a4e,carrot,Kyknoord,https://www.flickr.com/people/kyknoord/,Pie precursor,https://www.flickr.com/photos/kyknoord/391826424,https://creativecommons.org/licenses/by/2.0/
ddc55ce35da28362,carrot,Giles Turnbull,https://www.flickr.com/people/gilest/,Today's roast dinner will include home grown carrots,https://www.flickr.com/photos/gilest/22087448625,https://creativecommons.org/licenses/by/2.0/
a964e48ab3c8b9bf,carrot,Rick McCharles,https://www.flickr.com/people/rickmccharles/,Everest trek  - 238,https://www.flickr.com/photos/rickmccharles/4192540017,https://creativecommons.org/licenses/by/2.0/
9ce85996af25b6f6,carrot,Núria i JC,https://www.flickr.com/people/nuriaijoancarles/,Pastanagues al mercat de Helsinki,https://www.flickr.com/photos/nuriaijoancarles/1276349189,https://creativecommons.org/licenses/by/2.0/
f78e8d9f99e57e8c,carrot,Armando Alves,https://www.flickr.com/people/armandoalves/,Freshly picked #carrots,https://www.flickr.com/photos/armandoalves/9622637057,https://creativecommons.org/licenses/by/2.0/
e090c9f151993eaf,carrot,Samson Loo,https://www.flickr.com/people/sql_samson/,Insolent fools... off with their heads,https://www.flickr.com/photos/sql_samson/5151427654,https://creativecommons.org/licenses/by/2.0/
8fd721dfe65db725,carrot,Amber DeGrace,https://www.flickr.com/people/ink_mama/,Organic carrots and my lovely new Wusthof knife,https://www.flickr.com/photos/ink_mama/6619947073,https://creativecommons.org/licenses/by/2.0/
cc87e2ebdb1cfc04,carrot,Julie Magro,https://www.flickr.com/people/magro-family/,Carrots Ready To Eat,https://www.flickr.com/photos/magro-family/4030877610,https://creativecommons.org/licenses/by/2.0/
452ba948bbcf07f8,carrot,John Loo,https://www.flickr.com/people/johnloo/,Star,https://www.flickr.com/photos/johnloo/4201573900,https://creativecommons.org/licenses/by/2.0/
34a57c2c2411febe,carrot,Travis Wise,https://www.flickr.com/people/photographingtravis/,A Side of Carrots,https://www.flickr.com/photos/photographingtravis/15152016910,https://creativecommons.org/licenses/by/2.0/
7fdfefd6b65563e0,carrot,man_with_beard,https://www.flickr.com/people/joechacko/,many carrots.jpg,https://www.flickr.com/photos/joechacko/2522987658,https://creativecommons.org/licenses/by/2.0/
b06a12bf2e0429df,carrot,Jackie,https://www.flickr.com/people/sis/,Ready For the Easter Bunny!,https://www.flickr.com/photos/sis/447914555,https://creativecommons.org/licenses/by/2.0/
836f1b4ac84d7263,carrot,dogolaca,https://www.flickr.com/people/dongoldberg/,Carrots,https://www.flickr.com/photos/dongoldberg/4232490716,https://creativecommons.org/licenses/by/2.0/
bec5058f9deacd23,carrot,Jim Lightfoot,https://www.flickr.com/people/jim-lightfoot/,Bunch of carrots,https://www.flickr.com/photos/112095551@N02/11884879023,https://creativecommons.org/licenses/by/2.0/
80de5724695b5213,carrot,Austin Kirk,https://www.flickr.com/people/aukirk/,Raw Carrots on a Cutting Board,https://www.flickr.com/photos/aukirk/8541192848,https://creativecommons.org/licenses/by/2.0/
e8f9f19c975c3665,carrot,St Kitts and Nevis Photo Stream,https://www.flickr.com/people/skngov/,Agriculture Open Day 2014,https://www.flickr.com/photos/skngov/14050865936/,https://creativecommons.org/licenses/by/2.0/
80900820a16a044c,carrot,Ashwin Kamath,https://www.flickr.com/people/locateashwin/,fresh carrots,https://www.flickr.com/photos/locateashwin/2273883845,https://creativecommons.org/licenses/by/2.0/
f68fee3cff382f28,broccoli,Cristian Ordenes,https://www.flickr.com/people/rastachango/,Romanesco,https://www.flickr.com/photos/rastachango/3790624946,https://creativecommons.org/licenses/by/2.0/
1399487f879270c3,broccoli,Alejandro Sánchez Marcos,https://www.flickr.com/people/alejandrosanchez/,varios octubre 082,https://www.flickr.com/photos/alejandrosanchez/2099281522,https://creativecommons.org/licenses/by/2.0/
07d225d25f65926b,broccoli,bradhoc,https://www.flickr.com/people/bradhoc/,Spirality,https://www.flickr.com/photos/bradhoc/16530567761,https://creativecommons.org/licenses/by/2.0/
38c488b846372b7e,broccoli,Nick Saltmarsh,https://www.flickr.com/people/nsalt/,Romanesco horns,https://www.flickr.com/photos/nsalt/5209682008,https://creativecommons.org/licenses/by/2.0/
69757bb560514cf8,broccoli,Amber DeGrace,https://www.flickr.com/people/ink_mama/,Romanesco cauliflower for a gratin side dish tonight. #csa,https://www.flickr.com/photos/ink_mama/10446296165,https://creativecommons.org/licenses/by/2.0/
2c43afa289de9046,broccoli,Mike Mozart,https://www.flickr.com/people/jeepersmedia/,Broccoli,https://www.flickr.com/photos/jeepersmedia/14948233929,https://creativecommons.org/licenses/by/2.0/
5114566b4b94ec7c,broccoli,Ruben,https://www.flickr.com/people/surfzone/,Romanesco detail,https://www.flickr.com/photos/surfzone/6303368280,https://creativecommons.org/licenses/by/2.0/
d90bea57e0ffd753,broccoli,Lars Kristensen,https://www.flickr.com/people/133645177@N03/,romanesco,https://www.flickr.com/photos/133645177@N03/21194171451,https://creativecommons.org/licenses/by/2.0/
525f32c72e3ecebc,broccoli,Teresa DownUnder,https://www.flickr.com/people/antipodas/,Brocoli con ajo y anchoas,https://www.flickr.com/photos/antipodas/1226197817,https://creativecommons.org/licenses/by/2.0/
347616b86bd04e23,broccoli,Filippo Diotalevi,https://www.flickr.com/people/fdiotalevi/,Cauliflower,https://www.flickr.com/photos/fdiotalevi/2812888767,https://creativecommons.org/licenses/by/2.0/
08ae030230003b95,broccoli,Linda N.,https://www.flickr.com/people/22748341@N00/,Broccoli,https://www.flickr.com/photos/22748341@N00/2638500179,https://creativecommons.org/licenses/by/2.0/
45538531b6fa4733,broccoli,Carlotta Roma,https://www.flickr.com/people/127614255@N08/,Broccolo,https://www.flickr.com/photos/127614255@N08/15125468018,https://creativecommons.org/licenses/by/2.0/
2e9cce9498c82e28,broccoli,Vera Yu and David Li,https://www.flickr.com/people/yummy-porky/,Green Cauliflower @ Sunnyvale Farmer's Market,https://www.flickr.com/photos/yummy-porky/2941110204,https://creativecommons.org/licenses/by/2.0/
0f83053aa632625b,broccoli,Mira Pangkey,https://www.flickr.com/people/alittletune/,broccoli with mites,https://www.flickr.com/photos/alittletune/3454643815,https://creativecommons.org/licenses/by/2.0/
0f13f2fb1a614e6f,broccoli,Smabs Sputzer,https://www.flickr.com/people/10413717@N08/,Romanesco Broccoli,https://www.flickr.com/photos/10413717@N08/6128659610,https://creativecommons.org/licenses/by/2.0/
4ae486e5d6c9b58b,broccoli,Ippei Suzuki,https://www.flickr.com/people/is_kyoto_jp/,fractale,https://www.flickr.com/photos/is_kyoto_jp/12851039043,https://creativecommons.org/licenses/by/2.0/
1fb3ba5860c47a97,broccoli,Михал Орела,https://www.flickr.com/people/mihalorel/,зеленчук,https://www.flickr.com/photos/mihalorel/276142027,https://creativecommons.org/licenses/by/2.0/
09799439aacbb806,broccoli,Donna Cleveland,https://www.flickr.com/people/msdonnalee/,choppin' broccoli,https://www.flickr.com/photos/msdonnalee/6212800213,https://creativecommons.org/licenses/by/2.0/
2eb9a2c1243fcfa2,broccoli,Barbara L. Hanson,https://www.flickr.com/people/baha1210/,Broccolini,https://www.flickr.com/photos/baha1210/66254840,https://creativecommons.org/licenses/by/2.0/
920af83be7533731,broccoli,LG전자,https://www.flickr.com/people/lge/,"LG 콤비 냉장고, 유럽 속으로",https://www.flickr.com/photos/lge/4750857606,https://creativecommons.org/licenses/by/2.0/
9824c640b846be84,broccoli,Raul Luna,https://www.flickr.com/people/superman_ha_muerto/,romanescu II,https://www.flickr.com/photos/superman_ha_muerto/1104194219,https://creativecommons.org/licenses/by/2.0/
70c5073d951d2a20,broccoli,M. King,https://www.flickr.com/people/m_p_king/,Broccolo Romanesco,https://www.flickr.com/photos/m_p_king/4179904417,https://creativecommons.org/licenses/by/2.0/
b60cb5aa66aa73d8,broccoli,knackeredhack,https://www.flickr.com/people/8969412@N08/,Romanescu in the raw,https://www.flickr.com/photos/8969412@N08/4065092363,https://creativecommons.org/licenses/by/2.0/
65caea5bcae5f864,broccoli,Francisco Gonzalez,https://www.flickr.com/people/franciscojgonzalez/,Col romanesco,https://www.flickr.com/photos/franciscojgonzalez/6298495884,https://creativecommons.org/licenses/by/2.0/
5624b3001b197dbb,broccoli,ElbtheProf,https://www.flickr.com/people/elb_the_prof/,Cauliflower fractals...,https://www.flickr.com/photos/elb_the_prof/2851361270,https://creativecommons.org/licenses/by/2.0/
f3dbebedcfd1b066,broccoli,Jeremy Keith,https://www.flickr.com/people/adactio/,Brocolli,https://www.flickr.com/photos/adactio/4701218202,https://creativecommons.org/licenses/by/2.0/
a0078300bbec66d5,broccoli,Travis Wise,https://www.flickr.com/people/photographingtravis/,Broccoli,https://www.flickr.com/photos/photographingtravis/20729722501,https://creativecommons.org/licenses/by/2.0/
7eeb11c250c57ee6,broccoli,Axel Pettersson,https://www.flickr.com/people/haxpett/,#Fraktal och #grönsak i ett. #Romanesco regerar! #mat,https://www.flickr.com/photos/haxpett/10387186815,https://creativecommons.org/licenses/by/2.0/
57040d8500039689,broccoli,Feliciano Guimarães,https://www.flickr.com/people/jsome1/,Fractal gourmet,https://www.flickr.com/photos/jsome1/3859441152,https://creativecommons.org/licenses/by/2.0/
a9d19cf322aebb08,broccoli,Melissa Clark,https://www.flickr.com/people/melissaclark/,What?!?,https://www.flickr.com/photos/melissaclark/8314751981,https://creativecommons.org/licenses/by/2.0/
559a6bc7cf4d4c50,broccoli,Luigi Guarino,https://www.flickr.com/people/luigi_and_linda/,Cauliflower,https://www.flickr.com/photos/luigi_and_linda/2354357401,https://creativecommons.org/licenses/by/2.0/
340089a6496ff3c0,broccoli,Alan Levine,https://www.flickr.com/people/cogdog/,A Bit of Home Grown Broccoli,https://www.flickr.com/photos/cogdog/19214955099,https://creativecommons.org/licenses/by/2.0/
6e8d991f33cf4d9a,broccoli,Leon Brocard,https://www.flickr.com/people/acme/,DSC06668,https://www.flickr.com/photos/acme/2158070163,https://creativecommons.org/licenses/by/2.0/
635ba1ff0e849f94,broccoli,dailyfood,https://www.flickr.com/people/dailyfood/,Romanesco - fractal cauliflower,https://www.flickr.com/photos/dailyfood/4655214681,https://creativecommons.org/licenses/by/2.0/
275ad33561351542,broccoli,Stefan W,https://www.flickr.com/people/stefan-w/,Romanesko aka Seltsames Gemüse.,https://www.flickr.com/photos/stefan-w/3231751815,https://creativecommons.org/licenses/by/2.0/
7cda894b357d7140,broccoli,Frédérique Voisin-Demery,https://www.flickr.com/people/vialbost/,Cime de rape,https://www.flickr.com/photos/vialbost/6108775575,https://creativecommons.org/licenses/by/2.0/
8a473c1c664dec7b,broccoli,Paul Albertella,https://www.flickr.com/people/paulspace/,Fractals,https://www.flickr.com/photos/paulspace/3972220491,https://creativecommons.org/licenses/by/2.0/
5d0022640d4960e9,broccoli,David Fisher,https://www.flickr.com/people/dave_fisher/,Mathematics is the language of nature,https://www.flickr.com/photos/dave_fisher/4179771508,https://creativecommons.org/licenses/by/2.0/
689e00e71ef78d35,broccoli,Steffen Zahn,https://www.flickr.com/people/steffenz/,Broccoli,https://www.flickr.com/photos/steffenz/8195107861,https://creativecommons.org/licenses/by/2.0/
7be307dcf61af64b,broccoli,Christine Leiser,https://www.flickr.com/people/colormepink/,Crone's Cradle Conserve,https://www.flickr.com/photos/colormepink/5493199747,https://creativecommons.org/licenses/by/2.0/
5e0df115688a5b90,broccoli,Guzmán Lozano,https://www.flickr.com/people/pictfactory/,Col psicodélica // Psicodelic gabbage,https://www.flickr.com/photos/pictfactory/2120673441,https://creativecommons.org/licenses/by/2.0/
4612cd2886270ee4,broccoli,cea +,https://www.flickr.com/people/centralasian/,aman_geld 27.12.02 (fractal),https://www.flickr.com/photos/centralasian/4218536134,https://creativecommons.org/licenses/by/2.0/
749cf04228bfeff9,broccoli,Aivar Ruukel,https://www.flickr.com/people/soomaa/,Limassol Old Market,https://www.flickr.com/photos/soomaa/11202779944,https://creativecommons.org/licenses/by/2.0/
f60a6c3b0360d3a3,broccoli,Jitze Couperus,https://www.flickr.com/people/jitze1942/,Unknown Vegetable,https://www.flickr.com/photos/jitze1942/4004335960,https://creativecommons.org/licenses/by/2.0/
e8f8bb04976c0aab,broccoli,IsaacMao,https://www.flickr.com/people/isaacmao/,最美的蔬菜--Romanesco Cauliflower,https://www.flickr.com/photos/isaacmao/74151462,https://creativecommons.org/licenses/by/2.0/
8623a29a54a19e3e,broccoli,osseous,https://www.flickr.com/people/osseous/,"October 12, 2014",https://www.flickr.com/photos/osseous/16498712352,https://creativecommons.org/licenses/by/2.0/
a57bc7ba0c7b4757,broccoli,Naotake Murayama,https://www.flickr.com/people/naotakem/,Fresh Broccoli Rabe,https://www.flickr.com/photos/naotakem/3502971101,https://creativecommons.org/licenses/by/2.0/
198ad762fa342e38,broccoli,ilovebutter,https://www.flickr.com/people/jdickert/,Broccoli,https://www.flickr.com/photos/jdickert/862036019,https://creativecommons.org/licenses/by/2.0/
e622bed1399700fa,broccoli,Cristiano Betta,https://www.flickr.com/people/cristiano_betta/,Dreamy Broccoli,https://www.flickr.com/photos/cristiano_betta/3734903937,https://creativecommons.org/licenses/by/2.0/
182462213ff6fccf,broccoli,Christopher Paquette,https://www.flickr.com/people/chpaquette/,CSA Week 22,https://www.flickr.com/photos/chpaquette/4052214551,https://creativecommons.org/licenses/by/2.0/
2f927967ec31c859,broccoli,Juhan Sonin,https://www.flickr.com/people/juhansonin/,Veggie Mandelbrot,https://www.flickr.com/photos/juhansonin/6430416931,https://creativecommons.org/licenses/by/2.0/
6e83cabca60035eb,broccoli,trenttsd,https://www.flickr.com/people/84335369@N00/,Steamed broccoli,https://www.flickr.com/photos/84335369@N00/6034067147,https://creativecommons.org/licenses/by/2.0/
09f71d93add796a4,broccoli,Dave Taylor,https://www.flickr.com/people/askdavetaylor/,"They claim this is edible, I say it's triffid spoor. #funny #food #alienlife",https://www.flickr.com/photos/askdavetaylor/16540410971,https://creativecommons.org/licenses/by/2.0/
6292940960ba690e,broccoli,Lori L. Stalteri,https://www.flickr.com/people/llstalteri/,Romanesco Broccoli,https://www.flickr.com/photos/llstalteri/8182782983,https://creativecommons.org/licenses/by/2.0/
691855a4be516b06,broccoli,U.S. Department of Agriculture,https://www.flickr.com/people/usdagov/,20150809-OC-LSC-0004,https://flickr.com/41284017@N08/21839281412,https://creativecommons.org/licenses/by/2.0/
8fe11a1f7c18a7f4,broccoli,Charleston&#x27;s TheDigitel,https://www.flickr.com/people/29456235@N04/,The Vegetable Bin,https://www.flickr.com/photos/29456235@N04/5036365510,https://creativecommons.org/licenses/by/2.0/
cb87528ad5629540,broccoli,Tristan Ferne,https://www.flickr.com/people/tristanf/,Fractal,https://www.flickr.com/photos/tristanf/6288751299,https://creativecommons.org/licenses/by/2.0/
2c1686d2bb00121b,broccoli,Francisco Gonzalez,https://www.flickr.com/people/franciscojgonzalez/,Col Romanesco,https://www.flickr.com/photos/franciscojgonzalez/6989515037,https://creativecommons.org/licenses/by/2.0/
17f26634ac0d0e4d,spinach,Marilyn Roxie,https://www.flickr.com/people/moonierocks/,Plant Texture,https://www.flickr.com/photos/moonierocks/7994707877,https://creativecommons.org/licenses/by/2.0/
bf42e14d9460e7c4,spinach,Neeta Lind,https://www.flickr.com/people/neeta_lind/,Untitled,https://www.flickr.com/photos/neeta_lind/14857262789,https://creativecommons.org/licenses/by/2.0/
4683c7273f7034d5,spinach,Vegan Feast Catering,https://www.flickr.com/people/veganfeast/,Epazote,https://www.flickr.com/photos/veganfeast/4631088290,https://creativecommons.org/licenses/by/2.0/
34dd1e15e094b197,egg,Bonita de Boer,https://www.flickr.com/people/bonitalabanane/,Putting their eggs in one basket...  Tsk tsk.,https://www.flickr.com/photos/7307231@N06/2471237931,https://creativecommons.org/licenses/by/2.0/
2e18a133d90da217,egg,Garrett Heath,https://www.flickr.com/people/garrettheath/,Twitter Eggs at OSCON,https://www.flickr.com/photos/garrettheath/9359575921,https://creativecommons.org/licenses/by/2.0/
b043b2d1ef7fba65,egg,Matt,https://www.flickr.com/people/webb-zahn/,Our Easter Eggs,https://www.flickr.com/photos/webb-zahn/3463688710,https://creativecommons.org/licenses/by/2.0/
a899b248cc8dbabb,egg,Daniel Oines,https://www.flickr.com/people/dno1967b/,Duck eggs,https://www.flickr.com/photos/dno1967b/7061591973,https://creativecommons.org/licenses/by/2.0/
dca3bdb491010875,egg,laura wright,https://www.flickr.com/people/thewrightmoments/,_DSC0656,https://www.flickr.com/photos/thewrightmoments/17172718785,https://creativecommons.org/licenses/by/2.0/
ede257a4a8b15e7c,egg,Green Mountain Girls Farm,https://www.flickr.com/people/eatstayfarm/,Pickled eggs,https://www.flickr.com/photos/eatstayfarm/15790448506,https://creativecommons.org/licenses/by/2.0/
2562a85a5e9187d8,egg,midiman,https://www.flickr.com/people/midiman/,Eggsellent,https://www.flickr.com/photos/midiman/125333158,https://creativecommons.org/licenses/by/2.0/
7271913780239fe8,egg,Dan Phiffer,https://www.flickr.com/people/dphiffer/,Easter eggs,https://www.flickr.com/photos/dphiffer/8010520,https://creativecommons.org/licenses/by/2.0/
a0f2d3f27af6df75,egg,Maryland Coastal Bays Program,https://www.flickr.com/people/63642509@N08/,Skimmer Island,https://www.flickr.com/photos/63642509@N08/14384473456,https://creativecommons.org/licenses/by/2.0/
be8d383b3c219305,egg,albemar78,https://www.flickr.com/people/9832554@N02/,Easter Eggs,https://www.flickr.com/photos/9832554@N02/756927750,https://creativecommons.org/licenses/by/2.0/
2333631da2efaeee,egg,Carodean Road Designs,https://www.flickr.com/people/carodeanroaddesigns/,"April, 2014",https://www.flickr.com/photos/carodeanroaddesigns/14019832086,https://creativecommons.org/licenses/by/2.0/
80758ff768e31aee,egg,El Gran Dee,https://www.flickr.com/people/elgrandee/,Raw Eggs,https://www.flickr.com/photos/elgrandee/2943249789,https://creativecommons.org/licenses/by/2.0/
a050ca6d73bc4f87,egg,Paul Arps,https://www.flickr.com/people/slapers/,"Egg transport (Sancti Spiritus, Cuba 2006)",https://www.flickr.com/photos/slapers/6731814437,https://creativecommons.org/licenses/by/2.0/
67a72566a64b57a3,egg,Whitney,https://www.flickr.com/people/whitneyinchicago/,Deviled Eggs,https://www.flickr.com/photos/whitneyinchicago/5504060867,https://creativecommons.org/licenses/by/2.0/
df9b64baddfc4023,egg,Laura,https://www.flickr.com/people/38476455@N00/,Easter Eggs,https://www.flickr.com/photos/38476455@N00/129402546/,https://creativecommons.org/licenses/by/2.0/
1d8a2bd37bcd326a,egg,Shawn Campbell,https://www.flickr.com/people/thecampbells/,Eggs,https://www.flickr.com/photos/thecampbells/4432912894,https://creativecommons.org/licenses/by/2.0/
749be615ee004221,egg,SantaRosa OLD SKOOL,https://www.flickr.com/people/santarosa/,Another easter egg,https://www.flickr.com/photos/santarosa/446653075,https://creativecommons.org/licenses/by/2.0/
8bcf3330514d6b03,egg,Andrew Gatt,https://www.flickr.com/people/andrewinraleigh/,PICT1094,https://www.flickr.com/photos/andrewinraleigh/451257472,https://creativecommons.org/licenses/by/2.0/
a5f3a2b30f49fdd7,egg,mike krzeszak,https://www.flickr.com/people/portland_mike/,#Eggs tater salad get in my belly!,https://www.flickr.com/photos/portland_mike/9586729690,https://creativecommons.org/licenses/by/2.0/
dc67c8938be158bc,egg,Nacho,https://www.flickr.com/people/gonmi/,Desenfoque selectivo,https://www.flickr.com/photos/gonmi/14821904109,https://creativecommons.org/licenses/by/2.0/
e3e9b57cbcddea6f,egg,Kansas City District U.S. Army Corps of Engineers,https://www.flickr.com/people/usace-kcd/,Untitled,https://www.flickr.com/photos/usace-kcd/6860598960,https://creativecommons.org/licenses/by/2.0/
b1b5972af5599a3a,egg,Jessie Pearl,https://www.flickr.com/people/terwilliger911/,humming bird eggs,https://www.flickr.com/photos/terwilliger911/2356485771,https://creativecommons.org/licenses/by/2.0/
00ba41acf5fda52f,egg,Frank Boston,https://www.flickr.com/people/fixersphotos/,My Easter Eggs,https://www.flickr.com/photos/fixersphotos/3437273800,https://creativecommons.org/licenses/by/2.0/
3c7397bdaa25e8df,egg,Arnold Gatilao,https://www.flickr.com/people/arndog/,Easter Arrangements,https://www.flickr.com/photos/arndog/5608448797,https://creativecommons.org/licenses/by/2.0/
fb4145c67af4f33c,egg,artfulblogger,https://www.flickr.com/people/artfulblogger/,double yolked eggs are lucky',https://www.flickr.com/photos/artfulblogger/3273845360,https://creativecommons.org/licenses/by/2.0/
4a0a67523cdfc6ec,egg,Blake Patterson,https://www.flickr.com/people/blakespot/,DSC_0367,https://www.flickr.com/photos/blakespot/3435732929,https://creativecommons.org/licenses/by/2.0/
4f252a5013bed52c,egg,Roberto Verzo,https://www.flickr.com/people/verzo/,Philippine quail eggs,https://www.flickr.com/photos/verzo/5606195127,https://creativecommons.org/licenses/by/2.0/
d7960a49d2759f4d,egg,ketnyelvugyerek,https://www.flickr.com/people/48646439@N08/,Easter basket,https://www.flickr.com/photos/48646439@N08/4450655845,https://creativecommons.org/licenses/by/2.0/
a61ac2bd6c0fbe6f,egg,"Jim, the Photographer",https://www.flickr.com/people/jcapaldi/,Dyed Easter Eggs,https://www.flickr.com/photos/jcapaldi/5652156970,https://creativecommons.org/licenses/by/2.0/
8ced635e3b0c3093,egg,Victoria Rachitzky Hoch,https://www.flickr.com/people/viclic/,"Ovos, Huevos, Eggs",https://www.flickr.com/photos/viclic/272759452,https://creativecommons.org/licenses/by/2.0/
70c45a60c259bcba,egg,David Berkowitz,https://www.flickr.com/people/davidberkowitz/,Egg tapping in Per Se's kitchen,https://www.flickr.com/photos/davidberkowitz/16265859581,https://creativecommons.org/licenses/by/2.0/
a4f0a1028ef0470e,egg,Erik Burton,https://www.flickr.com/people/13470115@N08/,Cutworm Moth Eggs,https://www.flickr.com/photos/13470115@N08/3571369369,https://creativecommons.org/licenses/by/2.0/
df8d26bea7bf37b0,egg,Thomas Kriese,https://www.flickr.com/people/thomaspix/,Sophia's first egg in the nest,https://www.flickr.com/photos/thomaspix/1348852738,https://creativecommons.org/licenses/by/2.0/
d60c2ebaead8c850,egg,Jarrod Doll,https://www.flickr.com/people/12407269@N07/,Egg Carrier,https://www.flickr.com/photos/12407269@N07/2640149718,https://creativecommons.org/licenses/by/2.0/
0c7c040c18059ee9,egg,Payton,https://www.flickr.com/people/sirbrillig/,photo,https://www.flickr.com/photos/sirbrillig/7094880503/,https://creativecommons.org/licenses/by/2.0/
72adafb7035948f3,egg,Brendan C,https://www.flickr.com/people/brendan-c/,Evan's Easter Egg,https://www.flickr.com/photos/brendan-c/3434415639,https://creativecommons.org/licenses/by/2.0/
fd274a28dac3c898,egg,Jo Naylor,https://www.flickr.com/people/pandora_6666/,Untitled,https://www.flickr.com/photos/pandora_6666/8056251018,https://creativecommons.org/licenses/by/2.0/
60d571927415a666,egg,jgmarcelino,https://www.flickr.com/people/gkpics/,&quot;Sous vide&quot; egg,https://www.flickr.com/photos/gkpics/5237722402,https://creativecommons.org/licenses/by/2.0/
c5e14c78cab95229,egg,Rob Bertholf,https://www.flickr.com/people/robbertholf/,Hillcrest Farmers Market,https://www.flickr.com/photos/robbertholf/19261391838,https://creativecommons.org/licenses/by/2.0/
23624a4385b14fdb,egg,coniferconifer,https://www.flickr.com/people/conifer/,Brown eared Bulbul is nesting next to kitchen window,https://www.flickr.com/photos/conifer/8753691718,https://creativecommons.org/licenses/by/2.0/
f585991b0c9b47fb,egg,osseous,https://www.flickr.com/people/osseous/,"July 26, 2015",https://www.flickr.com/photos/osseous/21100767654,https://creativecommons.org/licenses/by/2.0/
2f0ee02a0866f697,egg,brett jordan,https://www.flickr.com/people/x1brett/,Two consecutive double-yokers!,https://www.flickr.com/photos/x1brett/6225388083,https://creativecommons.org/licenses/by/2.0/
e7d7822c72e3e465,egg,HTHMA_MairaVierheller,https://www.flickr.com/people/78983487@N07/,Cabbage White Butterfly Eggs,https://www.flickr.com/photos/78983487@N07/7210484482,https://creativecommons.org/licenses/by/2.0/
b92a848c0fb2cb32,egg,storebukkebruse,https://www.flickr.com/people/tusnelda/,My collection of eggs... dont want to throw these away...,https://www.flickr.com/photos/tusnelda/16364942675,https://creativecommons.org/licenses/by/2.0/
2896f607a8a1181a,egg,Gytha69,https://www.flickr.com/people/76255570@N03/,Frohe Ostern!,https://www.flickr.com/photos/76255570@N03/8608226067,https://creativecommons.org/licenses/by/2.0/
da47a794015c3739,egg,jules,https://www.flickr.com/people/stone-soup/,Pickled and smoked quail eggs,https://www.flickr.com/photos/stone-soup/8037425298,https://creativecommons.org/licenses/by/2.0/
6d8fb87ebb17e36c,egg,Stephan Ridgway,https://www.flickr.com/people/stephanridgway/,Eggs at market,https://www.flickr.com/photos/stephanridgway/6769198509,https://creativecommons.org/licenses/by/2.0/
6294fccf5be2d4a7,egg,Filippo Diotalevi,https://www.flickr.com/people/fdiotalevi/,Imperfection,https://www.flickr.com/photos/fdiotalevi/2771621594,https://creativecommons.org/licenses/by/2.0/
7f0b53ee10a158e6,egg,maptagsde,https://www.flickr.com/people/maptagsde/,Easter Eggs,https://www.flickr.com/photos/maptagsde/11223990125,https://creativecommons.org/licenses/by/2.0/
8da9fc579c830578,egg,Wolfrage,https://www.flickr.com/people/wolfrage/,NHPE Meetup - Portsmouth-29,https://www.flickr.com/photos/wolfrage/487028794,https://creativecommons.org/licenses/by/2.0/
31696a24fce5bf7c,egg,Maggie Hoffman,https://www.flickr.com/people/maggiejane/,31/365,https://www.flickr.com/photos/maggiejane/4319730003,https://creativecommons.org/licenses/by/2.0/
5495e2777939a74d,egg,Timothy Vollmer,https://www.flickr.com/people/sixteenmilesofstring/,grace hard boiled some already hardboiled eggs. this produced undesirable results.,https://www.flickr.com/photos/sixteenmilesofstring/6576126499,https://creativecommons.org/licenses/by/2.0/
8de0e472a7195170,egg,Beck,https://www.flickr.com/people/beckayork/,Spiced Wild Plums,https://www.flickr.com/photos/beckayork/4950785425,https://creativecommons.org/licenses/by/2.0/
28f1bc48990e90a6,egg,Gustaaf Prins,https://www.flickr.com/people/zoeff/,Single swan egg,https://www.flickr.com/photos/zoeff/3588420002,https://creativecommons.org/licenses/by/2.0/
9c8866ecde69981d,egg,Pamela Carls,https://www.flickr.com/people/irisdragon/,EE094,https://www.flickr.com/photos/irisdragon/3437192428,https://creativecommons.org/licenses/by/2.0/
4160169c5fce199a,egg,Barta IV,https://www.flickr.com/people/98640399@N08/,EasterEggs-6843,https://www.flickr.com/photos/98640399@N08/21359483473,https://creativecommons.org/licenses/by/2.0/
d2bb6248bddfb120,egg,extended epiphany,https://www.flickr.com/people/extendedepiphany/,life.,https://www.flickr.com/photos/extendedepiphany/2407352183,https://creativecommons.org/licenses/by/2.0/
43a04bca5363f935,egg,Michiel Thomas,https://www.flickr.com/people/mitho/,easter eggs in my garden..,https://www.flickr.com/photos/mitho/432185570,https://creativecommons.org/licenses/by/2.0/
b83722e158d39412,egg,blue velcro,https://www.flickr.com/people/blue_velcro/,_DSC1179,https://www.flickr.com/photos/blue_velcro/5825603533,https://creativecommons.org/licenses/by/2.0/
a7cf780bcaf4b51d,egg,Pseph,https://www.flickr.com/people/gloriamunty/,poached eggs uncovered,https://www.flickr.com/photos/gloriamunty/11801306855,https://creativecommons.org/licenses/by/2.0/
35c1f0ff01d7a769,egg,kkmarais,https://www.flickr.com/people/29946195@N07/,Paper Mache Easter Egg,https://www.flickr.com/photos/29946195@N07/5604641192,https://creativecommons.org/licenses/by/2.0/
2c7b85e9a9356ca0,egg,Ralph Aichinger,https://www.flickr.com/people/sooperkuh/,168a,https://www.flickr.com/photos/sooperkuh/4632830495,https://creativecommons.org/licenses/by/2.0/
502639140925f948,egg,flowcomm,https://www.flickr.com/people/flowcomm/,Banded mongoose eating egg,https://www.flickr.com/photos/flowcomm/4869478267,https://creativecommons.org/licenses/by/2.0/
21baae050802b360,egg,Katrina Javier,https://www.flickr.com/people/katrinajavier/,Dami itlog. Hihihi.,https://www.flickr.com/photos/katrinajavier/7041903645,https://creativecommons.org/licenses/by/2.0/
5f80ae45d75d9bd6,egg,Counse,https://www.flickr.com/people/cbroders/,Hard boiled egg.,https://www.flickr.com/photos/cbroders/21336473635,https://creativecommons.org/licenses/by/2.0/
ef3005a8e8723536,egg,Calgary Reviews,https://www.flickr.com/people/calgaryreviews/,20130403-034-of-365,https://www.flickr.com/photos/calgaryreviews/8618604960,https://creativecommons.org/licenses/by/2.0/
4801e1ac68979771,egg,Joe Goldberg,https://www.flickr.com/people/goldberg/,50 Shades of Tan,https://www.flickr.com/photos/goldberg/10863993624,https://creativecommons.org/licenses/by/2.0/
f9a5fbfd1553f05e,egg,nathanmac87,https://www.flickr.com/people/nathanmac87/,Eggs,https://www.flickr.com/photos/nathanmac87/4537749023,https://creativecommons.org/licenses/by/2.0/
475b6b7afb8134ec,egg,Line Sabroe,https://www.flickr.com/people/linsepatron/,Palomena prasina eggs,https://www.flickr.com/photos/linsepatron/16362590830,https://creativecommons.org/licenses/by/2.0/
c546b57daf0166d7,egg,storebukkebruse,https://www.flickr.com/people/tusnelda/,Kids - for you to see - now gone,https://www.flickr.com/photos/tusnelda/14339097299,https://creativecommons.org/licenses/by/2.0/
4b1ca2a999a7e86e,egg,thegarethwiscombe,https://www.flickr.com/people/garethwiscombe/,Bowl of Eggs,https://www.flickr.com/photos/garethwiscombe/3553649678,https://creativecommons.org/licenses/by/2.0/
46517e5357257719,egg,Thomas Bresson,https://www.flickr.com/people/computerhotline/,Nest,https://www.flickr.com/photos/computerhotline/5675787889,https://creativecommons.org/licenses/by/2.0/
ee1e5724b9799687,egg,Jessie Pearl,https://www.flickr.com/people/terwilliger911/,Putting all our eggs in one basket,https://www.flickr.com/photos/terwilliger911/446710944/,https://creativecommons.org/licenses/by/2.0/
3c349e239f51c969,egg,watashiwani,https://www.flickr.com/people/yukochatulapoly/,two eggs,https://www.flickr.com/photos/yukochatulapoly/3134022016,https://creativecommons.org/licenses/by/2.0/
e8ff214edfbaed7a,egg,Jan Herbert,https://www.flickr.com/people/janherbert/,Happy Easter!,https://www.flickr.com/photos/janherbert/5647368099,https://creativecommons.org/licenses/by/2.0/
09a702c21520f3e0,egg,David O,https://www.flickr.com/people/proud_marines_brother/,The basket is full,https://www.flickr.com/photos/proud_marines_brother/130846487,https://creativecommons.org/licenses/by/2.0/
8a7745fac9f5732d,egg,City of Overland Park,https://www.flickr.com/people/cityofop/,IMG_5181,https://www.flickr.com/photos/cityofop/7450796870,https://creativecommons.org/licenses/by/2.0/
ca29bea2f55d230f,egg,Cristiano Betta,https://www.flickr.com/people/cristiano_betta/,Pigeon Egg,https://www.flickr.com/photos/cristiano_betta/2571203134,https://creativecommons.org/licenses/by/2.0/
51c1579a1dab342a,egg,Celestine Chua,https://www.flickr.com/people/celestinechua/,Shell Must Break,https://www.flickr.com/photos/celestinechua/10740806594,https://creativecommons.org/licenses/by/2.0/
3c353054856daa8e,egg,brittgow,https://www.flickr.com/people/brittgow/,2 eggs in nest,https://www.flickr.com/photos/brittgow/4781540407,https://creativecommons.org/licenses/by/2.0/
f6fec6257ff0adca,egg,Logan Ingalls,https://www.flickr.com/people/plutor/,Ziggy Circa 1987,https://www.flickr.com/photos/plutor/3435884771,https://creativecommons.org/licenses/by/2.0/
bb66b7a6b7efcc2b,egg,Olivier LHEMANN,https://www.flickr.com/people/osd29/,HDO #2,https://www.flickr.com/photos/osd29/10369735964,https://creativecommons.org/licenses/by/2.0/
fc85d7a68b602048,egg,Yvonne Esperanza,https://www.flickr.com/people/yvonsita/,Pretty colored huevos. #farmfresh #eggs #grainfree #freerange #local #pastel #colors,https://www.flickr.com/photos/yvonsita/15969865412,https://creativecommons.org/licenses/by/2.0/
ed9bf819b8d67a58,egg,Geek2Nurse,https://www.flickr.com/people/ladylong/,African Grey Parrot Hatchling,https://www.flickr.com/photos/ladylong/89992601,https://creativecommons.org/licenses/by/2.0/
32609f7d596400db,egg,Nancy Sims,https://www.flickr.com/people/pugno_muliebriter/,drafting-bumpylathe,https://www.flickr.com/photos/pugno_muliebriter/4494101927,https://creativecommons.org/licenses/by/2.0/
d2ca0c27031d4a24,egg,vkanaya,https://www.flickr.com/people/sweetrevlation/,tie dye & batik eggs,https://www.flickr.com/photos/sweetrevlation/7111485477/,https://creativecommons.org/licenses/by/2.0/
2a9caba20f7b7dfd,egg,J P Davidson,https://www.flickr.com/people/jpdavidsonimages/,Fresh Eggs,https://www.flickr.com/photos/jpdavidsonimages/4752438108,https://creativecommons.org/licenses/by/2.0/
604abed93e89b5d1,egg,Kate Harding,https://www.flickr.com/people/bundysworld/,Easter 2010,https://www.flickr.com/photos/bundysworld/6257720775,https://creativecommons.org/licenses/by/2.0/
6daa77be2426fab4,egg,Maurizio Napolitano,https://www.flickr.com/people/napo/,IMG_20140618_090647,https://www.flickr.com/photos/napo/14717700408,https://creativecommons.org/licenses/by/2.0/
5c08f28848847497,egg,Frédérique Voisin-Demery,https://www.flickr.com/people/vialbost/,Joyeuses Pâques ! 2012-04-08 - W15,https://www.flickr.com/photos/vialbost/6910522106,https://creativecommons.org/licenses/by/2.0/
09b2dbdf993d5d08,egg,Angela Vincent,https://www.flickr.com/people/harpers/,I want my mama!,https://www.flickr.com/photos/harpers/56903905,https://creativecommons.org/licenses/by/2.0/
a373c73ef62a5bbf,egg,Kurtis Garbutt,https://www.flickr.com/people/kjgarbutt/,Over Exposed Egg,https://www.flickr.com/photos/kjgarbutt/5537360816,https://creativecommons.org/licenses/by/2.0/
8134c021fd48ff2c,egg,nicolasgalindo,https://www.flickr.com/people/nicolasgalindo/,Huevonada,https://www.flickr.com/photos/nicolasgalindo/17839953109,https://creativecommons.org/licenses/by/2.0/
422688767acf41a5,egg,Thijs Knaap,https://www.flickr.com/people/thijs/,Eggs,https://www.flickr.com/photos/thijs/4627875172,https://creativecommons.org/licenses/by/2.0/
413da9e4e5e2daf1,egg,Su--May,https://www.flickr.com/people/su-may/,Goose eggs avail only two months in a year,https://www.flickr.com/photos/su-may/17224395289,https://creativecommons.org/licenses/by/2.0/
b92672b75af798a1,egg,Luca,https://www.flickr.com/people/gengiskunk/,Un nido nel vaso di fiori sul mio terrazzo. Sarà maschio o femmina?       #bird #branch #nido #nest #rami #uccello #egg #primavera #spring #azzurro #blue #surprise #sorpresa #uovo,https://www.flickr.com/photos/gengiskunk/8698880448,https://creativecommons.org/licenses/by/2.0/
5a9251f044e3f154,egg,T.Tseng,https://www.flickr.com/people/68147320@N02/,Chicken eggs and turkey eggs,https://www.flickr.com/photos/68147320@N02/15106659359,https://creativecommons.org/licenses/by/2.0/
7e5445e026ccfc4c,egg,Trung Vo | Touit,https://www.flickr.com/people/nhideth/,Eater Egg Hunt,https://www.flickr.com/photos/nhideth/8645647009,https://creativecommons.org/licenses/by/2.0/
03ce590c2b0635b1,egg,fishermansdaughter,https://www.flickr.com/people/fishermansdaughter/,our multicolored egg basket,https://www.flickr.com/photos/fishermansdaughter/5976617620,https://creativecommons.org/licenses/by/2.0/
5adeccd1fb70784e,egg,Joel Kramer,https://www.flickr.com/people/75001512@N00/,broken egg,https://www.flickr.com/photos/75001512@N00/4593096994,https://creativecommons.org/licenses/by/2.0/
ac7b7f731baaf8ba,egg,Michael Pedersen,https://www.flickr.com/people/46289172@N04/,Nest,https://www.flickr.com/photos/46289172@N04/4650379927/,https://creativecommons.org/licenses/by/2.0/
34d096c6f0194b85,egg,Watershed Post,https://www.flickr.com/people/watershedpost/,"Goose Eggs- Stone & Thistle Farm, by Denise Warren",https://www.flickr.com/photos/watershedpost/10414028986,https://creativecommons.org/licenses/by/2.0/
d40b6e76b2676cb1,egg,Jesus Abizanda,https://www.flickr.com/people/jesusabizanda/,Huevos gemelos (2 mas!),https://www.flickr.com/photos/jesusabizanda/8024688028,https://creativecommons.org/licenses/by/2.0/
dbaba8efb0e23f73,egg,Chris Samuel,https://www.flickr.com/people/chrissamuel/,Muscovy duck egg #5!,https://www.flickr.com/photos/chrissamuel/4892438784,https://creativecommons.org/licenses/by/2.0/
950153f45acc067d,egg,Martin Pettitt,https://www.flickr.com/people/mdpettitt/,"40 Bamboo Chevron, Lindt Big Egg Hunt Covent Garden 26-3-2013",https://www.flickr.com/photos/mdpettitt/8616518028,https://creativecommons.org/licenses/by/2.0/
6e51203e400842b0,egg,Lindz Graham,https://www.flickr.com/people/lindzgraham/,Haribo egg earrings,https://www.flickr.com/photos/lindzgraham/6271930091,https://creativecommons.org/licenses/by/2.0/
743916c44911c2f6,egg,Antífama,https://www.flickr.com/people/loqueveelojo/,Huevos de campo,https://www.flickr.com/photos/loqueveelojo/4184129433,https://creativecommons.org/licenses/by/2.0/
838080dd2c93d1b3,egg,soapydishwater,https://www.flickr.com/people/soapy/,Mixed Browns,https://www.flickr.com/photos/soapy/5443357800,https://creativecommons.org/licenses/by/2.0/
5ec425b0e8cac84d,egg,Kevin Carmody,https://www.flickr.com/people/skinofstars/,"Large to small eggs. Jurong Bird Park, Singapore.",https://www.flickr.com/photos/skinofstars/12196069063,https://creativecommons.org/licenses/by/2.0/
c74935b5c6e53541,egg,Jeff B,https://www.flickr.com/people/jeff83180/,Chipping Sparrow eggs,https://www.flickr.com/photos/jeff83180/689045682,https://creativecommons.org/licenses/by/2.0/
3d0369ffe42bc952,egg,vicki watkins,https://www.flickr.com/people/jakesmome/,Numbered,https://www.flickr.com/photos/jakesmome/3295905177,https://creativecommons.org/licenses/by/2.0/
7b1130aa0f607976,egg,Louisiana Sea Grant College Program Louisiana State University,https://www.flickr.com/people/88158121@N00/,"Grand Isle, Queen Bess Island, Mike Camardelle 05.15.2009 114",https://www.flickr.com/photos/88158121@N00/12091947094,https://creativecommons.org/licenses/by/2.0/
d4c4c658054f41b0,egg,John Morgan,https://www.flickr.com/people/aidanmorgan/,Fancy Egg,https://www.flickr.com/photos/aidanmorgan/5320034813,https://creativecommons.org/licenses/by/2.0/
ab967eb8e1574e4a,egg,Tatsuo Yamashita,https://www.flickr.com/people/yto/,おでん,https://www.flickr.com/photos/yto/10659720453,https://creativecommons.org/licenses/by/2.0/
48dc459c8253c24b,egg,Gerry Thomasen,https://www.flickr.com/people/gerrythomasen/,Two robin's eggs,https://www.flickr.com/photos/gerrythomasen/15195443882,https://creativecommons.org/licenses/by/2.0/
27d0c554cdfa34db,egg,Marie-Claire Camp,https://www.flickr.com/people/emseetwo/,Rubber bands on the egg.,https://www.flickr.com/photos/emseetwo/5655798859,https://creativecommons.org/licenses/by/2.0/
59225f6b2bac8caa,egg,Foodista,https://www.flickr.com/people/foodista/,IMG_9552,https://www.flickr.com/photos/foodista/4138182451,https://creativecommons.org/licenses/by/2.0/
156c07f229206fde,egg,bookfinch,https://www.flickr.com/people/mamsy/,Eggs from the chickens next door.,https://www.flickr.com/photos/mamsy/8400645732/,https://creativecommons.org/licenses/by/2.0/
6875f0ed7fc24053,egg,Cristian Bortes,https://www.flickr.com/people/bortescristian/,Dej,https://www.flickr.com/photos/bortescristian/4538315449,https://creativecommons.org/licenses/by/2.0/
49c682ec73ffccb0,egg,annie,https://www.flickr.com/people/insideology/,Royal eggs,https://www.flickr.com/photos/insideology/9422545491,https://creativecommons.org/licenses/by/2.0/
1a3bb9b7b4b88253,egg,Su--May,https://www.flickr.com/people/su-may/,Goose egg getting ready to be poached. Yolk diameter is approx 6cm,https://www.flickr.com/photos/su-may/17178286260,https://creativecommons.org/licenses/by/2.0/
29ea268a5b3dcb1c,egg,ilovebutter,https://www.flickr.com/people/jdickert/,Neon Albumin,https://www.flickr.com/photos/jdickert/3100686844,https://creativecommons.org/licenses/by/2.0/
1f2cb4292df5ba02,egg,Scott McLeod,https://www.flickr.com/people/mcleod/,Birds Nest 2,https://www.flickr.com/photos/mcleod/7150170265,https://creativecommons.org/licenses/by/2.0/
6047a241f217f667,egg,kaurjmeb,https://www.flickr.com/people/kaurjmeb/,CIMG2185,https://www.flickr.com/photos/kaurjmeb/2014467968/,https://creativecommons.org/licenses/by/2.0/
036c241293666110,egg,blokes 2012,https://www.flickr.com/people/82934060@N05/,"A Willy Wagtails nest , with 3 eggs.",https://www.flickr.com/photos/82934060@N05/15239605112,https://creativecommons.org/licenses/by/2.0/
fdc09571c1589e79,egg,Merve Akçay,https://www.flickr.com/people/merve/,Untitled,https://www.flickr.com/photos/merve/119932713,https://creativecommons.org/licenses/by/2.0/
23faed1106295fe2,egg,dennis crowley,https://www.flickr.com/people/dpstyles/,Battle of the eggs.,https://www.flickr.com/photos/dpstyles/5649700334,https://creativecommons.org/licenses/by/2.0/
4c0257530b9d4d38,egg,Maddy Minnis,https://www.flickr.com/people/mongobbq/,DSCN7928,https://www.flickr.com/photos/mongobbq/5883927059,https://creativecommons.org/licenses/by/2.0/
dbf361b0e45fe0dc,egg,Loco Steve,https://www.flickr.com/people/locosteve/,4 Eggs Now!,https://www.flickr.com/photos/locosteve/4533108836,https://creativecommons.org/licenses/by/2.0/
0ad1c6b84907d2ad,egg,Daniel Novta,https://www.flickr.com/people/vanf/,crack an egg,https://www.flickr.com/photos/vanf/5283152205,https://creativecommons.org/licenses/by/2.0/
1cdbdae8949c6a87,egg,Charles de Mille-Isles,https://www.flickr.com/people/demartigny/,oeufs de ..,https://www.flickr.com/photos/demartigny/5956569054,https://creativecommons.org/licenses/by/2.0/
47af08a4419bb757,egg,USFWS Mountain-Prairie,https://www.flickr.com/people/usfwsmtnprairie/,Sage thrasher eggs and nest on Seedskadee National Wildlife Refuge 02,https://www.flickr.com/photos/usfwsmtnprairie/14511739876,https://creativecommons.org/licenses/by/2.0/
6db57cbb60c0334f,egg,Dr. V,https://www.flickr.com/people/pawcurious/,Eggs,https://www.flickr.com/photos/pawcurious/4925738208,https://creativecommons.org/licenses/by/2.0/
13988721d92939d4,egg,Sarah  Morris,https://www.flickr.com/people/jamnspam/,Our handiwork,https://www.flickr.com/photos/jamnspam/4495382930/in/set-72157623666110703,https://creativecommons.org/licenses/by/2.0/
046d6a4aa30d74f7,egg,Kansas City District U.S. Army Corps of Engineers,https://www.flickr.com/people/usace-kcd/,Untitled,https://www.flickr.com/photos/usace-kcd/7006717031,https://creativecommons.org/licenses/by/2.0/
9bd0e26b0d52299d,egg,Betsy Weber,https://www.flickr.com/people/betsyweber/,Egg cup hack - no egg cups? Cut up a paper towel roll! Well done @longball!,https://www.flickr.com/photos/betsyweber/7432194846,https://creativecommons.org/licenses/by/2.0/
208b609cc2e9f39b,egg,Donald Hobern,https://www.flickr.com/people/dhobern/,Trissolcus sp.,https://www.flickr.com/photos/dhobern/14153217467,https://creativecommons.org/licenses/by/2.0/
4ea62ece28843fff,egg,Josh Engroff,https://www.flickr.com/people/engroff/,ready,https://www.flickr.com/photos/engroff/8605272670,https://creativecommons.org/licenses/by/2.0/
eaa08868a909e94b,egg,cybrgrl,https://www.flickr.com/people/cybrgrl/,Peacock Goose Egg,https://www.flickr.com/photos/cybrgrl/9090732828,https://creativecommons.org/licenses/by/2.0/
579e0c7339e759b9,egg,James Bowe,https://www.flickr.com/people/jamesrbowe/,Eggs,https://www.flickr.com/photos/jamesrbowe/7177637421,https://creativecommons.org/licenses/by/2.0/
bdec689b952b3426,egg,Nancy Sims,https://www.flickr.com/people/pugno_muliebriter/,waxing-whitedone,https://www.flickr.com/photos/pugno_muliebriter/4494973374,https://creativecommons.org/licenses/by/2.0/
db58a5803614406b,egg,Helga Birna Jónasdóttir,https://www.flickr.com/people/helgabj/,eggs,https://www.flickr.com/photos/helgabj/592457108,https://creativecommons.org/licenses/by/2.0/
bcd7b9f8ab42b001,egg,Anathea Utley,https://www.flickr.com/people/anathea/,feather,https://www.flickr.com/photos/anathea/3330252840,https://creativecommons.org/licenses/by/2.0/
920da5319f405bdb,egg,Jameson Fink,https://www.flickr.com/people/jamesonfink/,Blue eggs,https://www.flickr.com/photos/jamesonfink/6717379555,https://creativecommons.org/licenses/by/2.0/
4743d763ef8eb68c,egg,Aaron Baugher,https://www.flickr.com/people/aaronbaugher/,Double Yolker,https://www.flickr.com/photos/aaronbaugher/3793651120,https://creativecommons.org/licenses/by/2.0/
6460691ae85b58b6,egg,Tristan Kenney,https://www.flickr.com/people/tristankenney/,Untitled,https://www.flickr.com/photos/tristankenney/5583563168,https://creativecommons.org/licenses/by/2.0/
efb2ccad1baa9a29,egg,Wicker Paradise,https://www.flickr.com/people/wicker-furniture/,Eggy Candles,https://www.flickr.com/photos/wicker-furniture/12003769736,https://creativecommons.org/licenses/by/2.0/
4f9ed76f96754303,egg,camay,https://www.flickr.com/people/camay/,1745803740.jpg,https://www.flickr.com/photos/camay/9645679378,https://creativecommons.org/licenses/by/2.0/
137148a0ed5f8442,egg,Neeta Lind,https://www.flickr.com/people/neeta_lind/,IMG_3987,https://www.flickr.com/photos/neeta_lind/8604592857,https://creativecommons.org/licenses/by/2.0/
3c8c63e891e127b0,egg,National Rural Knowledge Exchange,https://www.flickr.com/people/nationalrural/,Clutch of eggs,https://www.flickr.com/photos/nationalrural/1116122069,https://creativecommons.org/licenses/by/2.0/
953cdef3e0731be8,egg,Eugene Kim,https://www.flickr.com/people/eekim/,Duck Egg Happy Face,https://www.flickr.com/photos/eekim/3666270285/,https://creativecommons.org/licenses/by/2.0/
2d26d1957eebdde5,egg,Brittany Woiderski,https://www.flickr.com/people/75912135@N05/,Nest close-up,https://www.flickr.com/photos/75912135@N05/19481019321,https://creativecommons.org/licenses/by/2.0/
896520a3eb613884,egg,tmorkemo,https://www.flickr.com/people/toremor/,Yellow easter eggs,https://www.flickr.com/photos/toremor/5648483293,https://creativecommons.org/licenses/by/2.0/
20bc3793dd47fb89,egg,goblinbox_(queen_of_ad_hoc_bento),https://www.flickr.com/people/goblinbox/,Making egg noodles,https://www.flickr.com/photos/goblinbox/15273419220,https://creativecommons.org/licenses/by/2.0/
d331bd280b385980,egg,Roger Braunstein,https://www.flickr.com/people/rogerimp/,Fiesta Eggs,https://www.flickr.com/photos/rogerimp/3797642216,https://creativecommons.org/licenses/by/2.0/
bbcd9ff26d4ae3df,egg,Jellaluna,https://www.flickr.com/people/90859240@N00/,64/365 Brown Eggs,https://www.flickr.com/photos/90859240@N00/5518573273,https://creativecommons.org/licenses/by/2.0/
c5c6abf2e59e1e2e,egg,W_Minshull,https://www.flickr.com/people/23950335@N07/,Which came first?,https://www.flickr.com/photos/23950335@N07/8290496395,https://creativecommons.org/licenses/by/2.0/
7d503fda335c1619,egg,Majento,https://www.flickr.com/people/majento/,#egg,https://www.flickr.com/photos/majento/9219203074,https://creativecommons.org/licenses/by/2.0/
056b823b35b47079,egg,Emilian Robert Vicol,https://www.flickr.com/people/free-stock/,Easter-Colored-Eggs__76319,https://www.flickr.com/photos/free-stock/6970874706/,https://creativecommons.org/licenses/by/2.0/
b4c81149470132ca,egg,Whit Andrews,https://www.flickr.com/people/whita/,Egg salad,https://www.flickr.com/photos/whita/4488629014,https://creativecommons.org/licenses/by/2.0/
d3f18ce8c071fe1f,egg,Yutaka Seki,https://www.flickr.com/people/yutakaseki/,Kinder,https://www.flickr.com/photos/yutakaseki/17305186301,https://creativecommons.org/licenses/by/2.0/
2b441b2e6b8f259d,egg,Madhav Pai,https://www.flickr.com/people/madpai/,Gray Crowned Rosy Finch Eggs,https://www.flickr.com/photos/madpai/698528713,https://creativecommons.org/licenses/by/2.0/
fd50b640df163c82,egg,Scott Robinson,https://www.flickr.com/people/clearlyambiguous/,Weighty,https://www.flickr.com/photos/clearlyambiguous/46140768,https://creativecommons.org/licenses/by/2.0/
3aae8fc9e77f5b2a,egg,James Emery,https://www.flickr.com/people/emeryjl/,aaron's basket_0302c,https://www.flickr.com/photos/emeryjl/448774195,https://creativecommons.org/licenses/by/2.0/
7f65e0bc93eee624,egg,Jennie Robinson Faber,https://www.flickr.com/people/jenniewoo/,Unequally yolked,https://www.flickr.com/photos/jenniewoo/6813706315/,https://creativecommons.org/licenses/by/2.0/
68ac0a60142385e1,egg,Jeremiah Tran,https://www.flickr.com/people/jeremyiah/,eggs,https://www.flickr.com/photos/jeremyiah/2911144518,https://creativecommons.org/licenses/by/2.0/
f7273136262e4d86,egg,suze sal,https://www.flickr.com/people/alltl/,who cares. :),https://www.flickr.com/photos/alltl/6037290559,https://creativecommons.org/licenses/by/2.0/
08f96c6b05f7d894,egg,Leo Fung,https://www.flickr.com/people/fungleo/,eggs,https://www.flickr.com/photos/fungleo/4860292363,https://creativecommons.org/licenses/by/2.0/
e29948030a6e07dd,egg,Predrag Stojadinovic,https://www.flickr.com/people/stojadinovicp/,2014-04-23 20.23.31,https://www.flickr.com/photos/stojadinovicp/14189176536,https://creativecommons.org/licenses/by/2.0/
8b5884b90704387c,egg,Leon Brocard,https://www.flickr.com/people/acme/,IXW_7207,https://www.flickr.com/photos/acme/11570228146,https://creativecommons.org/licenses/by/2.0/
527e0e8124507141,egg,makelessnoise,https://www.flickr.com/people/makelessnoise/,Egg-sitement,https://www.flickr.com/photos/makelessnoise/2401775369,https://creativecommons.org/licenses/by/2.0/
e39c9488ced2f502,egg,sammydavisdog,https://www.flickr.com/people/25559122@N06/,welsummer eggs,https://www.flickr.com/photos/25559122@N06/7260691612,https://creativecommons.org/licenses/by/2.0/
a07732d52358d2ad,egg,Bart Everson,https://www.flickr.com/people/editor/,Egg Bowl,https://www.flickr.com/photos/editor/5543605464/,https://creativecommons.org/licenses/by/2.0/
479d42f2e037c514,egg,emilydickinsonridesabmx,https://www.flickr.com/people/emilyrides/,Pidgeon Nest in My Brooklyn Window,https://www.flickr.com/photos/emilyrides/5665382669,https://creativecommons.org/licenses/by/2.0/
c7ed045baeebaf07,egg,silvmedia.de,https://www.flickr.com/people/52731864@N04/,gefärbte Ostereier,https://www.flickr.com/photos/52731864@N04/6908704012/,https://creativecommons.org/licenses/by/2.0/
b6b47781d809ac81,egg,Christopher Paquette,https://www.flickr.com/people/chpaquette/,Farm Eggs_Pennypack,https://www.flickr.com/photos/chpaquette/3541346092,https://creativecommons.org/licenses/by/2.0/
b561fce26ab07700,egg,EAWB,https://www.flickr.com/people/eawb/,Monogrammed Eggs,https://www.flickr.com/photos/eawb/1950872074,https://creativecommons.org/licenses/by/2.0/
fa32bb02587620ec,egg,10 10,https://www.flickr.com/people/tentenuk/,"Eggs for sale at Grange Farm shop, near Balcombe",https://www.flickr.com/photos/tentenuk/13982087795,https://creativecommons.org/licenses/by/2.0/
f9e62b38447e61bd,egg,Chris Dlugosz,https://www.flickr.com/people/chrisdlugosz/,neighboring egg realizes seriousness,https://www.flickr.com/photos/chrisdlugosz/3372852987,https://creativecommons.org/licenses/by/2.0/
5c685cdf16927adf,egg,Rebecca Siegel,https://www.flickr.com/people/grongar/,Matzo brei - eggs,https://www.flickr.com/photos/grongar/7178494905,https://creativecommons.org/licenses/by/2.0/
6e0d567f7a4401f8,egg,Jeff Egnaczyk,https://www.flickr.com/people/post406/,egg-hunt-all1,https://www.flickr.com/photos/post406/130397438,https://creativecommons.org/licenses/by/2.0/
00c3a14fcac78396,egg,Reynosa Blogs,https://www.flickr.com/people/bloggers/,Huevos por el suelo,https://www.flickr.com/photos/bloggers/7577887754,https://creativecommons.org/licenses/by/2.0/
9e5910be48010369,egg,brittgow,https://www.flickr.com/people/brittgow/,Egg osmosis experiment,https://www.flickr.com/photos/brittgow/4781928289,https://creativecommons.org/licenses/by/2.0/
79e7e24c3b5aab22,egg,Hyeon-Jeong Suk,https://www.flickr.com/people/127584241@N02/,003_계란노른자IMG_2453,https://www.flickr.com/photos/127584241@N02/15584464007,https://creativecommons.org/licenses/by/2.0/
be59b4f14c3582d6,egg,Dan4th Nicholas,https://www.flickr.com/people/dan4th/,93/365: Egg fault,https://www.flickr.com/photos/dan4th/5587828196,https://creativecommons.org/licenses/by/2.0/
04d43a866b770200,egg,Polar Cruises,https://www.flickr.com/people/polarphotos/,Untitled,https://www.flickr.com/photos/polarphotos/4684024560,https://creativecommons.org/licenses/by/2.0/
ead7d2d4779a466e,egg,Brian Fitzgerald,https://www.flickr.com/people/brian-fitzgerald/,Doctor Who Easter Egg,https://www.flickr.com/photos/brian-fitzgerald/8296922808,https://creativecommons.org/licenses/by/2.0/
c543966a1cf184c0,egg,Gregg Tavares,https://www.flickr.com/people/greggman/,DSC06466_b,https://www.flickr.com/photos/greggman/12189654656,https://creativecommons.org/licenses/by/2.0/
7b34f7700029b4c7,egg,John VanderHaagen,https://www.flickr.com/people/jvh33/,IMG_1333,https://www.flickr.com/photos/jvh33/17093266645,https://creativecommons.org/licenses/by/2.0/
8289f5ce943eb8ed,egg,Eddi,https://www.flickr.com/people/eddi_07/,egg,https://www.flickr.com/photos/eddi_07/4370198314,https://creativecommons.org/licenses/by/2.0/
440f039331bfa99b,egg,Shelton Dunning,https://www.flickr.com/people/skdunning/,Egg Wreath,https://www.flickr.com/photos/skdunning/8727605820,https://creativecommons.org/licenses/by/2.0/
17ea41dd37cf678a,egg,lula Solorzano,https://www.flickr.com/people/lulaph0tography/,Mi huevo,https://www.flickr.com/photos/lulaph0tography/7155583426,https://creativecommons.org/licenses/by/2.0/
8199f1be7e0b36b1,egg,Nacho,https://www.flickr.com/people/gonmi/,Haciendo galletas,https://www.flickr.com/photos/gonmi/7676160772,https://creativecommons.org/licenses/by/2.0/
95f196e3b913af53,egg,gravitat-OFF,https://www.flickr.com/people/92682792@N00/,Amseleier,https://www.flickr.com/photos/92682792@N00/3426692779,https://creativecommons.org/licenses/by/2.0/
b6132916cd76b1b2,egg,Tatiana Duiker,https://www.flickr.com/people/97459313@N08/,eggs,https://www.flickr.com/photos/97459313@N08/9383575207,https://creativecommons.org/licenses/by/2.0/
cdbacf95401241de,milk,Rebecca Siegel,https://www.flickr.com/people/grongar/,Cultured Butter - Buttermilk,https://www.flickr.com/photos/grongar/4924340492,https://creativecommons.org/licenses/by/2.0/
8e468a6a53f431f1,milk,Nacho,https://www.flickr.com/people/gonmi/,milk,https://www.flickr.com/photos/gonmi/16834580441,https://creativecommons.org/licenses/by/2.0/
c6f809b9cc6f5dbc,milk,Stella N.F.,https://www.flickr.com/people/stella_nf/,カトリーヌと白バラ様,https://www.flickr.com/photos/stella_nf/34346858,https://creativecommons.org/licenses/by/2.0/
a69916691bc04b97,milk,Oskari Kettunen,https://www.flickr.com/people/aok/,IMG_8747.JPG,https://www.flickr.com/photos/aok/289726180/,https://creativecommons.org/licenses/by/2.0/
049a2a3be2638bdd,milk,Alan Levine,https://www.flickr.com/people/cogdog/,Prepped for CyberSalon Visitors,https://www.flickr.com/photos/cogdog/2444211607,https://creativecommons.org/licenses/by/2.0/
3bce74ab3383ef43,milk,ilumove,https://www.flickr.com/people/liaw/,baby wombat,https://www.flickr.com/photos/liaw/8356936654,https://creativecommons.org/licenses/by/2.0/
83f0a63eedfdd68f,milk,Rebecca Siegel,https://www.flickr.com/people/grongar/,Yogurt - Cow milk,https://www.flickr.com/photos/grongar/5529448988,https://creativecommons.org/licenses/by/2.0/
944dd75629a285a1,milk,MdAgDept,https://www.flickr.com/people/mdagdept/,2014-06-04 14.46.54,https://www.flickr.com/photos/mdagdept/14167114769,https://creativecommons.org/licenses/by/2.0/
4c55cc8739da20c8,milk,Soli,https://www.flickr.com/people/quantumbutterfly/,April2012photodump 068,https://www.flickr.com/photos/quantumbutterfly/7174531819,https://creativecommons.org/licenses/by/2.0/
b5be42aef68ebf08,milk,TownePost Network,https://www.flickr.com/people/atgeist/,DSC_4191redocde,https://www.flickr.com/photos/atgeist/11458227386,https://creativecommons.org/licenses/by/2.0/
0798321a39c00de9,milk,Jérôme Decq,https://www.flickr.com/people/lesphotosdejerome/,Tasting &quot;méthode champenoise&quot; by Mumm,https://www.flickr.com/photos/lesphotosdejerome/3963271641,https://creativecommons.org/licenses/by/2.0/
dc8710c441999015,milk,Jasmine Alimentos,https://www.flickr.com/people/jasminealimentos/,Soylait Original,https://www.flickr.com/photos/jasminealimentos/5492445238,https://creativecommons.org/licenses/by/2.0/
88eca53e6568af11,milk,-murdoc (Maybe trading),https://www.flickr.com/people/jjw3k/,Starting my weekend right with some bubble tea. #bubbletea,https://www.flickr.com/photos/jjw3k/16151827406,https://creativecommons.org/licenses/by/2.0/
025a7039ee80a2e1,milk,Larry Jacobsen,https://www.flickr.com/people/ljguitar/,08 Jars - In they go,https://www.flickr.com/photos/ljguitar/4360159023,https://creativecommons.org/licenses/by/2.0/
190343c2d130c125,milk,Andreas Pizsa,https://www.flickr.com/people/butterseite/,DSC00160,https://www.flickr.com/photos/butterseite/382868998,https://creativecommons.org/licenses/by/2.0/
2ad6df75bfcf33d7,milk,Abi Porter,https://www.flickr.com/people/vanillaandlaceblog/,Laundry soap - DIY,https://www.flickr.com/photos/vanillaandlaceblog/4874719654,https://creativecommons.org/licenses/by/2.0/
999415862220b779,milk,Thomas Høyrup Christensen,https://www.flickr.com/people/thomaschristensen/,Coffee ad libitum,https://www.flickr.com/photos/thomaschristensen/247500497,https://creativecommons.org/licenses/by/2.0/
e4d68abd0c1a2c84,milk,~Pawsitive~Candie_N,https://www.flickr.com/people/scjn/,Got Cookies?,https://www.flickr.com/photos/scjn/3533592997,https://creativecommons.org/licenses/by/2.0/
d524c64c22a066e4,milk,Paul Downey,https://www.flickr.com/people/psd/,bought a passive-aggressive amount of milk,https://www.flickr.com/photos/psd/9132189227,https://creativecommons.org/licenses/by/2.0/
ea0dd0b0acbe15c6,milk,Day Donaldson,https://www.flickr.com/people/thespeakernews/,First Artificial Cow's Milk to Hit Market Next Year,https://www.flickr.com/photos/thespeakernews/15479047167,https://creativecommons.org/licenses/by/2.0/
1636d912cb396b1b,milk,James Thompson,https://www.flickr.com/people/jwthompson2/,The Milk,https://www.flickr.com/photos/jwthompson2/160835043,https://creativecommons.org/licenses/by/2.0/
30addf94c6e85dfb,milk,Sheila Sund,https://www.flickr.com/people/sheila_sund/,Mooaarrrghhhh-.jpg,https://www.flickr.com/photos/sheila_sund/11042971784/,https://creativecommons.org/licenses/by/2.0/
bf7edfe3c2e6d0bd,milk,Cy-V,https://www.flickr.com/people/cy-v/,COCOA! First this season.,https://www.flickr.com/photos/cy-v/9842718396,https://creativecommons.org/licenses/by/2.0/
bc977459cb5db223,milk,William Neuheisel,https://www.flickr.com/people/wneuheisel/,Boza in Vefa,https://www.flickr.com/photos/wneuheisel/6385861403,https://creativecommons.org/licenses/by/2.0/
83649e8bf93dc26b,milk,Marco Verch,https://www.flickr.com/people/30478819@N08/,"Sportgetränk aus Schmelzflocken, Zimt, Orangensaft und Milch",https://www.flickr.com/photos/30478819@N08/16145329278,https://creativecommons.org/licenses/by/2.0/
777d9d76ca6113ac,milk,Ferma de capre Rupi,https://www.flickr.com/people/fermadecapre/,"Lapte, brânză şi iaurt de capră",https://www.flickr.com/photos/fermadecapre/5539597986,https://creativecommons.org/licenses/by/2.0/
cbf636985445da7b,milk,Dan Harrelson,https://www.flickr.com/people/dharrels/,Homebrew step seven: the boil,https://www.flickr.com/photos/dharrels/3758885933,https://creativecommons.org/licenses/by/2.0/
2ef3359369a83345,milk,Aaron Muszalski,https://www.flickr.com/people/sfslim/,“For Professionals”,https://www.flickr.com/photos/sfslim/15744334769,https://creativecommons.org/licenses/by/2.0/
5eefe36998451009,milk,Linusblanket17,https://www.flickr.com/people/linusblanket17/,회사와서 짐 정리하고 오늘 처음으로 뭔가를 먹으러 옴,https://www.flickr.com/photos/linusblanket17/15702779138,https://creativecommons.org/licenses/by/2.0/
80e18c09aa7d22e4,milk,ismael villafranco,https://www.flickr.com/people/maelvillafranco/,Bistro Cheny,https://www.flickr.com/photos/maelvillafranco/6835263512,https://creativecommons.org/licenses/by/2.0/
2cb8cb5a6be78369,milk,juanstermonster,https://www.flickr.com/people/juanster/,Soy Milk,https://www.flickr.com/photos/juanster/3239542028,https://creativecommons.org/licenses/by/2.0/
da923c37ba25ba5e,milk,Ralph Aichinger,https://www.flickr.com/people/sooperkuh/,57,https://www.flickr.com/photos/sooperkuh/4323869294,https://creativecommons.org/licenses/by/2.0/
483cda6a77505e11,milk,RURU HEBE Lucero del Alba,https://www.flickr.com/people/ifita/,upload,https://www.flickr.com/photos/ifita/8759448172,https://creativecommons.org/licenses/by/2.0/
b5309c688d34c0e0,milk,L.A. Foodie,https://www.flickr.com/people/lafoodie/,The bourbon milkshake from @raysandstarkbar at @lacma finally let's me pack more booze into my meal! It's creamy and sweet with a subtle bite of boozy bourbon at the end. You gotta try it with their insane specialty burger this month! #prgbestburgerever #,https://www.flickr.com/photos/lafoodie/17336202951,https://creativecommons.org/licenses/by/2.0/
7f6c8ee47df1d729,milk,Mark Morgan,https://www.flickr.com/people/markmorgantrinidad/,Milk Jug on Yellow detail,https://www.flickr.com/photos/markmorgantrinidad/16559405934,https://creativecommons.org/licenses/by/2.0/
4bcdd5a142b125a1,milk,thedabblist,https://www.flickr.com/people/64636759@N07/,Cinnamon Vanilla Honey Cashew Milk,https://www.flickr.com/photos/64636759@N07/8512269530,https://creativecommons.org/licenses/by/2.0/
2d4df695e7789ea4,milk,Leslie Seaton,https://www.flickr.com/people/lacatholique/,LifewayKefir,https://www.flickr.com/photos/lacatholique/5194486560,https://creativecommons.org/licenses/by/2.0/
52072b5c865a4f30,milk,Mark Nicolson,https://www.flickr.com/people/m-nicolson/,splash,https://www.flickr.com/photos/m-nicolson/3115946285,https://creativecommons.org/licenses/by/2.0/
61bbb62f0aa9c07b,milk,Yusuke Kawasaki,https://www.flickr.com/people/u-suke/,Amazake（甘酒）,https://www.flickr.com/photos/u-suke/138067686,https://creativecommons.org/licenses/by/2.0/
78be3cbbf29825e7,milk,Wes Schaeffer,https://www.flickr.com/people/thesaleswhisperer/,milk,https://www.flickr.com/photos/thesaleswhisperer/15000015148,https://creativecommons.org/licenses/by/2.0/
73d48bd12688acfe,milk,Jan Smith,https://www.flickr.com/people/26085795@N02/,Melk,https://www.flickr.com/photos/26085795@N02/3973512268,https://creativecommons.org/licenses/by/2.0/
8e55ca932c7d2ecd,milk,Helga Birna Jónasdóttir,https://www.flickr.com/people/helgabj/,DSC_0203,https://www.flickr.com/photos/helgabj/2629361722/,https://creativecommons.org/licenses/by/2.0/
e0fd90f5b5ec2746,milk,Kim Knoch,https://www.flickr.com/people/nourishingcook/,almond coconut milk,https://www.flickr.com/photos/nourishingcook/4629887528,https://creativecommons.org/licenses/by/2.0/
7fa9c8854a3090e6,milk,Dan4th Nicholas,https://www.flickr.com/people/dan4th/,080406 happy heads,https://www.flickr.com/photos/dan4th/2403697289,https://creativecommons.org/licenses/by/2.0/
e9d132723f218afe,milk,Vincent Li,https://www.flickr.com/people/hunter0405/,Morrisons white chocolate flavoured fresh milk,https://www.flickr.com/photos/hunter0405/6527599295,https://creativecommons.org/licenses/by/2.0/
8d81d47ee4e11fd0,milk,buyalex,https://www.flickr.com/people/buyalex/,WTF. Cotton candy milk and other crazy flavors.,https://www.flickr.com/photos/buyalex/7158031387,https://creativecommons.org/licenses/by/2.0/
805a7f6cbe61b178,milk,Tess Watson,https://www.flickr.com/people/tessawatson/,Making  Yogurt,https://www.flickr.com/photos/tessawatson/407041208,https://creativecommons.org/licenses/by/2.0/
a220fa2574490422,milk,Mike Mozart,https://www.flickr.com/people/jeepersmedia/,Milk,https://www.flickr.com/photos/jeepersmedia/17294558066,https://creativecommons.org/licenses/by/2.0/
af968eeb429c772f,milk,Tony Bowall Photography,https://www.flickr.com/people/tonybphotos/,Homage to Robert - Cala #3,https://www.flickr.com/photos/tonybphotos/6923706605/,https://creativecommons.org/licenses/by/2.0/
928726a867514808,milk,Kristina  Alexanderson,https://www.flickr.com/people/kalexanderson/,made by the office barista,https://www.flickr.com/photos/kalexanderson/7878782696,https://creativecommons.org/licenses/by/2.0/
0819e79e097b0e64,bread,Mark Wallace,https://www.flickr.com/people/walkering/,Broiler French Toast,https://www.flickr.com/photos/walkering/2743382334,https://creativecommons.org/licenses/by/2.0/
ab45af12fa9a0d36,bread,Nacho,https://www.flickr.com/people/gonmi/,pan 007,https://www.flickr.com/photos/gonmi/20902917755,https://creativecommons.org/licenses/by/2.0/
a52250eeb6df61de,bread,Fred Robel,https://www.flickr.com/people/47026774@N03/,HIP_347466235.429634,https://www.flickr.com/photos/47026774@N03/6675885837,https://creativecommons.org/licenses/by/2.0/
34acf49f8fef0d78,bread,TNS Sofres,https://www.flickr.com/people/124561666@N02/,Bread and buns,https://www.flickr.com/photos/124561666@N02/14396922334,https://creativecommons.org/licenses/by/2.0/
fa1d5d16b3c3323e,bread,Alex &quot;Skud&quot; Bayley,https://www.flickr.com/people/alexsbayley/,Bread!,https://www.flickr.com/photos/alexsbayley/9147547549,https://creativecommons.org/licenses/by/2.0/
474d23651d5ca02a,bread,missy,https://www.flickr.com/people/missy-and-the-universe/,Parmesan and parsnip bread,https://www.flickr.com/photos/missy-and-the-universe/3037917769,https://creativecommons.org/licenses/by/2.0/
9b28a9dfab6a5ac5,bread,Hollywood Branded,https://www.flickr.com/people/hollywoodbranded/,Valery Ortiz shows off her Dearfoams slippers!,https://www.flickr.com/photos/hollywoodbranded/5760183282,https://creativecommons.org/licenses/by/2.0/
29d6d8b90e19a3b6,bread,Madison Scott-Clary,https://www.flickr.com/people/ranna/,Cheese Bread,https://www.flickr.com/photos/ranna/319944910,https://creativecommons.org/licenses/by/2.0/
ed2b7d15a63d2163,bread,fugzu,https://www.flickr.com/people/70253321@N00/,corona a treccia di semola rimacinata con semi di sesamo e papavero,https://www.flickr.com/photos/70253321@N00/5636944509,https://creativecommons.org/licenses/by/2.0/
46cc747c463c1310,bread,Bob Peters,https://www.flickr.com/people/22179048@N05/,4435,https://www.flickr.com/photos/22179048@N05/15385350870,https://creativecommons.org/licenses/by/2.0/
cd90b95f8010c008,bread,Steven Depolo,https://www.flickr.com/people/stevendepolo/,"Swedish Braided Bread Riverside Park Mother's Day May 09, 20101-8",https://www.flickr.com/photos/stevendepolo/4600252430,https://creativecommons.org/licenses/by/2.0/
f7357f2f772d8787,bread,Roland Tanglao,https://www.flickr.com/people/roland/,Muffin at kafkas coffee - 20100811_011.jpg,https://www.flickr.com/photos/roland/4882827758,https://creativecommons.org/licenses/by/2.0/
d034c418bef62a9b,bread,Universal Places,https://www.flickr.com/people/universalplaces/,Momento horroroso del día,https://www.flickr.com/photos/universalplaces/6031218485,https://creativecommons.org/licenses/by/2.0/
2d8ee2425d315426,bread,Martin,https://www.flickr.com/people/ugod/,Burger Rolls / Buns,https://www.flickr.com/photos/ugod/4607464060,https://creativecommons.org/licenses/by/2.0/
71d8441a39e02ef8,bread,Magic Madzik,https://www.flickr.com/people/cefeida/,47/366: Soda Bread,https://www.flickr.com/photos/cefeida/2269349725,https://creativecommons.org/licenses/by/2.0/
3826d1d926eca198,bread,martinak15,https://www.flickr.com/people/martinaphotography/,No knead oat bread! (+1 in comments),https://www.flickr.com/photos/martinaphotography/6356174035,https://creativecommons.org/licenses/by/2.0/
033f85f46e71fc75,bread,Stefano Mazzone,https://www.flickr.com/people/stefanomazzone68/,"&quot;Quello che devi fare, fallo presto&quot;",https://www.flickr.com/photos/stefanomazzone68/5182812688/,https://creativecommons.org/licenses/by/2.0/
86aa78ce734218cc,bread,Herry Lawford,https://www.flickr.com/people/herry/,London's Best Hamburger,https://www.flickr.com/photos/herry/479892042,https://creativecommons.org/licenses/by/2.0/
f559df5650b9c34c,bread,Steve Johnson,https://www.flickr.com/people/artbystevejohnson/,Blueberry Muffins,https://www.flickr.com/photos/artbystevejohnson/4670478636,https://creativecommons.org/licenses/by/2.0/
471571b9a53df055,bread,kae71463,https://www.flickr.com/people/75231152@N00/,Rosemary Bread,https://www.flickr.com/photos/75231152@N00/5711809860,https://creativecommons.org/licenses/by/2.0/
4fa43c651bc8be33,bread,ken tam,https://www.flickr.com/people/kanuck/,IMG_8885,https://www.flickr.com/photos/kanuck/311463043,https://creativecommons.org/licenses/by/2.0/
aa906e9dc772519b,bread,Jessica Spengler,https://www.flickr.com/people/wordridden/,Semolina bread,https://www.flickr.com/photos/wordridden/5835645566,https://creativecommons.org/licenses/by/2.0/
ac0077fd03e9e741,bread,Jim Holmes,https://www.flickr.com/people/jimholmes/,IMG_0784,https://www.flickr.com/photos/jimholmes/3230574684,https://creativecommons.org/licenses/by/2.0/
08e1cd90f2cc6ee5,bread,Abtin Javid,https://www.flickr.com/people/abtinjavid/,Country Slice,https://www.flickr.com/photos/abtinjavid/9634767060,https://creativecommons.org/licenses/by/2.0/
4a8660879a9cbb72,bread,Katie,https://www.flickr.com/people/61192399@N04/,The Perfect French Baguette 4,https://www.flickr.com/photos/61192399@N04/8624160279,https://creativecommons.org/licenses/by/2.0/
24bce8ecc85bb2d1,bread,Javi Vte Rejas,https://www.flickr.com/people/mediaflema/,20150302_061454,https://www.flickr.com/photos/mediaflema/16547876749/,https://creativecommons.org/licenses/by/2.0/
b265a209e6f3ec41,bread,Nacho,https://www.flickr.com/people/gonmi/,Pan de Pascua,https://www.flickr.com/photos/gonmi/13781888173/,https://creativecommons.org/licenses/by/2.0/
4a7a9f942f86af9c,bread,"Kurman Communications, Inc.",https://www.flickr.com/people/kurmanphotos/,DSC02154,https://www.flickr.com/photos/kurmanphotos/14104867755/,https://creativecommons.org/licenses/by/2.0/
cdcc4afe96955477,bread,Mixy Lorenzo,https://www.flickr.com/people/ladymixy-uk/,While you were sleeping...,https://www.flickr.com/photos/ladymixy-uk/14302228668,https://creativecommons.org/licenses/by/2.0/
9da80ccbc9022704,bread,Kojach,https://www.flickr.com/people/kojach/,Polish Cheese II,https://www.flickr.com/photos/kojach/4946836241,https://creativecommons.org/licenses/by/2.0/
78007c62cb474b69,bread,Steve Johnson,https://www.flickr.com/people/artbystevejohnson/,home made bread,https://www.flickr.com/photos/artbystevejohnson/4996533294,https://creativecommons.org/licenses/by/2.0/
f520f27d198d1edd,bread,Chris Brown,https://www.flickr.com/people/zoonabar/,Obwarzanki,https://www.flickr.com/photos/zoonabar/3451465609,https://creativecommons.org/licenses/by/2.0/
c5b68c01a922931d,bread,Yukiko Matsuoka,https://www.flickr.com/people/yukikomatsuoka/,Baguette,https://www.flickr.com/photos/yukikomatsuoka/12138445895,https://creativecommons.org/licenses/by/2.0/
a933b6b004c5112a,bread,Javier Lastras,https://www.flickr.com/people/jlastras/,Cesta de Pan,https://www.flickr.com/photos/jlastras/3904433913,https://creativecommons.org/licenses/by/2.0/
6bf07e92eddd2b40,bread,winestem,https://www.flickr.com/people/winestem/,DSC00940,https://www.flickr.com/photos/winestem/14841500315,https://creativecommons.org/licenses/by/2.0/
b1f59dca2cf35973,bread,Cafeterías Nebraska,https://www.flickr.com/people/nebraskacafeterias/,Desayunos Nebraska,https://www.flickr.com/photos/nebraskacafeterias/8445383070,https://creativecommons.org/licenses/by/2.0/
92238b957d8212c4,bread,Diego,https://www.flickr.com/people/dags1974/,#Pagnotta #integrale. Bonci scansate,https://www.flickr.com/photos/dags1974/19361620091,https://creativecommons.org/licenses/by/2.0/
71aedab067af2133,bread,PhotoGraphus,https://www.flickr.com/people/photographus/,What daaaaaaaaaay it iiiiiisssss??? #humpday !!! #ocrestaurantwk #yum,https://www.flickr.com/photos/photographus/12796565953,https://creativecommons.org/licenses/by/2.0/
6885ecce8f5917fa,bread,Benoit Brouillette,https://www.flickr.com/people/benoit59/,2,https://www.flickr.com/photos/benoit59/13928711084,https://creativecommons.org/licenses/by/2.0/
866d6c82719e3868,bread,Rooey202,https://www.flickr.com/people/rooey/,Seven Grain Honey Bread,https://www.flickr.com/photos/rooey/5213575214,https://creativecommons.org/licenses/by/2.0/
e5348cd194c7da61,bread,Roland Tanglao,https://www.flickr.com/people/roland/,Bryght Bread from Andy's Bakery - Image196,https://www.flickr.com/photos/roland/422234757,https://creativecommons.org/licenses/by/2.0/
93b7a4c831c38716,bread,Dwight Sipler,https://www.flickr.com/people/photofarmer/,Stuffing Bread,https://www.flickr.com/photos/photofarmer/3065021991,https://creativecommons.org/licenses/by/2.0/
c63e3f6b39056c18,bread,Phillip Pessar,https://www.flickr.com/people/southbeachcars/,Hostess Brands Wonder Bread,https://www.flickr.com/photos/southbeachcars/8207848055,https://creativecommons.org/licenses/by/2.0/
93aa41c300dd9eb9,bread,Joel Kramer,https://www.flickr.com/people/75001512@N00/,bagel!,https://www.flickr.com/photos/75001512@N00/5172657128,https://creativecommons.org/licenses/by/2.0/
6aee9a490103dbef,bread,jessica mullen,https://www.flickr.com/people/jessicamullen/,Omfg @kellycree just made BREAD!!!! ✨,https://www.flickr.com/photos/jessicamullen/9023699574,https://creativecommons.org/licenses/by/2.0/
873b37509854d37f,bread,Denis Miroshin,https://www.flickr.com/people/znids/,первый хлеб,https://www.flickr.com/photos/znids/5494326278,https://creativecommons.org/licenses/by/2.0/
1ba2d89136a44771,bread,pallina60 Loon,https://www.flickr.com/people/pallina60loon/,2-It will not last much ^^,https://www.flickr.com/photos/pallina60loon/19650041270,https://creativecommons.org/licenses/by/2.0/
44a0f4287dda25ed,bread,Jeff Keacher,https://www.flickr.com/people/teuobk/,Bread Loaf,https://www.flickr.com/photos/teuobk/2104039823,https://creativecommons.org/licenses/by/2.0/
17377c0d2abb0ffc,bread,Charles Barilleaux,https://www.flickr.com/people/bontempscharly/,6 inches tall,https://www.flickr.com/photos/bontempscharly/8667281790,https://creativecommons.org/licenses/by/2.0/
4a38cf7f24d3f8d4,bread,Crystal,https://www.flickr.com/people/crystalflickr/,peanut butter bread,https://www.flickr.com/photos/crystalflickr/2473268641,https://creativecommons.org/licenses/by/2.0/
cc18940e6f474235,bread,Chun Yip  So,https://www.flickr.com/people/chunso/,Dinner at Tony and Huddath's,https://www.flickr.com/photos/chunso/4961964655,https://creativecommons.org/licenses/by/2.0/
bb3638114bd70986,bread,Calgary Reviews,https://www.flickr.com/people/calgaryreviews/,20130410-041-of-365,https://www.flickr.com/photos/calgaryreviews/8638502935,https://creativecommons.org/licenses/by/2.0/
c0a8139ad2bf8dcd,bread,Joel Penner,https://www.flickr.com/people/featheredtar/,Fresh Out of the Oven,https://www.flickr.com/photos/featheredtar/2263059983,https://creativecommons.org/licenses/by/2.0/
2651b2008da6d733,bread,Bart Everson,https://www.flickr.com/people/editor/,51% Whole Wheat Slice,https://www.flickr.com/photos/editor/6967743544,https://creativecommons.org/licenses/by/2.0/
0bf5bd613d68bd40,bread,Kurt Nordstrom,https://www.flickr.com/people/afroswede/,Challah Bread,https://www.flickr.com/photos/afroswede/3158221,https://creativecommons.org/licenses/by/2.0/
f62bfa78385638f4,bread,Katie Kuksenok,https://www.flickr.com/people/kt_kuksenok/,Michael's Homemade Bread,https://www.flickr.com/photos/kt_kuksenok/5402793405,https://creativecommons.org/licenses/by/2.0/
958849927b43991e,bread,Kari Haley,https://www.flickr.com/people/karihaley/,sourdough_loaf_final,https://www.flickr.com/photos/karihaley/5349599182,https://creativecommons.org/licenses/by/2.0/
fbb9e88048c4dbdb,bread,Bryan Alexander,https://www.flickr.com/people/bryanalexander/,"pain de campagne, Madame Doz",https://www.flickr.com/photos/bryanalexander/2418729465,https://creativecommons.org/licenses/by/2.0/
eaa6c9823b0d8979,bread,Karen and Brad Emerson,https://www.flickr.com/people/karenandbrademerson/,bagels,https://www.flickr.com/photos/karenandbrademerson/12543699243,https://creativecommons.org/licenses/by/2.0/
7904fa8049789dc8,bread,brett jordan,https://www.flickr.com/people/x1brett/,"Park Lane, 06-09-15",https://www.flickr.com/photos/x1brett/21198630385,https://creativecommons.org/licenses/by/2.0/
693839095e85d18d,bread,Divya Kudua,https://www.flickr.com/people/63585301@N08/,Whole wheat sandwich loaf,https://www.flickr.com/photos/63585301@N08/11363068034,https://creativecommons.org/licenses/by/2.0/
0c9bb7df1853462d,bread,Rebecca Siegel,https://www.flickr.com/people/grongar/,Challah,https://www.flickr.com/photos/grongar/3322186747,https://creativecommons.org/licenses/by/2.0/
bce750ef5a37a1c2,bread,Jeff Turner,https://www.flickr.com/people/respres/,Donuts - Lolo,https://www.flickr.com/photos/respres/3298503366,https://creativecommons.org/licenses/by/2.0/
38cd36b55f5f47ed,bread,Cirofono,https://www.flickr.com/people/ciroduran/,Paaaaaaahnn!,https://www.flickr.com/photos/ciroduran/15661297666,https://creativecommons.org/licenses/by/2.0/
f7628030ed3e9144,bread,Andrew Malone,https://www.flickr.com/people/andrewmalone/,Two loaves,https://www.flickr.com/photos/andrewmalone/15829762793,https://creativecommons.org/licenses/by/2.0/
7b7560a08ded5783,bread,Iwan Gabovitch,https://www.flickr.com/people/qubodup/,Opened Ciabatta Bread,https://www.flickr.com/photos/qubodup/15240876399,https://creativecommons.org/licenses/by/2.0/
18bae533c46836bc,bread,Martin F,https://www.flickr.com/people/marts-pics/,Malted brown on a slant,https://www.flickr.com/photos/marts-pics/118280602,https://creativecommons.org/licenses/by/2.0/
65602a8782293f21,bread,Jaymis Loveday,https://www.flickr.com/people/jaymis/,Coffee and Date Loaf: Yay Bread Robot!,https://www.flickr.com/photos/jaymis/5308590183,https://creativecommons.org/licenses/by/2.0/
a2d036fb8fe8141f,bread,Shayan (USA),https://www.flickr.com/people/ssanyal/,Sometimes I miss France,https://www.flickr.com/photos/ssanyal/122332861,https://creativecommons.org/licenses/by/2.0/
ca926ec717b49d1f,bread,Larry Jacobsen,https://www.flickr.com/people/ljguitar/,9-14 Bread LC  0906,https://www.flickr.com/photos/ljguitar/2897054013,https://creativecommons.org/licenses/by/2.0/
cfd9d474fcb239f6,bread,Alper Çuğun,https://www.flickr.com/people/alper/,Simit,https://www.flickr.com/photos/alper/14087204487,https://creativecommons.org/licenses/by/2.0/
cf344c81d7d67dda,bread,David Blaine,https://www.flickr.com/people/39718079@N00/,Untitled,https://www.flickr.com/photos/39718079@N00/8244231851/,https://creativecommons.org/licenses/by/2.0/
874256bd06149175,bread,Chris Florence,https://www.flickr.com/people/chrisflorence/,IMG_1894,https://www.flickr.com/photos/chrisflorence/7165127016,https://creativecommons.org/licenses/by/2.0/
fd8060d94df19cbf,bread,Fil.Al,https://www.flickr.com/people/fbohac/,Vanocka,https://www.flickr.com/photos/fbohac/8290699086,https://creativecommons.org/licenses/by/2.0/
111349ff9581248c,cheese,Erin Costa,https://www.flickr.com/people/erin_costa/,Coconut Oil _butterfly flower soap,https://www.flickr.com/photos/erin_costa/6766168903,https://creativecommons.org/licenses/by/2.0/
52115f7953b8173e,cheese,Jarrod Lombardo,https://www.flickr.com/people/jarrodlombardo/,Parmesano-Reggiano,https://www.flickr.com/photos/jarrodlombardo/146690909,https://creativecommons.org/licenses/by/2.0/
e496826c83e67ed4,cheese,stephen boisvert,https://www.flickr.com/people/srboisvert/,Montgomery's Cheddar Cheese,https://www.flickr.com/photos/srboisvert/5796666301,https://creativecommons.org/licenses/by/2.0/
602f26847d8d1bb4,cheese,Javier Lastras,https://www.flickr.com/people/jlastras/,Detalle del Queso de Cabrales,https://www.flickr.com/photos/jlastras/2875639218,https://creativecommons.org/licenses/by/2.0/
117cc2f440ea03fd,cheese,Joselu Blanco,https://www.flickr.com/people/silverman68/,Stichelton y Banon,https://flickr.com/29120766@N07/5458094157,https://creativecommons.org/licenses/by/2.0/
2b8f5adbf64c1d1f,cheese,opacity,https://www.flickr.com/people/opacity/,cheese 2 - Cabot Creamery - Baconfest 2013.jpg,https://www.flickr.com/photos/opacity/8669831713,https://creativecommons.org/licenses/by/2.0/
c67d33a582827be0,cheese,Joe Grigg,https://www.flickr.com/people/jproteus/,Cutting the sheet into little squares and coating them with powdered sugar!,https://www.flickr.com/photos/jproteus/4922081382,https://creativecommons.org/licenses/by/2.0/
8de26fb0f4f24fb6,cheese,Per Åström,https://www.flickr.com/people/perkovich/,Vad gör de med ostens spets (eftersom den saknas)?,https://www.flickr.com/photos/perkovich/9538717847,https://creativecommons.org/licenses/by/2.0/
6da40993d7e59afe,cheese,United Soybean Board,https://www.flickr.com/people/unitedsoybean/,Tofu,https://www.flickr.com/photos/unitedsoybean/10059729405,https://creativecommons.org/licenses/by/2.0/
e4753cffca512b03,cheese,Re:group,https://www.flickr.com/people/regroupinc/,The Official Cheese Plate of BlogWorld New York 2,https://www.flickr.com/photos/regroupinc/5972156880,https://creativecommons.org/licenses/by/2.0/
eb4aee44da8ec3b4,cheese,cbertel,https://www.flickr.com/people/cbertel/,Blueberry muffin cake streusel mix before mixing,https://www.flickr.com/photos/cbertel/2782175704,https://creativecommons.org/licenses/by/2.0/
e379829c5533421b,cheese,Michela Simoncini,https://www.flickr.com/people/comunicati/,"Trento, Christmas Market",https://www.flickr.com/photos/comunicati/6540629133,https://creativecommons.org/licenses/by/2.0/
b20bab3e171de217,cheese,Amber DeGrace,https://www.flickr.com/people/ink_mama/,Sour & Stinky Fest at @beerfridgelanc ... ended with some beautiful cheese. #ticklingmyfancy,https://www.flickr.com/photos/ink_mama/9327253573,https://creativecommons.org/licenses/by/2.0/
507752bc3ea16849,cheese,Marilyn Sherman,https://www.flickr.com/people/necrocake/,Shaving soap,https://www.flickr.com/photos/necrocake/4839381572,https://creativecommons.org/licenses/by/2.0/
5019cf1b8d36d3aa,cheese,Ryan Snyder,https://www.flickr.com/people/ryansnyder/,Coolea,https://www.flickr.com/photos/ryansnyder/14074490226,https://creativecommons.org/licenses/by/2.0/
d6b82ce5397e572e,cheese,Vocab Ninja,https://www.flickr.com/people/vocabninja/,#188 - cheese - el queso,https://www.flickr.com/photos/vocabninja/14488272714,https://creativecommons.org/licenses/by/2.0/
564f3bfa16f90d1c,cheese,j bizzie,https://www.flickr.com/people/k9d/,SANY0005monolith,https://www.flickr.com/photos/k9d/451135966,https://creativecommons.org/licenses/by/2.0/
0222f9cf0580620f,cheese,Robert Couse-Baker,https://www.flickr.com/people/29233640@N07/,sweet dreams are made of cheese,https://www.flickr.com/photos/29233640@N07/16989438268,https://creativecommons.org/licenses/by/2.0/
8990e67445a73d30,cheese,brett jordan,https://www.flickr.com/people/x1brett/,Cheese shapes 3,https://www.flickr.com/photos/x1brett/1686720859,https://creativecommons.org/licenses/by/2.0/
553da3f9c75e7225,cheese,insatiablemunch,https://www.flickr.com/people/insatiablemunchies/,IMG_9216,https://www.flickr.com/photos/insatiablemunchies/8872190309,https://creativecommons.org/licenses/by/2.0/
eaa55297f9e400fe,cheese,Phuket@photographer.net,https://www.flickr.com/people/linvoyage/,XOKA1954bs,https://www.flickr.com/photos/linvoyage/14687007119,https://creativecommons.org/licenses/by/2.0/
350511540ad9a54a,cheese,Anders Sandberg,https://www.flickr.com/people/arenamontanus/,Poor swede,https://www.flickr.com/photos/arenamontanus/2313598786,https://creativecommons.org/licenses/by/2.0/
07726db8d7362b76,cheese,Vanessa Druckman,https://www.flickr.com/people/chefdruck/,Morbier and Raclette,https://www.flickr.com/photos/chefdruck/4540857093,https://creativecommons.org/licenses/by/2.0/
85456d02eaec621b,cheese,Pierre Guinoiseau,https://www.flickr.com/people/geekounet/,Raclette,https://www.flickr.com/photos/geekounet/6300310978,https://creativecommons.org/licenses/by/2.0/
07b5aa736894e3f0,cheese,Crystal,https://www.flickr.com/people/crystalflickr/,Pumpkin,https://www.flickr.com/photos/crystalflickr/48134519,https://creativecommons.org/licenses/by/2.0/
cb02530a34e4e0c9,cheese,Keith Williamson,https://www.flickr.com/people/elwillo/,Hard cheese,https://www.flickr.com/photos/elwillo/4734450687,https://creativecommons.org/licenses/by/2.0/
38ee8526647a97d3,cheese,Didriks,https://www.flickr.com/people/dinnerseries/,022511191,https://www.flickr.com/photos/dinnerseries/5489844704,https://creativecommons.org/licenses/by/2.0/
b68aa346f03b325d,cheese,lmnop88a,https://www.flickr.com/people/d_lee/,mmm... mouldy cheese.,https://www.flickr.com/photos/d_lee/318982555,https://creativecommons.org/licenses/by/2.0/
f2cb53e101f944b6,cheese,Josh Hallett,https://www.flickr.com/people/hyku/,Cheese,https://www.flickr.com/photos/hyku/295930906,https://creativecommons.org/licenses/by/2.0/
23ca2d8d139b7060,cheese,Beck,https://www.flickr.com/people/beckayork/,Smoked Lincolnshire Poacher Cheese,https://www.flickr.com/photos/beckayork/3809148674,https://creativecommons.org/licenses/by/2.0/
6d20dfa6f69a5271,cheese,TheCulinaryGeek,https://www.flickr.com/people/preppybyday/,Dublander Cheddar,https://www.flickr.com/photos/preppybyday/4611381875,https://creativecommons.org/licenses/by/2.0/
5829ea708a18a6f6,cheese,UpSticksNGo Crew,https://www.flickr.com/people/upsticksngo/,Cheese at the Puerto de Mazarron market - nice! #upsticksandgo #puertodemazarron #market #spain #cheese #travelfood #travelgram #travellingtheworld #michfrost,https://www.flickr.com/photos/upsticksngo/16059397974,https://creativecommons.org/licenses/by/2.0/
9ea5f60a8e1acfc6,cheese,Whitney,https://www.flickr.com/people/whitneyinchicago/,Smoky Baked Mac and Cheese,https://www.flickr.com/photos/whitneyinchicago/3435346140,https://creativecommons.org/licenses/by/2.0/
68ea37f5e1ba0bfc,cheese,ilovebutter,https://www.flickr.com/people/jdickert/,Cheddar,https://www.flickr.com/photos/jdickert/6837996847,https://creativecommons.org/licenses/by/2.0/
dac49de1718a2622,cheese,Queseria la Antigua de Fuentesauco,https://www.flickr.com/people/queserialaantigua/,Queso de Oveja. La Antigua de Fuentesaúco.,https://www.flickr.com/photos/queserialaantigua/18360331016,https://creativecommons.org/licenses/by/2.0/
66f8335ab51dd948,cheese,Timothy Vollmer,https://www.flickr.com/people/sixteenmilesofstring/,cheeses,https://www.flickr.com/photos/sixteenmilesofstring/343599568,https://creativecommons.org/licenses/by/2.0/
4917c7c9d682d4dc,cheese,Abtin Javid,https://www.flickr.com/people/abtinjavid/,Edam Cheese,https://www.flickr.com/photos/abtinjavid/9632595019,https://creativecommons.org/licenses/by/2.0/
90f84814045c8abb,cheese,Paul Joseph,https://www.flickr.com/people/sashafatcat/,neal's yard dairy,https://www.flickr.com/photos/sashafatcat/3419759910,https://creativecommons.org/licenses/by/2.0/
9c73787f8cefc57b,cheese,Kristin Kokkersvold,https://www.flickr.com/people/kekka/,Cheese! :),https://www.flickr.com/photos/kekka/389207781,https://creativecommons.org/licenses/by/2.0/
4f016beb351bcabf,cheese,slgckgc,https://www.flickr.com/people/slgc/,Goat Brie,https://www.flickr.com/photos/slgc/3156509731,https://creativecommons.org/licenses/by/2.0/
29f2043bd2c0b7cc,cheese,Ruth Hartnup,https://www.flickr.com/people/ruthanddave/,Newly waxed homemade cheddar,https://www.flickr.com/photos/ruthanddave/20637467193,https://creativecommons.org/licenses/by/2.0/
0e8093b1c5daf402,cheese,David Guo,https://www.flickr.com/people/76969036@N02/,37758b,https://www.flickr.com/photos/76969036@N02/10549092813,https://creativecommons.org/licenses/by/2.0/
100e638dbf556ae9,cheese,george ruiz,https://www.flickr.com/people/koadmunkee/,cheese!,https://www.flickr.com/photos/koadmunkee/4255301697,https://creativecommons.org/licenses/by/2.0/
bc72c0aa1456d472,cheese,Betsy Weber,https://www.flickr.com/people/betsyweber/,IMG_0486.JPG,https://www.flickr.com/photos/betsyweber/3722971774,https://creativecommons.org/licenses/by/2.0/
40fdb252fc53cfa4,cheese,Dwight Sipler,https://www.flickr.com/people/photofarmer/,Bread and cheese,https://www.flickr.com/photos/photofarmer/8502374299,https://creativecommons.org/licenses/by/2.0/
2588e2307aea2c79,cheese,Leon Brocard,https://www.flickr.com/people/acme/,DSC03919,https://www.flickr.com/photos/acme/464922464,https://creativecommons.org/licenses/by/2.0/
a90304c46083906e,cheese,Jessica Spengler,https://www.flickr.com/people/wordridden/,American cheese loaf,https://www.flickr.com/photos/wordridden/205945730,https://creativecommons.org/licenses/by/2.0/
38dbdaf0e03330cc,cheese,Mark Jones,https://www.flickr.com/people/mekonsrevenge/,Cheese tasting,https://www.flickr.com/photos/mekonsrevenge/9789546406,https://creativecommons.org/licenses/by/2.0/
8db4c56cbcf10c33,cheese,Barbara  Samuel,https://www.flickr.com/people/60255232@N00/,blue cheese crumbles,https://www.flickr.com/photos/60255232@N00/4501818288,https://creativecommons.org/licenses/by/2.0/
1fa0080dbba0a0aa,cheese,Juan Pedro Diez,https://www.flickr.com/people/jpdiez/,Época de Quesos,https://www.flickr.com/photos/jpdiez/5020152820,https://creativecommons.org/licenses/by/2.0/
618ae0faad8d3745,cheese,Kim,https://www.flickr.com/people/mommyknows/,handmade soap - castile shampoo bars,https://www.flickr.com/photos/mommyknows/7468313382,https://creativecommons.org/licenses/by/2.0/
3105eda08e60a928,cheese,Brian Boucheron,https://www.flickr.com/people/bert_m_b/,Cheese Updates,https://www.flickr.com/photos/bert_m_b/6884298954,https://creativecommons.org/licenses/by/2.0/
df2886fa5288c030,cheese,Nathalie Boisard-Beudin,https://www.flickr.com/people/spacedlaw/,A bell of Auricchio,https://www.flickr.com/photos/7333736@N08/4466028977,https://creativecommons.org/licenses/by/2.0/
ac03bcaede34460e,cheese,Andrew Blight,https://www.flickr.com/people/ablight/,Cheese!,https://www.flickr.com/photos/ablight/2815641142,https://creativecommons.org/licenses/by/2.0/
9977dacbcd3d35e7,cheese,NatalieMaynor,https://www.flickr.com/people/nataliemaynor/,Cheese,https://www.flickr.com/photos/nataliemaynor/1062825431,https://creativecommons.org/licenses/by/2.0/
a841f28a0a90f9ab,cheese,Daniel,https://www.flickr.com/people/27605119@N00/,מחלבות סוסיא,https://www.flickr.com/photos/27605119@N00/10891518863,https://creativecommons.org/licenses/by/2.0/
eb87fe226f1af36e,cheese,James Cohen,https://www.flickr.com/people/jcohen97/,Cowgirl Creamery,https://www.flickr.com/photos/jcohen97/7607537578,https://creativecommons.org/licenses/by/2.0/
db4418f7481efe44,cheese,Paul Downey,https://www.flickr.com/people/psd/,Jed's SOAP Opera,https://www.flickr.com/photos/psd/64250700,https://creativecommons.org/licenses/by/2.0/
3e17264c2c38b2d7,cheese,Aaron Weber,https://www.flickr.com/people/secretlyironic/,Cheese plate,https://www.flickr.com/photos/secretlyironic/233025446,https://creativecommons.org/licenses/by/2.0/
f3cd59d01a6798cf,cheese,Annabelle Orozco,https://www.flickr.com/people/annabelleorozco/,Grana Padano cheese,https://www.flickr.com/photos/annabelleorozco/6881412280,https://creativecommons.org/licenses/by/2.0/
9ba858b58e25c035,strawberry,daspunkt,https://www.flickr.com/people/daspunkt/,Strawberry Martini,https://www.flickr.com/photos/daspunkt/6957266058,https://creativecommons.org/licenses/by/2.0/
0f90308274ab5bfe,strawberry,Magnus Höij,https://www.flickr.com/people/hoij/,Smultron 2010,https://www.flickr.com/photos/hoij/4780629971,https://creativecommons.org/licenses/by/2.0/
26204a3f7590cd5b,strawberry,Linda Hartley,https://www.flickr.com/people/lindah/,red,https://www.flickr.com/photos/lindah/2590783740,https://creativecommons.org/licenses/by/2.0/
9293880ead11acba,strawberry,Rasmus Bøgeskov Larsen,https://www.flickr.com/people/54899851@N00/,Strawberries,https://www.flickr.com/photos/54899851@N00/650308972,https://creativecommons.org/licenses/by/2.0/
bb5eb8644b388574,strawberry,Jon Åslund,https://www.flickr.com/people/jooon/,Stuck in traffic,https://www.flickr.com/photos/jooon/588550530,https://creativecommons.org/licenses/by/2.0/
46a0dc33d4fd181e,strawberry,Toyni Tobekk,https://www.flickr.com/people/toyni/,jordbaer2,https://www.flickr.com/photos/toyni/4745091492,https://creativecommons.org/licenses/by/2.0/
1e8a39add490c98c,strawberry,Adam Naif,https://www.flickr.com/people/adamnaif/,Strawberry,https://www.flickr.com/photos/adamnaif/374435512,https://creativecommons.org/licenses/by/2.0/
e319da6adbcfc002,strawberry,JefferyRayCoffman,https://www.flickr.com/people/jeffcoffman/,Fragaria vesca,https://www.flickr.com/photos/jeffcoffman/2611575964,https://creativecommons.org/licenses/by/2.0/
f60399f63b7ae157,strawberry,Kabsik Park,https://www.flickr.com/people/royalty-free-images/,strawberries,https://www.flickr.com/photos/royalty-free-images/139764664,https://creativecommons.org/licenses/by/2.0/
a2e19beea151cc26,strawberry,Miren Ercibengoa Ochoa,https://www.flickr.com/people/ercibengoa/,placer para el paladar....,https://www.flickr.com/photos/ercibengoa/5605964523,https://creativecommons.org/licenses/by/2.0/
7c87fed6ad734308,strawberry,Michelle,https://www.flickr.com/people/keykalou/,Strawberry Grocery Bags,https://www.flickr.com/photos/keykalou/12290951253,https://creativecommons.org/licenses/by/2.0/
84b123f441531d71,strawberry,David Eriksson-Wigg,https://www.flickr.com/people/david-eriksson-wigg/,Strawberries in a bowl. Jordgubbar i en skål,https://www.flickr.com/photos/david-eriksson-wigg/8631734469,https://creativecommons.org/licenses/by/2.0/
5ef6ab144b822ff9,strawberry,Vegan Feast Catering,https://www.flickr.com/people/veganfeast/,Strawberries,https://www.flickr.com/photos/veganfeast/4544052959,https://creativecommons.org/licenses/by/2.0/
57471f06eb91c159,strawberry,Abd Gani Atan,https://www.flickr.com/people/ukwaenterprise/,bIG rED,https://www.flickr.com/photos/ukwaenterprise/4510500412,https://creativecommons.org/licenses/by/2.0/
067a21d43b856f7a,strawberry,ppc1337,https://www.flickr.com/people/wihel/,Make drinking water fun 💦🍓🍋🍉🍒 #drinkmorewater #infuseswater #lemon #basil #strawberries #blackberries #blueberries #raspberries #water #twolitersaday #mince #weekendfun #makedrinkingwaterfun #more #ontheblo,https://www.flickr.com/photos/wihel/21357961216,https://creativecommons.org/licenses/by/2.0/
918486a407ff0a64,strawberry,Ricardo Yasuda,https://www.flickr.com/people/shadow11/,Morango Selvagem,https://www.flickr.com/photos/shadow11/367553164,https://creativecommons.org/licenses/by/2.0/
7b87b5a33d4ccd9c,strawberry,Chen Wu,https://www.flickr.com/people/nodust/,草莓山庄的草莓店,https://www.flickr.com/photos/nodust/5400668192,https://creativecommons.org/licenses/by/2.0/
61db29be5caecff5,strawberry,Michelle Tribe,https://www.flickr.com/people/greencolander/,strawberries,https://www.flickr.com/photos/greencolander/768792846,https://creativecommons.org/licenses/by/2.0/
8f24c54d5fa90f4d,strawberry,*sax,https://www.flickr.com/people/saxonmoseley/,Strawberry Heart,https://www.flickr.com/photos/saxonmoseley/166562085,https://creativecommons.org/licenses/by/2.0/
9de42afab97413a9,strawberry,istolethetv,https://www.flickr.com/people/istolethetv/,hawaiian raspberry,https://www.flickr.com/photos/istolethetv/1067887558,https://creativecommons.org/licenses/by/2.0/
9472300d6736c423,strawberry,Patrick Standish,https://www.flickr.com/people/patrickstandish/,Virginia Strawberry,https://www.flickr.com/photos/patrickstandish/1130721966,https://creativecommons.org/licenses/by/2.0/
4135a04fb664aefd,strawberry,Shreveport-Bossier Convention and Tourist Bureau,https://www.flickr.com/people/shreveportbossier/,Wine Country's Wine and Swine,https://www.flickr.com/photos/shreveportbossier/7109628547,https://creativecommons.org/licenses/by/2.0/
a780cdd15beb44fe,strawberry,alainalele,https://www.flickr.com/people/alainalele/,fraises sauvages,https://www.flickr.com/photos/alainalele/3689824570,https://creativecommons.org/licenses/by/2.0/
d07253bca5ebdd40,strawberry,Steve Newcomb,https://www.flickr.com/people/stevenewcomb/,Wild Strawberry,https://www.flickr.com/photos/stevenewcomb/246132360,https://creativecommons.org/licenses/by/2.0/
7bee5757d71ab859,strawberry,Channy Yun,https://www.flickr.com/people/seokchanyun/,냉장고에 딸기있네. 잘 먹을께 고마워...,https://www.flickr.com/photos/seokchanyun/6568681133,https://creativecommons.org/licenses/by/2.0/
31ebc065f476e678,strawberry,JustyCinMD,https://www.flickr.com/people/justycinmd/,Strawberries,https://www.flickr.com/photos/justycinmd/5748051403,https://creativecommons.org/licenses/by/2.0/
47591db696c605da,strawberry,Rusty Clark - On the Air M-F 8am-noon,https://www.flickr.com/people/rusty_clark/,Tolland State Park,https://www.flickr.com/photos/rusty_clark/5950924670,https://creativecommons.org/licenses/by/2.0/
312a0e489a127d76,strawberry,Marcelino Rapayla Jr.,https://www.flickr.com/people/coolmars/,IMG_0411,https://www.flickr.com/photos/coolmars/4510293954,https://creativecommons.org/licenses/by/2.0/
239920341ab00041,strawberry,Anna,https://www.flickr.com/people/katja-london/,Fragaria vesca,https://www.flickr.com/photos/katja-london/2466630616,https://creativecommons.org/licenses/by/2.0/
0e43a894a701cd8e,strawberry,brown727,https://www.flickr.com/people/49357655@N05/,Strawberry Cosmopolitan,https://www.flickr.com/photos/49357655@N05/5179474279,https://creativecommons.org/licenses/by/2.0/
a665c989a1110f10,strawberry,Abi Porter,https://www.flickr.com/people/vanillaandlaceblog/,strawberry picking,https://www.flickr.com/photos/vanillaandlaceblog/5907305795,https://creativecommons.org/licenses/by/2.0/
390e277c1c1c6385,strawberry,Rob Bertholf,https://www.flickr.com/people/robbertholf/,Carlsbad Strawberry Co.,https://www.flickr.com/photos/robbertholf/17795814062/,https://creativecommons.org/licenses/by/2.0/
e30fc5ff9e3596db,strawberry,SLR Jester,https://www.flickr.com/people/slrjester/,The Last of the Strawbs,https://www.flickr.com/photos/slrjester/240730881,https://creativecommons.org/licenses/by/2.0/
82b023c21f004cb7,strawberry,Noborder Network,https://www.flickr.com/people/noborder/,strawberry pickers,https://www.flickr.com/photos/noborder/2445605454,https://creativecommons.org/licenses/by/2.0/
5f93be9464894bd2,strawberry,Aleksandra Jovanic,https://www.flickr.com/people/aleksandrajovanic/,strawberry seamless pattern,https://www.flickr.com/photos/aleksandrajovanic/5174527781,https://creativecommons.org/licenses/by/2.0/
f5b2fc5d19ead150,strawberry,Alexandra Zakharova,https://www.flickr.com/people/zalexandra_phonepics/,Strawberry time,https://www.flickr.com/photos/zalexandra_phonepics/13847274683,https://creativecommons.org/licenses/by/2.0/
55be988f5d5189f6,strawberry,U.S. Department of Agriculture,https://www.flickr.com/people/usdagov/,Strawberries,https://www.flickr.com/photos/usdagov/16022182499,https://creativecommons.org/licenses/by/2.0/
725ccacf90ec4c17,strawberry,Terry Madeley,https://www.flickr.com/people/terry/,image,https://www.flickr.com/photos/terry/14784085986,https://creativecommons.org/licenses/by/2.0/
2c566b6774a938fb,strawberry,Kristijan Tkalec,https://www.flickr.com/people/lapor/,jagode,https://www.flickr.com/photos/lapor/537350339,https://creativecommons.org/licenses/by/2.0/
0d9e2d4b930139ad,strawberry,brown727,https://www.flickr.com/people/49357655@N05/,Strawberry Cosmopolitan,https://www.flickr.com/photos/49357655@N05/5180074394,https://creativecommons.org/licenses/by/2.0/
f7b8dd8310a01dbf,strawberry,waferboard,https://www.flickr.com/people/waferboard/,blended strawberry margarita,https://www.flickr.com/photos/waferboard/3524690235,https://creativecommons.org/licenses/by/2.0/
a966b72762fce2f4,strawberry,Kornelia Haslbeck,https://www.flickr.com/people/konny/,Wild Strawberries,https://www.flickr.com/photos/konny/2270650469,https://creativecommons.org/licenses/by/2.0/
74fa04727e8c723f,strawberry,Shaozhi,https://www.flickr.com/people/shaozhionthenet/,Strawberry ice cream at Haggan Dazs,https://www.flickr.com/photos/shaozhionthenet/11469737466,https://creativecommons.org/licenses/by/2.0/
affdd591f5095735,strawberry,Gavin St. Ours,https://www.flickr.com/people/gavinmusic/,Wild Berry,https://www.flickr.com/photos/gavinmusic/26595821,https://creativecommons.org/licenses/by/2.0/
05cb03ee727c0eec,strawberry,&gt;littleyiye&lt;,https://www.flickr.com/people/little_yiye/,137,https://www.flickr.com/photos/little_yiye/6519973977,https://creativecommons.org/licenses/by/2.0/
69be53cdfa68ea3e,strawberry,bfishadow,https://www.flickr.com/people/bfishadow/,Red Berry,https://www.flickr.com/photos/bfishadow/3484580181,https://creativecommons.org/licenses/by/2.0/
abcd18bdb2c51244,strawberry,Milestoned,https://www.flickr.com/people/baccharus/,Strawberry Baskets,https://www.flickr.com/photos/baccharus/4799105162,https://creativecommons.org/licenses/by/2.0/
1732e868c2094904,strawberry,Jenna Freese,https://www.flickr.com/people/113702445@N05/,Deliciously Red,https://www.flickr.com/photos/113702445@N05/13538856704,https://creativecommons.org/licenses/by/2.0/
9cf4cc299a161cdc,strawberry,Hajime NAKANO,https://www.flickr.com/people/jetalone/,ふくはる香（南相馬市原町区 岡田農園）,https://www.flickr.com/photos/jetalone/8605593662,https://creativecommons.org/licenses/by/2.0/
37b9c09967af0565,strawberry,Marcos Joel Reis,https://www.flickr.com/people/marcosjoel/,Still life drink,https://www.flickr.com/photos/marcosjoel/6023767755,https://creativecommons.org/licenses/by/2.0/
e0be14f0681f4b39,strawberry,Vrysxy,https://www.flickr.com/people/vrysxy/,#yummy #fresh #strawberries,https://www.flickr.com/photos/vrysxy/8463011001,https://creativecommons.org/licenses/by/2.0/
0f65b1edbacf6563,strawberry,Chloe Lim,https://www.flickr.com/people/kfoodaddict/,Strawberry Jelly,https://www.flickr.com/photos/kfoodaddict/6119407106,https://creativecommons.org/licenses/by/2.0/
5ff969a7dba85d26,strawberry,Mirymah ~✿,https://www.flickr.com/people/all7lwa/,#homemade #Mojito ❄️,https://www.flickr.com/photos/all7lwa/13889410534,https://creativecommons.org/licenses/by/2.0/
08b420c6386ae2bf,strawberry,Jam Smooth,https://www.flickr.com/people/jamsmooth/,Fruit at the market,https://www.flickr.com/photos/jamsmooth/3559629397,https://creativecommons.org/licenses/by/2.0/
79026ed2f267c57a,strawberry,Jeremy Keith,https://www.flickr.com/people/adactio/,Fruit smoothie,https://www.flickr.com/photos/adactio/1422346285/,https://creativecommons.org/licenses/by/2.0/
94d46fe52a24549f,strawberry,demi,https://www.flickr.com/people/vaionnoth/,&quot;recuit de drap&quot; de Fonteta con fresas,https://www.flickr.com/photos/vaionnoth/6979646251,https://creativecommons.org/licenses/by/2.0/
e9e05989620d30b4,strawberry,moggs oceanlane,https://www.flickr.com/people/moggsoceanlane/,Home made icecream - ingredient: strawberries,https://www.flickr.com/photos/moggsoceanlane/5109978950,https://creativecommons.org/licenses/by/2.0/
5a99c380afcaf4de,strawberry,Antoine Bertier,https://www.flickr.com/people/antoine_bertier/,Strawberries !,https://www.flickr.com/photos/antoine_bertier/2642864617,https://creativecommons.org/licenses/by/2.0/
de1a437019d15518,strawberry,Thanh-Tung Nguyen,https://www.flickr.com/people/markryan1990/,A Typical Dessert.,https://www.flickr.com/photos/markryan1990/8578674646,https://creativecommons.org/licenses/by/2.0/
4090ef2ff1c4b62f,strawberry,amrufm,https://www.flickr.com/people/amrufm/,Cameron Highlands,https://www.flickr.com/photos/amrufm/653669419,https://creativecommons.org/licenses/by/2.0/
6906de9b21428695,strawberry,frankieleon,https://www.flickr.com/people/armydre2008/,playing with food,https://www.flickr.com/photos/armydre2008/5334064127,https://creativecommons.org/licenses/by/2.0/
ead7794e672a60ac,strawberry,jakerome,https://www.flickr.com/people/jakerome/,Red (strawberries),https://www.flickr.com/photos/jakerome/4744487445,https://creativecommons.org/licenses/by/2.0/
5e0a15749bc59cf5,strawberry,Derek van Vliet,https://www.flickr.com/people/dvanvliet/,Strawberries,https://www.flickr.com/photos/dvanvliet/3547561197,https://creativecommons.org/licenses/by/2.0/
e89c6045f1e05619,strawberry,Yuya Tamai,https://www.flickr.com/people/tamaiyuya/,明治 リッチストロベリーチョコレート アイスバー,https://www.flickr.com/photos/tamaiyuya/11027404253,https://creativecommons.org/licenses/by/2.0/
41c79ed4cb6f300f,strawberry,Betsy Weber,https://www.flickr.com/people/betsyweber/,Now that's a cracking good Pimms! I will miss these in the U.S... #UK #england,https://www.flickr.com/photos/betsyweber/17419036694,https://creativecommons.org/licenses/by/2.0/
3085ac7f4fff43d8,strawberry,Jennifer,https://www.flickr.com/people/23126594@N00/,20070429 garden 03,https://www.flickr.com/photos/23126594@N00/477688198,https://creativecommons.org/licenses/by/2.0/
884acc36cfcc7034,strawberry,Jason Hollinger,https://www.flickr.com/people/7147684@N03/,Wood Strawberry,https://www.flickr.com/photos/7147684@N03/12420676734,https://creativecommons.org/licenses/by/2.0/
8a9d7da8e50cf3df,strawberry,ADRIIGUMMYLITZ,https://www.flickr.com/people/adriigummylitz/,Strawberries.,https://www.flickr.com/photos/adriigummylitz/7613087934/,https://creativecommons.org/licenses/by/2.0/
a25d70995dee62db,strawberry,chuck b.,https://www.flickr.com/people/82479320@N00/,Purisima Creek,https://www.flickr.com/photos/82479320@N00/7274031128,https://creativecommons.org/licenses/by/2.0/
90f36d380c28e7f0,strawberry,Imágenes Gratis Online,https://www.flickr.com/people/imagenes_gratis/,Strawberry Martini,https://www.flickr.com/photos/130481724@N06/20092217059,https://creativecommons.org/licenses/by/2.0/
cb9154c993f31260,strawberry,Hector Alejandro,https://www.flickr.com/people/hectoralejandro/,2nd Fitten Eats Ice Cream 27,https://www.flickr.com/photos/hectoralejandro/4291282665,https://creativecommons.org/licenses/by/2.0/
26708117c20d70c8,strawberry,Frédérique Voisin-Demery,https://www.flickr.com/people/vialbost/,Fraise des bois - 2013-201,https://www.flickr.com/photos/vialbost/9356522435,https://creativecommons.org/licenses/by/2.0/
d3d55ad9cb8721f4,strawberry,IvanWalsh.com,https://www.flickr.com/people/ivanwalsh/,Chinese Strawberry Farm,https://www.flickr.com/photos/ivanwalsh/4695424475,https://creativecommons.org/licenses/by/2.0/
c0e72cfc9bd28fbb,grape,judywitts,https://www.flickr.com/people/overthetuscanstove/,Uva fragola #schiacchiata,https://www.flickr.com/photos/overthetuscanstove/14978391997,https://creativecommons.org/licenses/by/2.0/
1d4e9656f00a54d5,grape,Jameson Fink,https://www.flickr.com/people/jamesonfink/,Chardonnay,https://www.flickr.com/photos/jamesonfink/10078639545,https://creativecommons.org/licenses/by/2.0/
f2ef8b25a59b47e7,grape,Sonny Abesamis,https://www.flickr.com/people/enerva/,Grapes Up Close,https://www.flickr.com/photos/enerva/7828790800,https://creativecommons.org/licenses/by/2.0/
0403eebf8c0aac60,grape,Terra Fossil,https://www.flickr.com/people/terrafossil/,The Social Wine Book,https://www.flickr.com/photos/terrafossil/8757356529,https://creativecommons.org/licenses/by/2.0/
85225d114bc9d3e3,grape,Maggie Hoffman,https://www.flickr.com/people/maggiejane/,boushay2,https://www.flickr.com/photos/maggiejane/6264838662,https://creativecommons.org/licenses/by/2.0/
92f5673af7082898,grape,[[[Matías]]],https://www.flickr.com/people/matiasfabres/,Verdocidad,https://www.flickr.com/photos/matiasfabres/6570694831,https://creativecommons.org/licenses/by/2.0/
cd60f39ec1e8b298,grape,oatsy40,https://www.flickr.com/people/oatsy40/,Purple Berries,https://www.flickr.com/photos/oatsy40/8059685564,https://creativecommons.org/licenses/by/2.0/
a5adfdd037d2027d,grape,Timothy Vollmer,https://www.flickr.com/people/sixteenmilesofstring/,@palmerm rescued a few plums from the neighbor's tree,https://www.flickr.com/photos/sixteenmilesofstring/9208514863,https://creativecommons.org/licenses/by/2.0/
1cef696efef4a9ea,grape,syvwlch,https://www.flickr.com/people/27164521@N00/,IMG_0953,https://www.flickr.com/photos/27164521@N00/3293419936,https://creativecommons.org/licenses/by/2.0/
8228bdf81e82f256,grape,cjsingh,https://www.flickr.com/people/cjsingh06/,Ice Wine Vidal Grapes,https://www.flickr.com/photos/cjsingh06/4996961981,https://creativecommons.org/licenses/by/2.0/
abf1f2721e5cca39,grape,Stefano Lubiana,https://www.flickr.com/people/stefano_lubiana_wines/,2012 Pinot Grigio bunch sample prior to analysis of grape sugars,https://www.flickr.com/photos/stefano_lubiana_wines/6999951225/,https://creativecommons.org/licenses/by/2.0/
e7ca4af1c7475a67,grape,Ben Fatula,https://www.flickr.com/people/44610451@N05/,DSC_6006,https://www.flickr.com/photos/44610451@N05/9552126134,https://creativecommons.org/licenses/by/2.0/
600e36bda40476c5,grape,Delaware Cooperative Extension,https://www.flickr.com/people/udextension/,Grapes grown at University of Delaware,https://www.flickr.com/photos/udextension/14999085362,https://creativecommons.org/licenses/by/2.0/
127e9706e6f2b617,grape,Jellaluna,https://www.flickr.com/people/90859240@N00/,Blue,https://www.flickr.com/photos/90859240@N00/6275329188,https://creativecommons.org/licenses/by/2.0/
47d32252f0f725f0,grape,BlackburnPhoto,https://www.flickr.com/people/dobieks/,IMG_3441s,https://www.flickr.com/photos/dobieks/13232335053,https://creativecommons.org/licenses/by/2.0/
f44cbffe4700dbcf,grape,Biodiversity Heritage Library,https://www.flickr.com/people/biodivlibrary/,n40_w1150,https://www.flickr.com/photos/biodivlibrary/6237038797/,https://creativecommons.org/licenses/by/2.0/
7d22dde7c59c5a38,grape,BuzzFarmers,https://www.flickr.com/people/buzzfarmers/,Grapes on a vine at the vineyard.,https://www.flickr.com/photos/buzzfarmers/7318025910,https://creativecommons.org/licenses/by/2.0/
4cbb06dc79bd9f84,grape,demi,https://www.flickr.com/people/vaionnoth/,Raim moscatell / uva,https://www.flickr.com/photos/vaionnoth/6139878523,https://creativecommons.org/licenses/by/2.0/
94990e8760e1bd60,grape,Erich Ferdinand,https://www.flickr.com/people/erix/,plums,https://www.flickr.com/photos/erix/9777014691,https://creativecommons.org/licenses/by/2.0/
1ad1b75ba69177b3,grape,stannate,https://www.flickr.com/people/stannate/,Chaumette Winery,https://www.flickr.com/photos/stannate/1451542962,https://creativecommons.org/licenses/by/2.0/
45219608ce9955ac,grape,Oregon Department of Transportation,https://www.flickr.com/people/oregondot/,Vineyard 1,https://www.flickr.com/photos/oregondot/8097644207,https://creativecommons.org/licenses/by/2.0/
4f20cd20e4679344,grape,Nico Kaiser,https://www.flickr.com/people/nicokaiser/,Wein,https://www.flickr.com/photos/nicokaiser/6738927927,https://creativecommons.org/licenses/by/2.0/
d2aa2eda1280915a,grape,Emiliano De Laurentiis,https://www.flickr.com/people/isante/,A6DC7943_RJ,https://www.flickr.com/photos/isante/96416427,https://creativecommons.org/licenses/by/2.0/
e33c65adf3ea6297,grape,Neeta Lind,https://www.flickr.com/people/neeta_lind/,100_8479,https://www.flickr.com/photos/neeta_lind/1105153091,https://creativecommons.org/licenses/by/2.0/
27f82ca60d24f811,grape,Armin Vogel,https://www.flickr.com/people/aivo2010/,Dornfelder-Trauben / grapes,https://www.flickr.com/photos/aivo2010/6055293239,https://creativecommons.org/licenses/by/2.0/
53a83878bffad900,grape,Clyde Robinson,https://www.flickr.com/people/crobj/,No wrath just grapes,https://www.flickr.com/photos/crobj/4018986645,https://creativecommons.org/licenses/by/2.0/
589eb1664bed4c06,grape,Scot Nelson,https://www.flickr.com/people/scotnelson/,Grape (Vitis sp.): Powdery mildew on fruit,https://www.flickr.com/photos/scotnelson/15207834951,https://creativecommons.org/licenses/by/2.0/
48270a4f566ee6f1,grape,mfotino,https://www.flickr.com/people/mfotino/,grapes,https://www.flickr.com/photos/mfotino/14780179602,https://creativecommons.org/licenses/by/2.0/
7cdf15687add8d3c,grape,Cliff,https://www.flickr.com/people/nostri-imago/,Still Life with Grapes and a Carnation by Henri Fantin-Latour,https://www.flickr.com/photos/nostri-imago/4926999057,https://creativecommons.org/licenses/by/2.0/
6133066e83824f3e,grape,Barnaby Dorfman,https://www.flickr.com/people/bdorfman/,IMG_1723,https://www.flickr.com/photos/bdorfman/697873611,https://creativecommons.org/licenses/by/2.0/
09be2efa6b61489b,grape,baligraph,https://www.flickr.com/people/baligraph/,"the-grapes, 2014 jehovah's witnesses yeartext for ipad, ipadmini, iphone, ipod, android wallpaper in MANDARIN",https://www.flickr.com/photos/baligraph/11753938336/,https://creativecommons.org/licenses/by/2.0/
2e6fa9ca11ac2cc1,grape,Aivar Ruukel,https://www.flickr.com/people/soomaa/,blueberries,https://www.flickr.com/photos/soomaa/9174470441,https://creativecommons.org/licenses/by/2.0/
398a3ffc8a7e36a8,grape,David Svensson,https://www.flickr.com/people/standout/,IMG_0862,https://www.flickr.com/photos/standout/3390972517,https://creativecommons.org/licenses/by/2.0/
72896262815d08b1,grape,Harris Walker,https://www.flickr.com/people/harriswalkerphotography/,Western Australia Winery,https://www.flickr.com/photos/harriswalkerphotography/3340130762,https://creativecommons.org/licenses/by/2.0/
1f5ff3e06a9fc92a,grape,Matt,https://www.flickr.com/people/goldrunt/,blueberry1,https://www.flickr.com/photos/goldrunt/2895282,https://creativecommons.org/licenses/by/2.0/
8ae5013fff540815,grape,Miguel Ángel García.,https://www.flickr.com/people/respenda/,"Buena uva,buen albariño.",https://www.flickr.com/photos/respenda/4957271531,https://creativecommons.org/licenses/by/2.0/
1c1656ea79c9db31,grape,far closer,https://www.flickr.com/people/farcloser/,Westmorland Damsons,https://www.flickr.com/photos/farcloser/3959056359,https://creativecommons.org/licenses/by/2.0/
22d16ea3652acbeb,grape,HarshLight,https://www.flickr.com/people/harshlight/,Atwood Park,https://www.flickr.com/photos/harshlight/10865920616,https://creativecommons.org/licenses/by/2.0/
87cd2486757696e5,grape,cdorobek,https://www.flickr.com/people/cdorobek/,NAPA 2012,https://www.flickr.com/photos/cdorobek/8093524758/,https://creativecommons.org/licenses/by/2.0/
7561e9b8fc0c8bea,grape,Steve Ganz,https://www.flickr.com/people/steveganz/,Summer Grapes,https://www.flickr.com/photos/steveganz/3695251563,https://creativecommons.org/licenses/by/2.0/
f31fb857c2ed6411,grape,Alistair Paterson,https://www.flickr.com/people/alpat/,Grapes (minutes from Dunedin CBD),https://www.flickr.com/photos/alpat/8608073607/,https://creativecommons.org/licenses/by/2.0/
51df397507071427,grape,Romtomtom,https://www.flickr.com/people/romtomtom/,at our garden fence,https://www.flickr.com/photos/romtomtom/2800386503,https://creativecommons.org/licenses/by/2.0/
409acc8064b23137,grape,Pipers Brook Vineyard Media,https://www.flickr.com/people/pbvmedia/,"Vintage 2014, Mount Pleasant, Launceston, Tasmania",https://www.flickr.com/photos/pbvmedia/18235883012,https://creativecommons.org/licenses/by/2.0/
e565161c2d46d6a3,grape,Daniel Pellegrino,https://www.flickr.com/people/pellegrino/,92310009,https://www.flickr.com/photos/pellegrino/1415722725,https://creativecommons.org/licenses/by/2.0/
cca11bfdbfa9f92f,grape,David Orban,https://www.flickr.com/people/davidorban/,Primitivo grapes (aka zinfandel),https://www.flickr.com/photos/davidorban/2800558207,https://creativecommons.org/licenses/by/2.0/
7d0075d6ab0b6f4e,grape,@admatooth,https://www.flickr.com/people/adirparaagir/,Frutas #grape #uva #grappette,https://www.flickr.com/photos/adirparaagir/8293690521,https://creativecommons.org/licenses/by/2.0/
4270adb902ac10d9,grape,picdrops,https://www.flickr.com/people/picdrop/,Vineyard in Montone,https://www.flickr.com/photos/picdrop/2807676,https://creativecommons.org/licenses/by/2.0/
a699196a85234b1c,grape,pierpeter,https://www.flickr.com/people/vespeter/,Guardare grappoli e vedere bicchieri.  #ioamoilcanavese #canavese #chiaverano #ig_ivrea #igerspiemonte #wine #grape #vendemmia #dafareinpiemonte #dafareachiaverano #ivrea #instagood #love #igdaily #ig_piemonte,https://www.flickr.com/photos/vespeter/20572379684,https://creativecommons.org/licenses/by/2.0/
9edc31abdf3fc9db,grape,FotoGuy 49057,https://www.flickr.com/people/fotoguy49057/,Great Gobbs Of Grapes,https://www.flickr.com/photos/fotoguy49057/15312225258,https://creativecommons.org/licenses/by/2.0/
cbb62aebd5a7b69a,grape,Lee Coursey,https://www.flickr.com/people/leeco/,"Wine grapes, Amador County, California",https://www.flickr.com/photos/leeco/1519643784,https://creativecommons.org/licenses/by/2.0/
12f2213ee61f820b,grape,Barb Ignatius,https://www.flickr.com/people/44235769@N03/,Wine Grapes Ready for Harvest,https://www.flickr.com/photos/44235769@N03/5050137402,https://creativecommons.org/licenses/by/2.0/
ee4951db89ee5b38,grape,Cuvée Corner Wine Blog,https://www.flickr.com/people/31386503@N03/,can you say veraison?,https://www.flickr.com/photos/31386503@N03/3771496690,https://creativecommons.org/licenses/by/2.0/
ee7de452a2353c0e,grape,Brian Solis,https://www.flickr.com/people/briansolis/,Wine Grapes,https://www.flickr.com/photos/briansolis/4829699062,https://creativecommons.org/licenses/by/2.0/
51c0cf8b5c0d52f3,grape,Lisa Beschnett,https://www.flickr.com/people/lisabeschnett/,Soap Box Bowling (107 of 140),https://www.flickr.com/photos/lisabeschnett/14861904021,https://creativecommons.org/licenses/by/2.0/
13112aa64b0413ec,grape,secrettenerife.co.uk,https://www.flickr.com/people/tenerife/,Damsons in Distress,https://www.flickr.com/photos/tenerife/206091468,https://creativecommons.org/licenses/by/2.0/
84eaffa5be8827e9,grape,Vero &amp; Raj,https://www.flickr.com/people/veroraj/,20060730_0163.JPG,https://www.flickr.com/photos/veroraj/209119939,https://creativecommons.org/licenses/by/2.0/
c23809094f902424,grape,Paul Arps,https://www.flickr.com/people/slapers/,Wine grapes of the Medoc (France 2011),https://www.flickr.com/photos/slapers/6089250406,https://creativecommons.org/licenses/by/2.0/
1c3e106b0bebbba5,grape,webbgun,https://www.flickr.com/people/56433265@N04/,Knoppande vindruvor,https://www.flickr.com/photos/56433265@N04/14292226019,https://creativecommons.org/licenses/by/2.0/
d6a80ebce6a5d179,grape,Naotake Murayama,https://www.flickr.com/people/naotakem/,Zin?,https://www.flickr.com/photos/naotakem/3062790892,https://creativecommons.org/licenses/by/2.0/
366c03b2cb025632,grape,Miguel Ángel García.,https://www.flickr.com/people/respenda/,Bodegas Pago de Cirsus.Ablita.Navarra.,https://www.flickr.com/photos/respenda/10499310124/,https://creativecommons.org/licenses/by/2.0/
57cbee4ff274759b,grape,Joxe Aranzabal,https://www.flickr.com/people/joxe/,Mahats oparoa,https://www.flickr.com/photos/joxe/8016364107,https://creativecommons.org/licenses/by/2.0/
bea479074738b0c3,grape,London looks,https://www.flickr.com/people/londonlooks/,grapes,https://www.flickr.com/photos/londonlooks/5011160086,https://creativecommons.org/licenses/by/2.0/
f35b7d7b130c932c,grape,chrisada,https://www.flickr.com/people/chrisada/,Shiraz Grape,https://www.flickr.com/photos/chrisada/169008988,https://creativecommons.org/licenses/by/2.0/
1c2ef7f3b812aa11,grape,epen2c,https://www.flickr.com/people/epen2c/,Anggur IAC,https://www.flickr.com/photos/epen2c/6523852033,https://creativecommons.org/licenses/by/2.0/
8efb993428b6b7f1,grape,Vladimir Morozov,https://www.flickr.com/people/27429206@N02/,Grapes,https://www.flickr.com/photos/27429206@N02/8163424934,https://creativecommons.org/licenses/by/2.0/
26e988ecec3a1e4e,grape,"See1,Do1,Teach1",https://www.flickr.com/people/mpaulmd/,Grape divinity,https://www.flickr.com/photos/mpaulmd/10862781316,https://creativecommons.org/licenses/by/2.0/
8fbc6766cbaa8639,grape,Christine und Hagen Graf,https://www.flickr.com/people/hagengraf/,eTrust meeting,https://www.flickr.com/photos/hagengraf/4970303369,https://creativecommons.org/licenses/by/2.0/
66628a0eee9deb75,grape,Rhian,https://www.flickr.com/people/rhian/,"Elderberries, ready to pick",https://www.flickr.com/photos/rhian/3847401997,https://creativecommons.org/licenses/by/2.0/
40b1852b0cb5b5ec,grape,Kelowna09,https://www.flickr.com/people/kelowna09/,Kelowna Wine and Cuisine,https://www.flickr.com/photos/kelowna09/3969407435,https://creativecommons.org/licenses/by/2.0/
3da0117c3a40b5c5,grape,Wapster,https://www.flickr.com/people/wapster/,Grapes :) #food #instagram #iphoneography,https://www.flickr.com/photos/wapster/8296911256,https://creativecommons.org/licenses/by/2.0/
f84355fd72ad8eb1,grape,Mariela M.,https://www.flickr.com/people/mariela/,dessert,https://www.flickr.com/photos/mariela/2553919568,https://creativecommons.org/licenses/by/2.0/
0c4ad228358c3843,grape,John Kavanagh,https://www.flickr.com/people/kavo1/,Grapes,https://www.flickr.com/photos/kavo1/748542081,https://creativecommons.org/licenses/by/2.0/
375f4774ed10494c,grape,Luca Galli,https://www.flickr.com/people/lucagalli/,Grappolo d'uva a Cleto (CS),https://www.flickr.com/photos/lucagalli/20859924762,https://creativecommons.org/licenses/by/2.0/
08d76f2a788d813a,grape,Martin Pettitt,https://www.flickr.com/people/mdpettitt/,Colchester Zoo Lemars 6 April 2007 09i,https://www.flickr.com/photos/mdpettitt/455587626,https://creativecommons.org/licenses/by/2.0/
05d58d8419ab74a8,grape,SABET Sabet,https://www.flickr.com/people/uayebt/,Grapes made in Rioja.,https://www.flickr.com/photos/uayebt/8868238881,https://creativecommons.org/licenses/by/2.0/
b508d2af12066660,grape,Glauco Umbelino,https://www.flickr.com/people/geoglauco/,Lagoa Grande,https://www.flickr.com/photos/geoglauco/1375916795,https://creativecommons.org/licenses/by/2.0/
1b7c2c9dd3bc3e5f,grape,Paul Dunleavy,https://www.flickr.com/people/dunleavy_family/,grapes,https://www.flickr.com/photos/dunleavy_family/8132013694,https://creativecommons.org/licenses/by/2.0/
c9de3bfc2421e57a,grape,Makuahine Pa&#x27;i Ki&#x27;i,https://www.flickr.com/people/hawaii-mcgraths/,Mothers' Day at the Allerton--Reed Palm Berries (Chamaedorea seifrizii Burret) Closeup,https://www.flickr.com/photos/hawaii-mcgraths/2507270659,https://creativecommons.org/licenses/by/2.0/
ecaa7e7e0aa9fe05,grape,Maggie Hoffman,https://www.flickr.com/people/maggiejane/,"Riesling, Fulkerson",https://www.flickr.com/photos/maggiejane/6151201814,https://creativecommons.org/licenses/by/2.0/
9911a594eeef0a66,grape,Denise Cross Photography,https://www.flickr.com/people/ldcross/,Day 55/366.....Grapes,https://www.flickr.com/photos/ldcross/2289875248,https://creativecommons.org/licenses/by/2.0/
490136265b8f53a3,grape,Justus Hayes,https://www.flickr.com/people/shoes_on_wires/,St. Sadurni d'Anoia - Bunches - Shoes on Wires,https://www.flickr.com/photos/shoes_on_wires/3087659344,https://creativecommons.org/licenses/by/2.0/
becc8d9843c0a086,grape,Thomas Guest,https://www.flickr.com/people/thomasguest/,Supersize sloes,https://www.flickr.com/photos/thomasguest/5047345965,https://creativecommons.org/licenses/by/2.0/
24b035b5e98fa316,grape,Graeme Churchard,https://www.flickr.com/people/graeme/,06 Sep 2008_1100,https://www.flickr.com/photos/graeme/2851233041,https://creativecommons.org/licenses/by/2.0/
2efd7b446d41cc93,grape,Jennifer C.,https://www.flickr.com/people/29638108@N06/,Berries,https://www.flickr.com/photos/29638108@N06/4164331315,https://creativecommons.org/licenses/by/2.0/
77d3140d272944bb,grape,Stefano Lubiana,https://www.flickr.com/people/stefano_lubiana_wines/,2012 Sauvignon Blanc,https://www.flickr.com/photos/stefano_lubiana_wines/6900116192,https://creativecommons.org/licenses/by/2.0/
25f1d1eb7bf242fc,grape,Darin House,https://www.flickr.com/people/momilkman/,On the Vine,https://www.flickr.com/photos/momilkman/3793856764,https://creativecommons.org/licenses/by/2.0/
0d0a087f9d9918a2,grape,Rajib Ghosh,https://www.flickr.com/people/syshook/,DSC00590,https://www.flickr.com/photos/syshook/4489996441,https://creativecommons.org/licenses/by/2.0/
8383e7d119b0fcc6,grape,SD Dirk,https://www.flickr.com/people/dirkhansen/,Temecula - Ponte,https://www.flickr.com/photos/dirkhansen/14195371296,https://creativecommons.org/licenses/by/2.0/
db8a5683be7eecad,grape,Mary Madigan,https://www.flickr.com/people/marypmadigan/,wine grapes,https://www.flickr.com/photos/marypmadigan/4755964836,https://creativecommons.org/licenses/by/2.0/
52d2ad85aa7b96b6,grape,Son of Groucho,https://www.flickr.com/people/sonofgroucho/,Peel Me A Grape!,https://www.flickr.com/photos/sonofgroucho/4845865150,https://creativecommons.org/licenses/by/2.0/
fd00bb121229c236,grape,Dano,https://www.flickr.com/people/mukluk/,"Green grapes, green colander",https://www.flickr.com/photos/mukluk/190418664/,https://creativecommons.org/licenses/by/2.0/
649f79397910e901,grape,whologwhy,https://www.flickr.com/people/hulagway/,LUMBOY,https://www.flickr.com/photos/hulagway/5935614031,https://creativecommons.org/licenses/by/2.0/
3723e9018cea69b0,grape,Victoria Rachitzky Hoch,https://www.flickr.com/people/viclic/,"Ameixa, Ciruela, Plum",https://www.flickr.com/photos/viclic/270435538,https://creativecommons.org/licenses/by/2.0/
c64484e380b1c5e9,grape,iamNigelMorris,https://www.flickr.com/people/34639903@N03/,Family+Grapes=Fun!,https://www.flickr.com/photos/34639903@N03/3395659182,https://creativecommons.org/licenses/by/2.0/
e6301fad8cc7b85a,grape,epen2c,https://www.flickr.com/people/epen2c/,Anggur IAC 2011,https://www.flickr.com/photos/epen2c/5946424519/,https://creativecommons.org/licenses/by/2.0/
6becea12e18ef7cc,grape,Clint Budd,https://www.flickr.com/people/58827557@N06/,"Wine, in a few months ;-) - TROML - 856",https://www.flickr.com/photos/58827557@N06/15309714260,https://creativecommons.org/licenses/by/2.0/
b88a207a57c5fe91,grape,thinboyfatter,https://www.flickr.com/people/1234abcd/,Grapes,https://www.flickr.com/photos/1234abcd/7151145085,https://creativecommons.org/licenses/by/2.0/
0eb2a83700bd54d8,grape,pika1935,https://www.flickr.com/people/93256705@N05/,レディーフィンガー,https://www.flickr.com/photos/93256705@N05/15460679701,https://creativecommons.org/licenses/by/2.0/
9d503fa876fdb400,grape,digitalrob70,https://www.flickr.com/people/digitalrob70/,Wine And Grapes 01,https://www.flickr.com/photos/digitalrob70/7270476208,https://creativecommons.org/licenses/by/2.0/
44c55cd042802436,grape,Christian Schnettelker,https://www.flickr.com/people/manoftaste-de/,Mamasita,https://www.flickr.com/photos/manoftaste-de/8951991194,https://creativecommons.org/licenses/by/2.0/
ce5a9a57160118f0,grape,Andrew Malone,https://www.flickr.com/people/andrewmalone/,Ripening,https://www.flickr.com/photos/andrewmalone/5408272615,https://creativecommons.org/licenses/by/2.0/
6389e83178a0fd05,grape,Ray Bouknight,https://www.flickr.com/people/raybouk/,308/365 ~ Uvas #green #grapes,https://www.flickr.com/photos/raybouk/9022359522,https://creativecommons.org/licenses/by/2.0/
3881457cb3a6585e,grape,Jon Rawlinson,https://www.flickr.com/people/london/,#wine #grapes #sonoma #california,https://www.flickr.com/photos/london/14809931457,https://creativecommons.org/licenses/by/2.0/
28291d3397cba28b,grape,Zoe Shuttleworth,https://www.flickr.com/people/zoeshuttleworth/,Hanepoot grapes in Klawer,https://www.flickr.com/photos/zoeshuttleworth/6794709571,https://creativecommons.org/licenses/by/2.0/
822b0c10f6c634e3,grape,Image Library,https://www.flickr.com/people/beyondcoalandgas/,"Grapes in the Hunter Valley, NSW",https://www.flickr.com/photos/beyondcoalandgas/9299339354,https://creativecommons.org/licenses/by/2.0/
4e53704c7b009c60,grape,Aanjhan Ranganathan,https://www.flickr.com/people/tuxmaniac/,Florence. Enough said.,https://www.flickr.com/photos/tuxmaniac/8330082304,https://creativecommons.org/licenses/by/2.0/
0e94914d294e5db4,grape,Rhett Sutphin,https://www.flickr.com/people/rsutphin/,IMGP1492,https://www.flickr.com/photos/rsutphin/1517690111,https://creativecommons.org/licenses/by/2.0/
1610d2c120d3af67,grape,Matthew,https://www.flickr.com/people/mshipp/,Grapes of Missouri,https://www.flickr.com/photos/mshipp/10163494825,https://creativecommons.org/licenses/by/2.0/
661f9769f8bd5170,grape,Tim Herrick,https://www.flickr.com/people/minkymonkeymoo/,"Berries, outside Uffington",https://www.flickr.com/photos/minkymonkeymoo/329032676,https://creativecommons.org/licenses/by/2.0/
45fbfd58918fb361,grape,e_chaya,https://www.flickr.com/people/e_chaya/,"GUM Department Store, Moscow",https://www.flickr.com/photos/e_chaya/7934303048,https://creativecommons.org/licenses/by/2.0/
15cec6633d8f1d21,grape,agerpoint,https://www.flickr.com/people/agerpoint/,White grapes,https://www.flickr.com/photos/agerpoint/7336418324,https://creativecommons.org/licenses/by/2.0/
7b93fdb43c8c2fc9,grape,sundeviljeff,https://www.flickr.com/people/39231458@N02/,Grapes 02,https://www.flickr.com/photos/39231458@N02/14500284697,https://creativecommons.org/licenses/by/2.0/
03e2cc8f5547bcbe,grape,jean-louis Zimmermann,https://www.flickr.com/people/jeanlouis_zimmermann/,"2008-08-20 434 (ORANGE,FR84)",https://www.flickr.com/photos/jeanlouis_zimmermann/2788603275,https://creativecommons.org/licenses/by/2.0/
4d2c53a165aa51b4,grape,Brian Gratwicke,https://www.flickr.com/people/briangratwicke/,Nolana galapagensis,https://www.flickr.com/photos/briangratwicke/8499823485,https://creativecommons.org/licenses/by/2.0/
527da3a6db1df8fd,grape,Giacomo Da Ros,https://www.flickr.com/people/jack_dr/,Think Different,https://www.flickr.com/photos/jack_dr/9787185276,https://creativecommons.org/licenses/by/2.0/
a2668ed9ff2657c9,grape,Waiting For The Word,https://www.flickr.com/people/waitingfortheword/,The True Vine,https://www.flickr.com/photos/waitingfortheword/8617703623,https://creativecommons.org/licenses/by/2.0/
4ac0687764ff6b0e,grape,ArminFlickr,https://www.flickr.com/people/arminflikr/,Grapes in September,https://www.flickr.com/photos/arminflikr/2873484780,https://creativecommons.org/licenses/by/2.0/
8c52f1e6710ee0ee,grape,E Photos,https://www.flickr.com/people/ephoto/,Grape Vines,https://www.flickr.com/photos/ephoto/47034662,https://creativecommons.org/licenses/by/2.0/
a458e61373513d08,grape,kenji ross,https://www.flickr.com/people/grenade/,Untitled,https://www.flickr.com/photos/grenade/5962345725,https://creativecommons.org/licenses/by/2.0/
114589529ab55e5b,grape,LollyKnit,https://www.flickr.com/people/lollyknit/,Grapevine,https://www.flickr.com/photos/lollyknit/534432297,https://creativecommons.org/licenses/by/2.0/
92ac3b1f22ca4064,grape,Luke Jones,https://www.flickr.com/people/befuddledsenses/,Grapes,https://www.flickr.com/photos/befuddledsenses/10806775734,https://creativecommons.org/licenses/by/2.0/
37bdba18bb3a9524,grape,Peter Lindberg,https://www.flickr.com/people/plindberg/,Plum Tree,https://www.flickr.com/photos/plindberg/4204089129,https://creativecommons.org/licenses/by/2.0/
5902e975fb1e2d3d,grape,Barry Fontaine,https://www.flickr.com/people/12919459@N08/,bunch,https://www.flickr.com/photos/12919459@N08/1572296618,https://creativecommons.org/licenses/by/2.0/
50fccc08fb18d454,grape,Moe Moosa,https://www.flickr.com/people/mmoosa/,Grapes! Grapes! Grapes!,https://www.flickr.com/photos/mmoosa/3500052231,https://creativecommons.org/licenses/by/2.0/
15243c8ceb91d3d6,grape,Miguel Ángel García.,https://www.flickr.com/people/respenda/,Castellanos  León,https://www.flickr.com/photos/respenda/6073395296,https://creativecommons.org/licenses/by/2.0/
05e1b97aed6faffc,grape,Ravi Kaushik,https://www.flickr.com/people/ravikaushik/,021,https://www.flickr.com/photos/ravikaushik/8082590755,https://creativecommons.org/licenses/by/2.0/
d23fa367876f7d9f,grape,Wendy Harman,https://www.flickr.com/people/quirky/,Vineyard,https://www.flickr.com/photos/quirky/180078250,https://creativecommons.org/licenses/by/2.0/
aaee2f4c4ca88152,grape,Francisco Martinez Arias,https://www.flickr.com/people/pacomarias/,Ya cuajan,https://www.flickr.com/photos/pacomarias/18585215428,https://creativecommons.org/licenses/by/2.0/
d3853139dee36c12,grape,Francisco Martinez Arias,https://www.flickr.com/people/pacomarias/,mas gorriones,https://www.flickr.com/photos/pacomarias/14980153182,https://creativecommons.org/licenses/by/2.0/
c332c8b3544fcc31,grape,Enobytes Wine Online,https://www.flickr.com/people/enobytes/,Champagne Penet-Chardonnet Chardonnay,https://www.flickr.com/photos/enobytes/6101620348,https://creativecommons.org/licenses/by/2.0/
80ca1157dec8e8f3,grape,ElizaC3,https://www.flickr.com/people/93413187@N06/,grapes,https://www.flickr.com/photos/93413187@N06/8491421741,https://creativecommons.org/licenses/by/2.0/
a4f0672e00d1b780,grape,Carol VanHook,https://www.flickr.com/people/librariesrock/,Refreshed Grapes REMAKE-I,https://www.flickr.com/photos/librariesrock/14035064431,https://creativecommons.org/licenses/by/2.0/
6516b9d8365f1158,grape,Karen,https://www.flickr.com/people/25850415@N02/,Grappe de raisin - pinot noir,https://www.flickr.com/photos/25850415@N02/3835419219,https://creativecommons.org/licenses/by/2.0/
0efba00170d8bc8b,grape,Vladislav Bezrukov,https://www.flickr.com/people/bezrukov/,Grape,https://www.flickr.com/photos/bezrukov/2912399127,https://creativecommons.org/licenses/by/2.0/
89764bb48f10d4ae,grape,jamesskivington,https://www.flickr.com/people/jamesskivington/,Ummm...Grapes. That is all.,https://www.flickr.com/photos/jamesskivington/6142830757,https://creativecommons.org/licenses/by/2.0/
4d45fd9eb24d301c,grape,Allie_Caulfield,https://www.flickr.com/people/wm_archiv/,"2010-10-01 10-03 Südtirol 124 Algund, Waalweg",https://www.flickr.com/photos/wm_archiv/5067806218,https://creativecommons.org/licenses/by/2.0/
f6e1953289ec9e6f,grape,Shever,https://www.flickr.com/people/mattandkim/,Grapes!,https://www.flickr.com/photos/mattandkim/242317027,https://creativecommons.org/licenses/by/2.0/
4e76464cd156798a,grape,mrpbps,https://www.flickr.com/people/mrpbps/,Grapes Greedily Grazed,https://www.flickr.com/photos/mrpbps/4381119317,https://creativecommons.org/licenses/by/2.0/
f5476da28ed4753d,grape,secrettenerife.co.uk,https://www.flickr.com/people/tenerife/,Raisin Wine,https://www.flickr.com/photos/tenerife/48280796,https://creativecommons.org/licenses/by/2.0/
65dc62cac4b65444,grape,Sarah_Ackerman,https://www.flickr.com/people/sackerman519/,Napa Valley,https://www.flickr.com/photos/sackerman519/6137618568,https://creativecommons.org/licenses/by/2.0/
f93b3a01ab10db19,grape,nomad_sw18,https://www.flickr.com/people/22491205@N04/,torrentes grape,https://www.flickr.com/photos/22491205@N04/2522440626,https://creativecommons.org/licenses/by/2.0/
7fca8a9b1caf8a6a,grape,Charlie Nguyen,https://www.flickr.com/people/brainchildvn/,Bogle Wine Grapes,https://www.flickr.com/photos/brainchildvn/3902736739/,https://creativecommons.org/licenses/by/2.0/
c82226d55caf9a36,grape,Ruth Hartnup,https://www.flickr.com/people/ruthanddave/,Bullace (wild plums),https://www.flickr.com/photos/ruthanddave/50894510,https://creativecommons.org/licenses/by/2.0/
f8ffb31fabd6de76,grape,Craig Wyzik,https://www.flickr.com/people/wyzik/,"Saint Genevieve, MO",https://www.flickr.com/photos/wyzik/19120369,https://creativecommons.org/licenses/by/2.0/
6ac0c06e778b96e4,grape,heydrienne,https://www.flickr.com/people/heydrienne/,chardonnay,https://www.flickr.com/photos/heydrienne/258968978,https://creativecommons.org/licenses/by/2.0/
70a4b97dfb6ea2d8,grape,Thomas Quine,https://www.flickr.com/people/quinet/,Green grapes,https://www.flickr.com/photos/quinet/5942340718,https://creativecommons.org/licenses/by/2.0/
a5c5b657413f5719,grape,Jim G,https://www.flickr.com/people/jimg944/,"Kendall-Jackson Wine Center, Santa Rosa, California, USA",https://www.flickr.com/photos/jimg944/10519276866,https://creativecommons.org/licenses/by/2.0/
c4eb9973fafa3e60,grape,Chris Miranda,https://www.flickr.com/people/dclsma/,@firestonevyds #vines #grapes #losolivos #vineyardvines #vineyard,https://www.flickr.com/photos/dclsma/17748694834,https://creativecommons.org/licenses/by/2.0/
956622aafd0760a2,grape,Jessica Marquezone,https://www.flickr.com/people/78208831@N02/,Traveler,https://www.flickr.com/photos/78208831@N02/7940834544,https://creativecommons.org/licenses/by/2.0/
35e9ce4f2e9c8c80,grape,thy,https://www.flickr.com/people/thy/,Grapes,https://www.flickr.com/photos/thy/63155528,https://creativecommons.org/licenses/by/2.0/
a869bc1c1bc669cd,grape,wonder_j,https://www.flickr.com/people/wonder_j/,Burgondy Grapes,https://www.flickr.com/photos/wonder_j/442551097,https://creativecommons.org/licenses/by/2.0/
d31b99f18b4337f4,grape,Kristine Paulus,https://www.flickr.com/people/kpaulus/,"Vitis vinifera 'Purpurea', Perennial Garden, New York Botanical Garden",https://www.flickr.com/photos/kpaulus/19362143479,https://creativecommons.org/licenses/by/2.0/
d597e932617149de,grape,OrniCosa,https://www.flickr.com/people/orni68/,Zarzamora,https://www.flickr.com/photos/orni68/4661073064,https://creativecommons.org/licenses/by/2.0/
5c2be8cb9b4a4ae0,grape,Stephan Ridgway,https://www.flickr.com/people/stephanridgway/,Maturing Gapes @ Sandalford Winery,https://www.flickr.com/photos/stephanridgway/3152584399,https://creativecommons.org/licenses/by/2.0/
5545968100c3bfaf,grape,frankieleon,https://www.flickr.com/people/armydre2008/,"Sometimes Grapes, Sometimes Rasins",https://www.flickr.com/photos/armydre2008/3122488587,https://creativecommons.org/licenses/by/2.0/
033cb4937755e86b,grape,fscc102599,https://www.flickr.com/people/joshuapaquin/,Grapes at Kibbutz Nachsholim,https://www.flickr.com/photos/joshuapaquin/18226850,https://creativecommons.org/licenses/by/2.0/
52b04057339c5021,grape,Lee Nachtigal,https://www.flickr.com/people/lxn271/,Green grapes on dark purple velvet,https://www.flickr.com/photos/lxn271/169622976,https://creativecommons.org/licenses/by/2.0/
b644c020787326ed,grape,Squirrel Nation,https://www.flickr.com/people/squirrelnation/,IMG_0193-picking-sloes,https://www.flickr.com/photos/squirrelnation/11130749163,https://creativecommons.org/licenses/by/2.0/
6d43c49219151213,grape,demi,https://www.flickr.com/people/vaionnoth/,"Vinyes de #calonge creixent dia a dia, formant els raims",https://www.flickr.com/photos/vaionnoth/9306881682,https://creativecommons.org/licenses/by/2.0/
8addeecbd539eb56,grape,Fabio Ingrosso,https://www.flickr.com/people/vinofamily/,"Porto Palo, vendemmia sul mare di Cantine Settesoli",https://www.flickr.com/photos/vinofamily/3919110007,https://creativecommons.org/licenses/by/2.0/
532f43afe859ead9,grape,Gummo,https://www.flickr.com/people/gummo/,uva,http://www.flickr.com/photos/83825502@N00/1185067638,https://creativecommons.org/licenses/by/2.0/
153a9cd9f3a83d1b,grape,Akos Kokai,https://www.flickr.com/people/on_earth/,Sedum 'burrito',https://www.flickr.com/photos/on_earth/7755389732,https://creativecommons.org/licenses/by/2.0/
2d7556bbcf672d3c,grape,wdamave1,https://www.flickr.com/people/60592826@N08/,Gooseberries,https://www.flickr.com/photos/60592826@N08/5552213993,https://creativecommons.org/licenses/by/2.0/
b7e1e3905da64db4,grape,Shubert Ciencia,https://www.flickr.com/people/bigberto/,"Ilocano Grapes (Pagudpud, Ilocos Norte)",https://www.flickr.com/photos/bigberto/1783457558,https://creativecommons.org/licenses/by/2.0/
dfbb00bddc4d1cd8,grape,VaMedia,https://www.flickr.com/people/vamedia/,DSC_623421a2,https://www.flickr.com/photos/vamedia/18097201930,https://creativecommons.org/licenses/by/2.0/
4105398069f1d0a9,grape,Milton Jung,https://www.flickr.com/people/cbnsp/,Videira na Cidade,https://www.flickr.com/photos/cbnsp/6669200037,https://creativecommons.org/licenses/by/2.0/
81713614edb9d8b0,grape,N1NJ4,https://www.flickr.com/people/dist0rtedwave/,SDC11225,https://www.flickr.com/photos/dist0rtedwave/5872688507,https://creativecommons.org/licenses/by/2.0/
353a4311061630bb,grape,Stefano Lubiana,https://www.flickr.com/people/stefano_lubiana_wines/,Pinot Noir beginning veraison,https://www.flickr.com/photos/stefano_lubiana_wines/5466771276,https://creativecommons.org/licenses/by/2.0/
ca2b228cbf72e3fc,grape,Frédérique Voisin-Demery,https://www.flickr.com/people/vialbost/,Raisins du rosé de Provence,https://www.flickr.com/photos/vialbost/4652299319,https://creativecommons.org/licenses/by/2.0/
9c3d9f6244b8f91d,grape,Becks,https://www.flickr.com/people/littlemisspurps/,Autumn Blackberry,https://www.flickr.com/photos/littlemisspurps/3984949290,https://creativecommons.org/licenses/by/2.0/
4e7e485ba7d1a985,grape,Stefan Munder,https://www.flickr.com/people/insmu74/,Autumn_2437,https://www.flickr.com/photos/insmu74/1362875750,https://creativecommons.org/licenses/by/2.0/
c19f71f15a5dd457,pineapple,L. Braughler,https://www.flickr.com/people/sudoking/,Coloured pineapple,https://www.flickr.com/photos/sudoking/3557606087,https://creativecommons.org/licenses/by/2.0/
6a48f1b8dd189244,pineapple,keri.,https://www.flickr.com/people/kickthebeat/,01: into the bone zone #fruit #fmsphotoaday,https://www.flickr.com/photos/kickthebeat/15924582641,https://creativecommons.org/licenses/by/2.0/
8032b1fe17a05f8b,pineapple,Mathieu Plourde,https://www.flickr.com/people/mathplourde/,Pineapples,https://www.flickr.com/photos/mathplourde/3634015608,https://creativecommons.org/licenses/by/2.0/
54c99d068997ad54,pineapple,Ting W. Chang,https://www.flickr.com/people/ssdctw/,來自鹿野的香甜 #金鑽鳳梨,https://www.flickr.com/photos/ssdctw/20134136956,https://creativecommons.org/licenses/by/2.0/
d498384fec4a9d96,pineapple,Jouni Koo,https://www.flickr.com/people/vaara/,3D display,https://www.flickr.com/photos/vaara/4850689534,https://creativecommons.org/licenses/by/2.0/
8ef5eeba1df75cc2,pineapple,Janine,https://www.flickr.com/people/geishabot/,pineapples,https://www.flickr.com/photos/geishabot/2213428099,https://creativecommons.org/licenses/by/2.0/
ad036718e810c67e,pineapple,Michael E. Macmillan,https://www.flickr.com/people/luahiwa/,"Wahiawa Pineapple Festival, May 12, 2012",https://www.flickr.com/photos/luahiwa/7186754520,https://creativecommons.org/licenses/by/2.0/
0aeb2d73c7b47a54,pineapple,Victor,https://www.flickr.com/people/v1ctor/,Pineaple,https://www.flickr.com/photos/v1ctor/8312025416,https://creativecommons.org/licenses/by/2.0/
2aee86498d2bb628,pineapple,Peter Corbett,https://www.flickr.com/people/ptc24/,Pineapple,https://www.flickr.com/photos/ptc24/371955646,https://creativecommons.org/licenses/by/2.0/
18c99b02975ab1c2,pineapple,Jennifer Whiting,https://www.flickr.com/people/jennywhitingnz/,Pineapple - Auckland Botanic Gardens,https://www.flickr.com/photos/jennywhitingnz/14480920667,https://creativecommons.org/licenses/by/2.0/
94f7cf63c7076741,pineapple,Luiz Gustavo Leme,https://www.flickr.com/people/luizgustavoleme/,Abacaxi de enfeite,https://www.flickr.com/photos/luizgustavoleme/4252316834,https://creativecommons.org/licenses/by/2.0/
5f942acdc20b12f1,pineapple,U.S. Army,https://www.flickr.com/people/familymwr/,Hale Koa,https://www.flickr.com/photos/familymwr/13971175761/,https://creativecommons.org/licenses/by/2.0/
dcb8749d9bbe279e,pineapple,Michael Button,https://www.flickr.com/people/michaeljohnbutton/,Kew Gardens 3/9/2013,https://www.flickr.com/photos/michaeljohnbutton/9674733976,https://creativecommons.org/licenses/by/2.0/
072b81ef8ad73bc5,pineapple,Infrogmation of New Orleans,https://www.flickr.com/people/infrogmation/,Green Goddess Nov 10 Pinapples,https://www.flickr.com/photos/infrogmation/5215741161,https://creativecommons.org/licenses/by/2.0/
c74f7e84ee000c3d,pineapple,Yortw,https://www.flickr.com/people/yortw/,Day One Hundred and Four - Pineapple,https://www.flickr.com/photos/yortw/5630904922,https://creativecommons.org/licenses/by/2.0/
41a467354e774e2b,pineapple,Andrew Comings,https://www.flickr.com/people/brazilnut72/,Em se plantando... #saoluis #brasil #maranhão,https://www.flickr.com/photos/brazilnut72/16334528172,https://creativecommons.org/licenses/by/2.0/
a7198a0578ba3887,pineapple,Herbolario Allium: www.alliumherbal.com,https://www.flickr.com/people/alliumherbal/,Piñas,https://www.flickr.com/photos/alliumherbal/14551789175,https://creativecommons.org/licenses/by/2.0/
bcaceeb551f545cf,pineapple,Jeremy Keith,https://www.flickr.com/people/adactio/,Pineapple,https://www.flickr.com/photos/adactio/8952225443,https://creativecommons.org/licenses/by/2.0/
2f49080d120183ca,pineapple,Paul K,https://www.flickr.com/people/bibliodyssey/,Smooth Leaved Green Antigua Pineapple - George Brookshaw,https://www.flickr.com/photos/bibliodyssey/4049226278,https://creativecommons.org/licenses/by/2.0/
712559ec7977bfed,pineapple,mazaletel,https://www.flickr.com/people/meg-z/,coconut cake with pineapple lime filling & pineapple buttercream in a pineapple-ish shape.,https://www.flickr.com/photos/meg-z/12018759085,https://creativecommons.org/licenses/by/2.0/
0d24b635e58e9dc0,pineapple,finchlake2000,https://www.flickr.com/people/finchlake/,DSC_0023,https://www.flickr.com/photos/finchlake/4990878899,https://creativecommons.org/licenses/by/2.0/
95c1b3dab8ff4d31,pineapple,TANAKA Juuyoh (田中十洋),https://www.flickr.com/people/tanaka_juuyoh/,Pineapple / Ananas comosus Mer. var. bracteatus Koch 'Striatus' / 五色(ゴシキ)パイナップル,https://www.flickr.com/photos/tanaka_juuyoh/4144849660,https://creativecommons.org/licenses/by/2.0/
d30ff19b470e04ac,pineapple,jjsala,https://www.flickr.com/people/jjsala/,DSC_0051,https://www.flickr.com/photos/jjsala/5151684744,https://creativecommons.org/licenses/by/2.0/
e9aea5f80bde1d53,pineapple,Ruth Hartnup,https://www.flickr.com/people/ruthanddave/,Don Juan Diablo cocktail,https://www.flickr.com/photos/ruthanddave/2786421607,https://creativecommons.org/licenses/by/2.0/
a092ccb7f4da3638,pineapple,Robert Couse-Baker,https://www.flickr.com/people/29233640@N07/,ananas,https://www.flickr.com/photos/29233640@N07/3670045191,https://creativecommons.org/licenses/by/2.0/
cafe80e010fde782,pineapple,Charles  Tucker,https://www.flickr.com/people/tkophoto/,380,https://www.flickr.com/photos/tkophoto/16872239685,https://creativecommons.org/licenses/by/2.0/
6bc56f8366132974,pineapple,Breville USA,https://www.flickr.com/people/breville/,Midori Sour_1of3,https://www.flickr.com/photos/breville/8735922214,https://creativecommons.org/licenses/by/2.0/
7e8ad124fe74f344,pineapple,Melissa Hillier,https://www.flickr.com/people/77423179@N02/,Do you guys have the Pampered Chef Pineapple Wedger? I'm on the fence...,https://www.flickr.com/photos/77423179@N02/8275468083,https://creativecommons.org/licenses/by/2.0/
9df7616db9116c1f,pineapple,Prayitno / Thank you for (9 millions +) views,https://www.flickr.com/people/prayitnophotography/,Dole Pineapple,https://www.flickr.com/photos/prayitnophotography/15134003673,https://creativecommons.org/licenses/by/2.0/
cce1f803866e9e49,pineapple,lucianf,https://www.flickr.com/people/lucianf/,Ananas,https://www.flickr.com/photos/lucianf/5790932168,https://creativecommons.org/licenses/by/2.0/
ea1dc5cd307c0e1a,pineapple,Nacho,https://www.flickr.com/people/gonmi/,Pineapples,https://www.flickr.com/photos/gonmi/6708126635,https://creativecommons.org/licenses/by/2.0/
9c31465f76fef04c,pineapple,Foodista,https://www.flickr.com/people/foodista/,Photo of Pina Colada,https://www.flickr.com/photos/foodista/3275130365,https://creativecommons.org/licenses/by/2.0/
d05d1b4689f3584c,pineapple,Dug Song,https://www.flickr.com/people/dugsong/,100_2662,https://www.flickr.com/photos/dugsong/3921525413,https://creativecommons.org/licenses/by/2.0/
02aeb6528711637a,pineapple,Camera Eye Photography,https://www.flickr.com/people/camera_is_a_mirror_with_memory/,13:365 Pineapple Express,https://www.flickr.com/photos/camera_is_a_mirror_with_memory/16273171042,https://creativecommons.org/licenses/by/2.0/
82aa7f6c430527d2,pineapple,Danumurthi Mahendra,https://www.flickr.com/people/dmahendra/,Pasar Kebalen Malang,https://www.flickr.com/photos/dmahendra/18112613198,https://creativecommons.org/licenses/by/2.0/
ed00e1ad397a569e,pineapple,Mr Thinktank,https://www.flickr.com/people/tahini/,Nottingham late March 2015,https://www.flickr.com/photos/tahini/16885722041,https://creativecommons.org/licenses/by/2.0/
bef62b8ee1756820,pineapple,Andy / Andrew Fogg,https://www.flickr.com/people/ndrwfgg/,pineapple,https://www.flickr.com/photos/ndrwfgg/350423257,https://creativecommons.org/licenses/by/2.0/
7a9bf55ecc4822c5,pineapple,Rajib Ghosh,https://www.flickr.com/people/syshook/,Pineapple,https://www.flickr.com/photos/syshook/20440269881,https://creativecommons.org/licenses/by/2.0/
6443cda69ec5a84a,pineapple,Hey Paul Studios,https://www.flickr.com/people/hey__paul/,Just add fried rice. A fav in the Shuler-Paulson household. #dinner #pineapples #fruit,https://www.flickr.com/photos/hey__paul/10260559174,https://creativecommons.org/licenses/by/2.0/
2b8f5dc7cbb67f54,pineapple,neetalparekh,https://www.flickr.com/people/44313045@N08/,Pineapple Perfect,https://www.flickr.com/photos/44313045@N08/8437449479,https://creativecommons.org/licenses/by/2.0/
1fc51aca1526620f,pineapple,Matt Witherow,https://www.flickr.com/people/mcwitherow/,🍍A year in the making! #keywest #pineapple #harvest,https://www.flickr.com/photos/mcwitherow/18872723130,https://creativecommons.org/licenses/by/2.0/
e668858f205d94ab,pineapple,Rob Bertholf,https://www.flickr.com/people/robbertholf/,Juicing,https://www.flickr.com/photos/robbertholf/13902738614,https://creativecommons.org/licenses/by/2.0/
6bcf4172f9a4e8b3,pineapple,derek rose,https://www.flickr.com/people/derek7272/,pineapple,https://www.flickr.com/photos/derek7272/1420343003,https://creativecommons.org/licenses/by/2.0/
1ac684d41db2c9b3,pineapple,Michael Pedersen,https://www.flickr.com/people/46289172@N04/,Pineapple,https://www.flickr.com/photos/46289172@N04/4398874948,https://creativecommons.org/licenses/by/2.0/
54c81fa55a882134,pineapple,準建築人手札網站 Forgemind ArchiMedia,https://www.flickr.com/people/eager/,雙頭鳳梨,https://www.flickr.com/photos/eager/5711376621,https://creativecommons.org/licenses/by/2.0/
d39a7657907177b7,pineapple,Jeff Kramer,https://www.flickr.com/people/jeffk/,Pineapple,https://www.flickr.com/photos/jeffk/988465/,https://creativecommons.org/licenses/by/2.0/
6f72d78ab00d3a5f,pineapple,Kristin,https://www.flickr.com/people/kerotab/,Pineapple!,https://www.flickr.com/photos/kerotab/5891961146,https://creativecommons.org/licenses/by/2.0/
d8996fa0c7516b73,pineapple,chuck b.,https://www.flickr.com/people/82479320@N00/,A multiple fruit consisting of coalesced berries.,https://www.flickr.com/photos/82479320@N00/6825103860,https://creativecommons.org/licenses/by/2.0/
22740e66cdfe8021,pineapple,David Santaolalla,https://www.flickr.com/people/santaolalla/,Trop-picale,https://www.flickr.com/photos/santaolalla/5478141721,https://creativecommons.org/licenses/by/2.0/
f78264490eb42368,pineapple,John Liu,https://www.flickr.com/people/8047705@N02/,Prickly but sweet (142/365),https://www.flickr.com/photos/8047705@N02/5748718105,https://creativecommons.org/licenses/by/2.0/
f99c29d3a38c03ea,pineapple,Victoria Rachitzky Hoch,https://www.flickr.com/people/viclic/,"Abacaxi, piña, pineapple",https://www.flickr.com/photos/viclic/270420595,https://creativecommons.org/licenses/by/2.0/
7599f8c431f826a4,pineapple,nachosmooth,https://www.flickr.com/people/nachosmooth/,De postre piña sobre plato de Duralex transparente ondulado. Otro clásico del verano!!!,https://www.flickr.com/photos/nachosmooth/14823839791,https://creativecommons.org/licenses/by/2.0/
58fe3f07f35bf8eb,pineapple,Paul Villavisanis,https://www.flickr.com/people/34420703@N03/,Pinapple with babies,https://www.flickr.com/photos/34420703@N03/3429735989,https://creativecommons.org/licenses/by/2.0/
7a5cc3828fcfe7e2,pineapple,Miran  Rijavec,https://www.flickr.com/people/miran/,Ananas comosus : pineapple : pineapple fruit of p. plant.,https://www.flickr.com/photos/miran/5620452522,https://creativecommons.org/licenses/by/2.0/
b1061f936dad06a9,pineapple,Basharat Alam Shah,https://www.flickr.com/people/shahbasharat/,My 2 Pineapples,https://www.flickr.com/photos/shahbasharat/2289346167,https://creativecommons.org/licenses/by/2.0/
1e4dcc92b20614b1,pineapple,Derek Gavey,https://www.flickr.com/people/derekgavey/,Peekaboo Pineapple,https://www.flickr.com/photos/derekgavey/5295509320,https://creativecommons.org/licenses/by/2.0/
f51fe3931ad12cc7,pineapple,Ryan McBride,https://www.flickr.com/people/randomidea/,pineapple fields forever,https://www.flickr.com/photos/randomidea/2946230577,https://creativecommons.org/licenses/by/2.0/
d6f8c73cc6fe14f1,pineapple,SantaRosa OLD SKOOL,https://www.flickr.com/people/santarosa/,DSCF4588a,https://www.flickr.com/photos/santarosa/70687488,https://creativecommons.org/licenses/by/2.0/
696a2f93b2124ed5,pineapple,Josu Mendicute,https://www.flickr.com/people/supermendikute/,Zumosol,https://www.flickr.com/photos/supermendikute/1879140217,https://creativecommons.org/licenses/by/2.0/
a2b3b9a7a27e86df,pineapple,Jason Graham,https://www.flickr.com/people/jasongraham99/,Baby #pineapple #fruit #indonesia,https://www.flickr.com/photos/jasongraham99/9123819303/,https://creativecommons.org/licenses/by/2.0/
49d825bb58eed4f3,pineapple,Taro Urata,https://www.flickr.com/people/taro3/,Pineapple animal,https://www.flickr.com/photos/taro3/8625053861,https://creativecommons.org/licenses/by/2.0/
3c47349cca9f3fb2,pineapple,Mauro Parra-Miranda,https://www.flickr.com/people/mauropm/,Puras piñas,https://www.flickr.com/photos/mauropm/11879524916,https://creativecommons.org/licenses/by/2.0/
cf1700eb4262b00a,pineapple,Kristine Paulus,https://www.flickr.com/people/kpaulus/,Tree Pit Pineapple,https://www.flickr.com/photos/kpaulus/6033490621,https://creativecommons.org/licenses/by/2.0/
26504e525fac1e13,pineapple,Yuko Hara,https://www.flickr.com/people/yuko_ppp/,SANY0082,https://www.flickr.com/photos/yuko_ppp/2122602976/,https://creativecommons.org/licenses/by/2.0/
2fdbbc33b63ca22b,pineapple,We Are Social,https://www.flickr.com/people/wearesocial/,The fruit platter at work had star fruit. Haven't seen those in ages #thankswork #wearesocial #ilovebreakfast,https://www.flickr.com/photos/wearesocial/8771306525,https://creativecommons.org/licenses/by/2.0/
a25da0677943113f,pineapple,Anastasia,https://www.flickr.com/people/annaestasyeah/,pineapple in the grass,https://www.flickr.com/photos/annaestasyeah/708425683,https://creativecommons.org/licenses/by/2.0/
0ebf6f99476a18b9,pineapple,David Saddler,https://www.flickr.com/people/80502454@N00/,Pineapple for Breakfast!,https://www.flickr.com/photos/80502454@N00/3603671642,https://creativecommons.org/licenses/by/2.0/
cbbf3cc312a6b956,pineapple,Karen,https://www.flickr.com/people/misbehave/,the pineapples,https://www.flickr.com/photos/misbehave/7516008262,https://creativecommons.org/licenses/by/2.0/
840864d9d8c4d779,pineapple,SFAJane,https://www.flickr.com/people/sfajane/,Baby Pineapple,https://www.flickr.com/photos/sfajane/5112022746,https://creativecommons.org/licenses/by/2.0/
14805ae79bcffaab,pineapple,Alpha du centaure,https://www.flickr.com/people/alphaducentaure/,destructuration,https://www.flickr.com/photos/alphaducentaure/5314729221,https://creativecommons.org/licenses/by/2.0/
26a2393f9024b99f,pineapple,Garry Knight,https://www.flickr.com/people/garryknight/,Cocktail Pineapple,https://www.flickr.com/photos/garryknight/13429410704,https://creativecommons.org/licenses/by/2.0/
3854a66b940ab028,pineapple,AForestFrolic,https://www.flickr.com/people/stampinmom/,#vitamix 47,https://www.flickr.com/photos/stampinmom/8751081185,https://creativecommons.org/licenses/by/2.0/
72d3036ac5316c0f,pineapple,AnnaKika,https://www.flickr.com/people/ullkika/,Fort Cochi Kerala India,https://www.flickr.com/photos/ullkika/5426396408,https://creativecommons.org/licenses/by/2.0/
c3241e09dac30d65,mango,Milton Ramirez,https://www.flickr.com/people/tonmil/,Mango Rosado,https://www.flickr.com/photos/tonmil/2635493222,https://creativecommons.org/licenses/by/2.0/
06047edced02a386,mango,Ana Rodríguez  Carrington,https://www.flickr.com/people/ana_carrington/,Mangos de mi huerta,https://www.flickr.com/photos/ana_carrington/4093571989,https://creativecommons.org/licenses/by/2.0/
d0d4b7d64072f74b,mango,Matthew Langham,https://www.flickr.com/people/silent-penguin/,Olives,https://www.flickr.com/photos/silent-penguin/31669872,https://creativecommons.org/licenses/by/2.0/
e1b97e0ea9663540,mango,Donald Lee Pardue,https://www.flickr.com/people/oldrebel/,Maypop:  Passion Flower Fruit,https://www.flickr.com/photos/oldrebel/7876004008,https://creativecommons.org/licenses/by/2.0/
081fd131e90e9e11,mango,Wicker Paradise,https://www.flickr.com/people/wicker-furniture/,#mango #basket #wicker #rustic #greenwich #green #greengrocers #autumn #market #fruit #yum - @lucysheepie,https://www.flickr.com/photos/wicker-furniture/11475851684,https://creativecommons.org/licenses/by/2.0/
bf51df396cb12f55,mango,Procsilas Moscas,https://www.flickr.com/people/procsilas/,untitled,https://www.flickr.com/photos/procsilas/10065744423,https://creativecommons.org/licenses/by/2.0/
3866c6c5b78ef5b4,mango,instinctify,https://www.flickr.com/people/instinctify/,Mangos,https://www.flickr.com/photos/instinctify/3992572489,https://creativecommons.org/licenses/by/2.0/
ceaa8fc074488710,mango,pslim,https://www.flickr.com/people/bbbsheep/,Green mangoes,https://www.flickr.com/photos/bbbsheep/65066520,https://creativecommons.org/licenses/by/2.0/
d3ed451ae7a79fbf,mango,Upendra Kanda,https://www.flickr.com/people/ukanda/,Mango,https://www.flickr.com/photos/ukanda/6005015405,https://creativecommons.org/licenses/by/2.0/
521d40004c99ac64,mango,Lorenzo Tlacaelel,https://www.flickr.com/people/queerdood/,Avocados,https://www.flickr.com/photos/queerdood/8746039759,https://creativecommons.org/licenses/by/2.0/
8d7b3fbbe9d36153,mango,paz.ca,https://www.flickr.com/people/pazca/,Microsoft prova a contrastare Apple con un Mango,https://www.flickr.com/photos/pazca/5757843225/,https://creativecommons.org/licenses/by/2.0/
7ad86187efab11f0,mango,Yvette  Tan,https://www.flickr.com/people/glossmania/,Dumaguete Manjuyod Sandbar - Mangoes,https://www.flickr.com/photos/glossmania/8741301104,https://creativecommons.org/licenses/by/2.0/
0fe79b500bce814d,mango,Martin Howard,https://www.flickr.com/people/martinhoward/,Mango Season,https://www.flickr.com/photos/martinhoward/5397244901,https://creativecommons.org/licenses/by/2.0/
bddbae97ebad6546,mango,Fernanda Ramalho,https://www.flickr.com/people/nanda_ac/,manga no meu quintal. delicia!!,https://www.flickr.com/photos/nanda_ac/2904757195,https://creativecommons.org/licenses/by/2.0/
32def9997c0f69ee,mango,robert mclean,https://www.flickr.com/people/50445916@N00/,mango tree,https://www.flickr.com/photos/50445916@N00/227084493,https://creativecommons.org/licenses/by/2.0/
b2b4fde8435b8277,pear,Matt Jiggins,https://www.flickr.com/people/mattjiggins/,Ladybug eats Pear,https://www.flickr.com/photos/mattjiggins/3942902504,https://creativecommons.org/licenses/by/2.0/
fc65fa64282ef3b2,pear,Nagarjun Kandukuru,https://www.flickr.com/people/nagarjun/,Sweet Lime,https://www.flickr.com/photos/nagarjun/16245747958,https://creativecommons.org/licenses/by/2.0/
2699aeff9eb68538,pear,mauroguanandi,https://www.flickr.com/people/mauroguanandi/,Abacates (Persea americana). centro america native,https://www.flickr.com/photos/mauroguanandi/4201748978,https://creativecommons.org/licenses/by/2.0/
42f20be38edecce2,pear,Nick Allen,https://www.flickr.com/people/nickwallen/,Home grown Nachi Pears,https://www.flickr.com/photos/nickwallen/6061899464,https://creativecommons.org/licenses/by/2.0/
4871541c632d5793,pear,Alison.,https://www.flickr.com/people/its405178/,boredom,https://www.flickr.com/photos/its405178/3307497062,https://creativecommons.org/licenses/by/2.0/
c61632e9e21075db,pear,David  Eickhoff,https://www.flickr.com/people/dweickhoff/,Sapindus oahuensis,https://www.flickr.com/photos/dweickhoff/5187914267,https://creativecommons.org/licenses/by/2.0/
be9101a92175e084,pear,Apple and Pear Australia Ltd,https://www.flickr.com/people/applesnpearsau/,ANP-0131 pear tree (pear fruit to be marketed under the name Deliza®) - not yet ripe_MG_5044,https://www.flickr.com/photos/applesnpearsau/16268046827,https://creativecommons.org/licenses/by/2.0/
6718bab57844b939,pear,BY-YOUR-⌘,https://www.flickr.com/people/aparejador/,"Wild Apple-ish, proly quince.",https://www.flickr.com/photos/aparejador/6654824559,https://creativecommons.org/licenses/by/2.0/
27612ebdab64edb5,pear,j bizzie,https://www.flickr.com/people/k9d/,#freckles r so #cute fruity #foodporn raw #organic etc,https://www.flickr.com/photos/k9d/11587372745,https://creativecommons.org/licenses/by/2.0/
2d3bf81d68393650,pear,eskeephoto,https://www.flickr.com/people/eskeephoto/,Halo is coming down,https://www.flickr.com/photos/eskeephoto/19840390272,https://creativecommons.org/licenses/by/2.0/
265a62f227b36773,pear,marlenedd,https://www.flickr.com/people/marlened/,PA030051,https://www.flickr.com/photos/marlened/3981134758,https://creativecommons.org/licenses/by/2.0/
7b1d16b3b24d14a5,pear,Lee Coursey,https://www.flickr.com/people/leeco/,Pears at Hawkshead Winery,https://www.flickr.com/photos/leeco/8534769329,https://creativecommons.org/licenses/by/2.0/
fcee7667be1747ed,pear,Victoria Rachitzky Hoch,https://www.flickr.com/people/viclic/,"Peras, Pears",https://www.flickr.com/photos/viclic/270450484,https://creativecommons.org/licenses/by/2.0/
697f73dd4b3b6fa8,pear,Apple and Pear Australia Ltd,https://www.flickr.com/people/applesnpearsau/,Sunpick pears -323,https://www.flickr.com/photos/applesnpearsau/14769178156,https://creativecommons.org/licenses/by/2.0/
30ab08ede5bbfff9,pear,FotoGuy 49057,https://www.flickr.com/people/fotoguy49057/,Pears,https://flickr.com/28682774@N00/16186496371,https://creativecommons.org/licenses/by/2.0/
028aa72dfbd6c15b,pear,Gail Frederick,https://www.flickr.com/people/galfred/,Decorative art in the Seaside Grill,https://www.flickr.com/photos/galfred/341468003,https://creativecommons.org/licenses/by/2.0/
579c6a3fe214d0db,pear,Rennett Stowe,https://www.flickr.com/people/tomsaint/,Pear on a Tree,https://www.flickr.com/photos/tomsaint/6080932705,https://creativecommons.org/licenses/by/2.0/
6f35157234fd9d7b,pear,C.E.I.P. Sambori,https://www.flickr.com/people/45579842@N07/,PERES,https://www.flickr.com/photos/45579842@N07/4186857377,https://creativecommons.org/licenses/by/2.0/
cece28f8545d6af5,pear,Tim Regan,https://www.flickr.com/people/dumbledad/,108th of 5th 365: Testing our segmentation app with a pear,https://www.flickr.com/photos/dumbledad/17687115554,https://creativecommons.org/licenses/by/2.0/
48f25208f8bb1178,pear,Thomas Au,https://www.flickr.com/people/mk_is_here/,Pears,https://www.flickr.com/photos/mk_is_here/12345416233,https://creativecommons.org/licenses/by/2.0/
eda759462ab87b16,pear,Đức-Huy,https://www.flickr.com/people/duc_huy/,Bưởi -bòng,https://www.flickr.com/photos/duc_huy/6611754477,https://creativecommons.org/licenses/by/2.0/
4f074df569ef0be9,pear,Post Memes,https://www.flickr.com/people/postmemes/,Clever Buddha Pears,https://www.flickr.com/photos/postmemes/16356804021,https://creativecommons.org/licenses/by/2.0/
7ff347fd0a85f5be,pear,Windell Oskay,https://www.flickr.com/people/oskay/,SimplePumpkins - 10,https://www.flickr.com/photos/oskay/6214302364,https://creativecommons.org/licenses/by/2.0/
e647430f1dc2215c,pear,Swallowtail Garden Seeds,https://www.flickr.com/people/swallowtailgardenseeds/,"Pear 'Duchesse D'angouleme. Annales de flore et de pomone- ou journal des jardins et des champs, vol. 6 (1837-1838)",https://www.flickr.com/photos/swallowtailgardenseeds/14727246783,https://creativecommons.org/licenses/by/2.0/
c157519c390325b8,pear,Edward Lund,https://www.flickr.com/people/the_hookups/,hudson nightstand,https://www.flickr.com/photos/the_hookups/2264237182,https://creativecommons.org/licenses/by/2.0/
40391da1de1df8a6,pear,Apple and Pear Australia Ltd,https://www.flickr.com/people/applesnpearsau/,Beurre Bosc_CMD1505547 copy,https://www.flickr.com/photos/applesnpearsau/18917319564,https://creativecommons.org/licenses/by/2.0/
5eaf1df0f9982b60,pear,Jameson Fink,https://www.flickr.com/people/jamesonfink/,Pears are outstanding. #urbantoislandcider #waciderweek @nwcider,https://www.flickr.com/photos/jamesonfink/20802005683,https://creativecommons.org/licenses/by/2.0/
10c3c2ebdf47da71,pear,born1945,https://www.flickr.com/people/12567713@N00/,Pears,https://www.flickr.com/photos/12567713@N00/33666750,https://creativecommons.org/licenses/by/2.0/
7109085f816f2560,pear,tinabasgen,https://www.flickr.com/people/tinabasgen/,pomelo,https://www.flickr.com/photos/tinabasgen/3132615424,https://creativecommons.org/licenses/by/2.0/
26e3c586f4cb8653,pear,Keith Williamson,https://www.flickr.com/people/elwillo/,An ugly pair,https://www.flickr.com/photos/elwillo/4527318673,https://creativecommons.org/licenses/by/2.0/
f78e91ef3b187326,pear,Stefan,https://www.flickr.com/people/92703742@N04/,birnen,https://www.flickr.com/photos/92703742@N04/8426126549,https://creativecommons.org/licenses/by/2.0/
8e5c17cd62897dbb,pear,Melinda,https://www.flickr.com/people/melindasutton/,Jean Talon Market,https://www.flickr.com/photos/melindasutton/6225840829,https://creativecommons.org/licenses/by/2.0/
053f36af5398b259,pear,Delaney Turner,https://www.flickr.com/people/claydevoute/,DSC_0135_2,https://www.flickr.com/photos/claydevoute/4991964324,https://creativecommons.org/licenses/by/2.0/
cfce81320d7c9d0c,pear,Marcos André,https://www.flickr.com/people/marcodede/,Salada Mista,https://www.flickr.com/photos/marcodede/67995411,https://creativecommons.org/licenses/by/2.0/
1cd27a201eddfbe9,pear,David Wright,https://www.flickr.com/people/dhwright/,Pear with Wasp,https://www.flickr.com/photos/dhwright/6095805091/,https://creativecommons.org/licenses/by/2.0/
5c4d5de59518fe4d,pear,Ana Pastor,https://www.flickr.com/people/apaspei/,LO Q COMO ;O)),https://www.flickr.com/photos/apaspei/8163780654,https://creativecommons.org/licenses/by/2.0/
23c2eb633b77c38c,pear,Stephen Pierzchala,https://www.flickr.com/people/spierzchala/,Pears in a green bowl,https://www.flickr.com/photos/spierzchala/405960176,https://creativecommons.org/licenses/by/2.0/
27a186e12640b5d6,pear,Apple and Pear Australia Ltd,https://www.flickr.com/people/applesnpearsau/,Corella pear,https://www.flickr.com/photos/applesnpearsau/11923594156,https://creativecommons.org/licenses/by/2.0/
e9e7fbb00438b4bf,pear,João Medeiros,https://www.flickr.com/people/cerrados/,Eugenia klotzschiana,https://www.flickr.com/photos/cerrados/4209341411,https://creativecommons.org/licenses/by/2.0/
4fa6d92bb4d4ec22,pear,Vegan Feast Catering,https://www.flickr.com/people/veganfeast/,Seckel Pear,https://www.flickr.com/photos/veganfeast/4466279290,https://creativecommons.org/licenses/by/2.0/
1056f8ecb8ca2e25,pear,Procsilas Moscas,https://www.flickr.com/people/procsilas/,untitled,https://www.flickr.com/photos/procsilas/4779078507,https://creativecommons.org/licenses/by/2.0/
4d80223ee7949297,pear,B.,https://www.flickr.com/people/bmente/,1:30pm - Thursday 2.7.08,https://www.flickr.com/photos/8561899@N04/2253709573,https://creativecommons.org/licenses/by/2.0/
9feb59ba2180125b,pear,Brad.K,https://www.flickr.com/people/stopbits/,Pears from our tree,https://www.flickr.com/photos/stopbits/5055451745/,https://creativecommons.org/licenses/by/2.0/
6ac0782824334fb5,pear,S B,https://www.flickr.com/people/sarahbaker/,Pear,https://www.flickr.com/photos/sarahbaker/272685229,https://creativecommons.org/licenses/by/2.0/
c26489dcb67c63d5,pear,jimsohn1,https://www.flickr.com/people/sodigital/,AHS-00003,https://www.flickr.com/photos/sodigital/3785475583,https://creativecommons.org/licenses/by/2.0/
b85cab0d3657a9c2,pear,Secretaria de Agricultura e Abastecimento,https://www.flickr.com/people/agriculturasp/,Reunião da Câmara Setorial de Agricultura Ecológica - 02.05.2015,https://www.flickr.com/photos/agriculturasp/18207807460,https://creativecommons.org/licenses/by/2.0/
235df0c6b46af380,pear,David Blaikie,https://www.flickr.com/people/nikonvscanon/,Fresh juicy pears,https://www.flickr.com/photos/nikonvscanon/4065263809,https://creativecommons.org/licenses/by/2.0/
d4e9201d8399a74d,pear,Martin Howard,https://www.flickr.com/people/martinhoward/,Pears,https://www.flickr.com/photos/martinhoward/5895864079,https://creativecommons.org/licenses/by/2.0/
2f1c2110df3bfafe,pear,Steven Jackson,https://www.flickr.com/people/jackson3/,Bartlettpears,https://www.flickr.com/photos/jackson3/3860359915,https://creativecommons.org/licenses/by/2.0/
cef74fd72d16d204,pear,Ben Sutherland,https://www.flickr.com/people/bensutherland/,A cracking pear,https://flickr.com/60179301@N00/19920034090,https://creativecommons.org/licenses/by/2.0/
5b5482686c6cce77,pear,Dominik Schwind,https://www.flickr.com/people/dominik/,Not too hungry today.,https://www.flickr.com/photos/dominik/6169735386,https://creativecommons.org/licenses/by/2.0/
2cff67b07b9d2397,pear,Mover el Bigote,https://www.flickr.com/people/moverelbigote/,IMG_20150606_160559,https://www.flickr.com/photos/moverelbigote/18420833020/,https://creativecommons.org/licenses/by/2.0/
4db426cab3ef158b,pear,miketually,https://www.flickr.com/people/mike_mc/,Pear harvest,https://www.flickr.com/photos/mike_mc/4994214264,https://creativecommons.org/licenses/by/2.0/
bb3e0aababa46a94,pear,Nicu Farcaş,https://www.flickr.com/people/46486132@N08/,Pere de vară...........,https://www.flickr.com/photos/46486132@N08/5594872453,https://creativecommons.org/licenses/by/2.0/
0594d94e26a09247,pear,Gary Owens,https://www.flickr.com/people/47421998@N08/,002 Kieffer Pears,https://www.flickr.com/photos/47421998@N08/4380099858,https://creativecommons.org/licenses/by/2.0/
38fdcca9be378d95,pear,Kiran Foster,https://www.flickr.com/people/rueful/,pear,https://www.flickr.com/photos/rueful/5906546599,https://creativecommons.org/licenses/by/2.0/
542668e4fe44ad3e,pear,allispossible.org.uk,https://www.flickr.com/people/wheatfields/,Pears,https://www.flickr.com/photos/wheatfields/3962803119,https://creativecommons.org/licenses/by/2.0/
8b9321c89b2d7ab6,pear,Yasuaki Kobayashi,https://www.flickr.com/people/105915350@N03/,Youth,https://www.flickr.com/photos/105915350@N03/15137457322,https://creativecommons.org/licenses/by/2.0/
621d666570933209,pear,Avia Venefica,https://www.flickr.com/people/avenefica/,Pear - Colored Pencil - Avia Venefica,https://www.flickr.com/photos/avenefica/6070188534,https://creativecommons.org/licenses/by/2.0/
df7e68b25fe60ac2,pear,nmarritz,https://www.flickr.com/people/nmarritz/,#15 - La Pera,https://www.flickr.com/photos/nmarritz/4015124823,https://creativecommons.org/licenses/by/2.0/
ddb166900f73659c,peach,Kathleen Dagostino,https://www.flickr.com/people/kathleencavalaro/,Peaches,https://www.flickr.com/photos/kathleencavalaro/5535971921,https://creativecommons.org/licenses/by/2.0/
20d4f0df8669e24e,peach,Paul Sableman,https://www.flickr.com/people/pasa/,Peach,https://www.flickr.com/photos/pasa/9219226319,https://creativecommons.org/licenses/by/2.0/
59ed72ecd2492f0d,peach,Christopher Paquette,https://www.flickr.com/people/chpaquette/,real peaches,https://www.flickr.com/photos/chpaquette/2537275798,https://creativecommons.org/licenses/by/2.0/
fffa09609c227c6f,peach,albastrica mititica,https://www.flickr.com/people/9467714@N03/,nectarine,https://www.flickr.com/photos/9467714@N03/3748862385,https://creativecommons.org/licenses/by/2.0/
dc914e83fd86d448,peach,waferboard,https://www.flickr.com/people/waferboard/,nectarine,https://www.flickr.com/photos/waferboard/4034122575,https://creativecommons.org/licenses/by/2.0/
1079896bc0e3834d,peach,@ferchos04 II,https://www.flickr.com/people/fernando680411/,Durazno,https://www.flickr.com/photos/fernando680411/20271701656,https://creativecommons.org/licenses/by/2.0/
8bd5613866581b18,peach,liz west,https://www.flickr.com/people/calliope/,letters,https://www.flickr.com/photos/calliope/1404530744,https://creativecommons.org/licenses/by/2.0/
c73f208df3c96d07,peach,Krishna,https://www.flickr.com/people/nexus2006/,Plum fruits (Prunus domestica) wallpaper #1,https://www.flickr.com/photos/nexus2006/6012060869,https://creativecommons.org/licenses/by/2.0/
9cfeb32f8724b210,peach,Rachel Kelso,https://www.flickr.com/people/99841029@N00/,peaches,https://www.flickr.com/photos/99841029@N00/47235803/,https://creativecommons.org/licenses/by/2.0/
a9c229552df9ac7c,peach,PeterOdeus,https://www.flickr.com/people/85382608@N03/,Uppdrag: Få ut det sista.,https://www.flickr.com/photos/85382608@N03/7978415733,https://creativecommons.org/licenses/by/2.0/
fdff0896af019bde,peach,Malcolm Manners,https://www.flickr.com/people/mmmavocado/,Apricots,https://www.flickr.com/photos/mmmavocado/4223660369,https://creativecommons.org/licenses/by/2.0/
42498a88ba8df18e,peach,pika1935,https://www.flickr.com/people/93256705@N05/,福島の白桃,https://www.flickr.com/photos/93256705@N05/20076638515,https://creativecommons.org/licenses/by/2.0/
c04044e50ac8fe48,peach,Emilian Robert Vicol,https://www.flickr.com/people/free-stock/,Nectarine Fruit,https://www.flickr.com/photos/free-stock/4791921423,https://creativecommons.org/licenses/by/2.0/
2494f7c8f0bc940a,peach,THOR,https://www.flickr.com/people/geishaboy500/,Delicious Plums,https://www.flickr.com/photos/geishaboy500/4526452842,https://creativecommons.org/licenses/by/2.0/
60a5fd2e0c34870c,peach,Belal Khan,https://www.flickr.com/people/albaraa/,White Peaches,https://www.flickr.com/photos/albaraa/7820401852,https://creativecommons.org/licenses/by/2.0/
6a17b88e2b955e14,peach,alainalele,https://www.flickr.com/people/alainalele/,jardin mirabelles,https://www.flickr.com/photos/alainalele/14874637295,https://creativecommons.org/licenses/by/2.0/
942a88d20290f1cf,peach,Arya Ziai,https://www.flickr.com/people/aryaziai/,"March 19, 2013 at 10:05PM",https://www.flickr.com/photos/aryaziai/8573132495,https://creativecommons.org/licenses/by/2.0/
026f61bf6565c8e4,peach,Ralph Daily,https://www.flickr.com/people/ralphandjenny/,Peaches in the Box,https://www.flickr.com/photos/ralphandjenny/2826472468,https://creativecommons.org/licenses/by/2.0/
bb7075be563d2dc4,peach,Coral Springs Talk,https://www.flickr.com/people/coralspringstalk/,Coral Springs Mega Green Market,https://www.flickr.com/photos/coralspringstalk/9895925196,https://creativecommons.org/licenses/by/2.0/
38d3eb00e52365e5,peach,EG Focus,https://www.flickr.com/people/egfocus/,New Covent Garden Market - peaches,https://www.flickr.com/photos/egfocus/7466108512,https://creativecommons.org/licenses/by/2.0/
cf88f141ee610631,peach,2ndmoon,https://www.flickr.com/people/30ma/,sagheye shamdooni 3,https://www.flickr.com/photos/30ma/2459198862,https://creativecommons.org/licenses/by/2.0/
f7c6952f68d4292d,peach,Neil Conway,https://www.flickr.com/people/neilconway/,Untitled,https://www.flickr.com/photos/neilconway/9515706505,https://creativecommons.org/licenses/by/2.0/
90d5face2178f412,peach,Virginia State Parks,https://www.flickr.com/people/vastateparksstaff/,Wild persimmons,https://www.flickr.com/photos/vastateparksstaff/8119484571,https://creativecommons.org/licenses/by/2.0/
d6a706cd5cc358bc,peach,Mike Licht,https://www.flickr.com/people/notionscapital/,Peaches,https://www.flickr.com/photos/notionscapital/13923576559,https://creativecommons.org/licenses/by/2.0/
cdb2b707ef94db2c,peach,Herbolario Allium: www.alliumherbal.com,https://www.flickr.com/people/alliumherbal/,Melocotón,https://www.flickr.com/photos/alliumherbal/5872377348,https://creativecommons.org/licenses/by/2.0/
67034a68f606a071,peach,John Loo,https://www.flickr.com/people/johnloo/,The Changing Face of Fruit,https://www.flickr.com/photos/johnloo/20243948186,https://creativecommons.org/licenses/by/2.0/
eae2ab880edff8ba,peach,Damian Gadal,https://www.flickr.com/people/23024164@N06/,image,https://www.flickr.com/photos/23024164@N06/15044175009/,https://creativecommons.org/licenses/by/2.0/
8e6716ad6cc01e60,peach,Audrey,https://www.flickr.com/people/audreyjm529/,Peach Fuzz And Raindrops,https://www.flickr.com/photos/audreyjm529/190287451,https://creativecommons.org/licenses/by/2.0/
ed0a288f857efa86,peach,okano,https://www.flickr.com/people/okano/,Persimmom,https://www.flickr.com/photos/okano/814977,https://creativecommons.org/licenses/by/2.0/
ee61c011dd2dcea5,peach,Jeena Paradies,https://www.flickr.com/people/jeena/,DSC_0018,https://www.flickr.com/photos/jeena/9530770186,https://creativecommons.org/licenses/by/2.0/
af3cdb48658f2941,peach,Foodista,https://www.flickr.com/people/foodista/,Photo of Peeling,https://www.flickr.com/photos/foodista/3749164045,https://creativecommons.org/licenses/by/2.0/
c67690652c6d050b,peach,Thomas Quine,https://www.flickr.com/people/quinet/,Tuscan Peach,https://www.flickr.com/photos/quinet/5986939378,https://creativecommons.org/licenses/by/2.0/
c88336b5bc303214,peach,Mark Hillary,https://www.flickr.com/people/markhillary/,#fruit #fruta mango manga,https://www.flickr.com/photos/markhillary/8082549064,https://creativecommons.org/licenses/by/2.0/
166e155684e92dc4,peach,Procsilas Moscas,https://www.flickr.com/people/procsilas/,untitled,https://www.flickr.com/photos/procsilas/4779714116,https://creativecommons.org/licenses/by/2.0/
32582c3b61821262,peach,Tony Hisgett,https://www.flickr.com/people/hisgett/,Fruit Wall,https://www.flickr.com/photos/hisgett/5836490753,https://creativecommons.org/licenses/by/2.0/
d3e38ad7bb359938,peach,secrettenerife.co.uk,https://www.flickr.com/people/tenerife/,Plum Pickin,https://www.flickr.com/photos/tenerife/168193936,https://creativecommons.org/licenses/by/2.0/
bd624894a9225bdc,peach,Charles Nadeau,https://www.flickr.com/people/chucknado/,Peach fuzz,https://www.flickr.com/photos/chucknado/7892088358,https://creativecommons.org/licenses/by/2.0/
343f92a2a2ed25b4,peach,Paul Long,https://www.flickr.com/people/plong/,Peaches through the netting,https://www.flickr.com/photos/plong/5723401279,https://creativecommons.org/licenses/by/2.0/
1524a2879e7a1290,peach,Molly,https://www.flickr.com/people/maulleigh/,Peaches,https://www.flickr.com/photos/maulleigh/561432017,https://creativecommons.org/licenses/by/2.0/
7c43bbdaf70707c5,peach,cbertel,https://www.flickr.com/people/cbertel/,Peaches,https://www.flickr.com/photos/cbertel/2782182856,https://creativecommons.org/licenses/by/2.0/
466e4d69aba966fe,peach,U.S. Department of Agriculture,https://www.flickr.com/people/usdagov/,20120106-OC-AMW-0703,https://www.flickr.com/photos/usdagov/7880850552,https://creativecommons.org/licenses/by/2.0/
07d37a0f6a0db311,peach,Rob Bertholf,https://www.flickr.com/people/robbertholf/,Grandma's Garden,https://www.flickr.com/photos/robbertholf/14825338339,https://creativecommons.org/licenses/by/2.0/
91b688aa180b66c2,peach,Ananta Bhadra Lamichhane,https://www.flickr.com/people/anantablamichhane/,Plastic Tree,https://www.flickr.com/photos/anantablamichhane/839068663,https://creativecommons.org/licenses/by/2.0/
e25061c510cc9747,peach,Mike McCune,https://www.flickr.com/people/mccun934/,Grilled peaches II,https://www.flickr.com/photos/mccun934/5891465574,https://creativecommons.org/licenses/by/2.0/
46de01f6b9a39585,watermelon,flattop341,https://www.flickr.com/people/flattop341/,H20 Melons,https://www.flickr.com/photos/flattop341/233438472,https://creativecommons.org/licenses/by/2.0/
323a1898822507b8,watermelon,cea +,https://www.flickr.com/people/centralasian/,Woman in the Vestitto natura-anguria costume by Piero Gillardi (1967),https://www.flickr.com/photos/centralasian/7975936957,https://creativecommons.org/licenses/by/2.0/
6f232133adab1f68,watermelon,Louise McLaren,https://www.flickr.com/people/louisephotography/,I has baby watermelon!!! :D #Hipstamatic #Photography,https://www.flickr.com/photos/louisephotography/14866176804,https://creativecommons.org/licenses/by/2.0/
503de9552c84b6ab,watermelon,Marco Cabazal,https://www.flickr.com/people/oktober/,Watermelon Shake,https://www.flickr.com/photos/oktober/2259703124,https://creativecommons.org/licenses/by/2.0/
14eb9bf0d24a4be4,watermelon,Brock Roseberry,https://www.flickr.com/people/syntheticaperture/,0709C02 Farmer's Market,https://www.flickr.com/photos/syntheticaperture/2082979391,https://creativecommons.org/licenses/by/2.0/
4c4c1d298f7ce180,watermelon,Carissa Rogers,https://www.flickr.com/people/goodncrazy/,DSC_6823,https://www.flickr.com/photos/goodncrazy/7839283074,https://creativecommons.org/licenses/by/2.0/
04ff579898ba44a5,watermelon,. ...,https://www.flickr.com/people/99856183@N05/,Decorative Watermelons - Zaffari Bourbon NH,https://www.flickr.com/photos/99856183@N05/10409742454,https://creativecommons.org/licenses/by/2.0/
cb99955e0e2e8dce,watermelon,Shawn Rossi,https://www.flickr.com/people/shawnzlea/,May 01 135,https://www.flickr.com/photos/shawnzlea/9333260,https://creativecommons.org/licenses/by/2.0/
11f411d10708dbb0,watermelon,Prem Sichanugrist,https://www.flickr.com/people/sikachu/,Watermelon Juice,https://www.flickr.com/photos/sikachu/4782853161,https://creativecommons.org/licenses/by/2.0/
d291795c4f23e7c0,watermelon,liz west,https://www.flickr.com/people/calliope/,watermelon squared circle,https://www.flickr.com/photos/calliope/30594833,https://creativecommons.org/licenses/by/2.0/
b2ea0cb735961162,watermelon,Patrick Feller,https://www.flickr.com/people/nakrnsm/,"Produce Market, Airline Dr., Houston, Texas 0811091704",https://www.flickr.com/photos/nakrnsm/3815441094,https://creativecommons.org/licenses/by/2.0/
8747a8bb4d9bd6da,watermelon,Anna,https://www.flickr.com/people/bcmom/,The fruit of their labors,https://www.flickr.com/photos/bcmom/39418452,https://creativecommons.org/licenses/by/2.0/
95b7c9fcdcc2b6bf,watermelon,erocka,https://www.flickr.com/people/gtown/,#Watermelon,https://www.flickr.com/photos/gtown/14487549299,https://creativecommons.org/licenses/by/2.0/
06817f32820c3280,watermelon,Larry Koester,https://www.flickr.com/people/larrywkoester/,Food Market in Yaroslavl,https://www.flickr.com/photos/larrywkoester/16427126252,https://creativecommons.org/licenses/by/2.0/
21db74c238a50120,watermelon,Gary Stevens,https://www.flickr.com/people/garysoup/,Taiwanese Pears,https://www.flickr.com/photos/garysoup/3517620574,https://creativecommons.org/licenses/by/2.0/
be14e505a0c39bbd,watermelon,Hajime NAKANO,https://www.flickr.com/people/jetalone/,Water melon,https://www.flickr.com/photos/jetalone/201784126,https://creativecommons.org/licenses/by/2.0/
001cddbffb428689,watermelon,John S. Quarterman,https://www.flickr.com/people/98706376@N00/,Tight,https://www.flickr.com/photos/98706376@N00/5872194825,https://creativecommons.org/licenses/by/2.0/
392a30797e3ccd99,watermelon,Victoria Rachitzky Hoch,https://www.flickr.com/people/viclic/,Melão Melon,https://www.flickr.com/photos/viclic/270461102,https://creativecommons.org/licenses/by/2.0/
4a3875dcb8f79364,watermelon,Steven Depolo,https://www.flickr.com/people/stevendepolo/,"Red Plastic Watermelon East Grand Rapids Public Library Lourdie December 27, 20102",https://www.flickr.com/photos/stevendepolo/5302209562,https://creativecommons.org/licenses/by/2.0/
5bb72cedcec2e141,watermelon,Ramnath Bhat,https://www.flickr.com/people/ramnath1971/,Watermelon-Mint-Salad,https://www.flickr.com/photos/ramnath1971/9031511804,https://creativecommons.org/licenses/by/2.0/
5515a300cbf4b83d,watermelon,arifm,https://www.flickr.com/people/arifm/,water melon,https://www.flickr.com/photos/arifm/31587193,https://creativecommons.org/licenses/by/2.0/
8723abb9f1bc0454,watermelon,Karen and Brad Emerson,https://www.flickr.com/people/karenandbrademerson/,watermelon,https://www.flickr.com/photos/karenandbrademerson/9575575409,https://creativecommons.org/licenses/by/2.0/
a2e4474ac2a395a1,watermelon,bkaree1,https://www.flickr.com/people/bkaree/,melon,https://www.flickr.com/photos/bkaree/4938891755,https://creativecommons.org/licenses/by/2.0/
3a3864a83984ddbb,watermelon,Alex Goldmark,https://www.flickr.com/people/36184415@N07/,Image,https://www.flickr.com/photos/36184415@N07/3647286776,https://creativecommons.org/licenses/by/2.0/
2565a66e2999b12f,watermelon,Michael Bentley,https://www.flickr.com/people/donhomer/,Andrew Eating Watermelon,https://www.flickr.com/photos/donhomer/7398339974,https://creativecommons.org/licenses/by/2.0/
15818c44ec117ed6,watermelon,Luigi Guarino,https://www.flickr.com/people/luigi_and_linda/,Watermelons,https://www.flickr.com/photos/luigi_and_linda/5930025204,https://creativecommons.org/licenses/by/2.0/
7c2775cb5f0863a4,watermelon,adam w,https://www.flickr.com/people/asw909/,Chester Zoo: Okapi,https://www.flickr.com/photos/asw909/3914629451,https://creativecommons.org/licenses/by/2.0/
edc58ffbf1f645c3,watermelon,Steve Johnson,https://www.flickr.com/people/artbystevejohnson/,Water Melon,https://www.flickr.com/photos/artbystevejohnson/4772897184,https://creativecommons.org/licenses/by/2.0/
1b826fdeaed2d55e,watermelon,zeevveez,https://www.flickr.com/people/zeevveez/,Like Traffic Lights - Green & Red,https://www.flickr.com/photos/zeevveez/19769689843,https://creativecommons.org/licenses/by/2.0/
9e26ded79a347d30,watermelon,Paulo Marcos,https://www.flickr.com/people/nacangaia/,Irrigação Jacuípe,https://www.flickr.com/photos/nacangaia/5152243038,https://creativecommons.org/licenses/by/2.0/
9d033db3a63a58ad,watermelon,chia ying Yang,https://www.flickr.com/people/enixii/,底片和他的好朋友大西瓜,https://www.flickr.com/photos/enixii/4681890835,https://creativecommons.org/licenses/by/2.0/
1a37c31d10a2e10c,watermelon,brett jordan,https://www.flickr.com/people/x1brett/,Sanguine,https://www.flickr.com/photos/x1brett/2332092403,https://creativecommons.org/licenses/by/2.0/
a2e15f6c7a2edc83,watermelon,Purple Slog,https://www.flickr.com/people/purpleslog/,watermelon,https://www.flickr.com/photos/purpleslog/3008648157,https://creativecommons.org/licenses/by/2.0/
e47fc8e778a84bd3,watermelon,Clydehurst,https://www.flickr.com/people/clydehurst/,Aftermath,https://www.flickr.com/photos/clydehurst/3054567116,https://creativecommons.org/licenses/by/2.0/
640f9ef56e02bb93,watermelon,live,https://www.flickr.com/people/livegym/,Japanese pickles,https://www.flickr.com/photos/livegym/4340669532,https://creativecommons.org/licenses/by/2.0/
9e757d03d42ff70e,watermelon,FoodBankCENC.org,https://www.flickr.com/people/foodbankcenc/,Fresh Food Friday: Watermelons,https://www.flickr.com/photos/foodbankcenc/14436256587,https://creativecommons.org/licenses/by/2.0/
2cb753672861d82b,watermelon,Jan,https://www.flickr.com/people/jhecking/,Watermelon - Für Désirée,https://www.flickr.com/photos/jhecking/5539260962,https://creativecommons.org/licenses/by/2.0/
b5c75fe08dfb78d2,watermelon,whologwhy,https://www.flickr.com/people/hulagway/,SHINING WATERMELONS,https://www.flickr.com/photos/hulagway/5725112482,https://creativecommons.org/licenses/by/2.0/
e0349975377cf2cc,watermelon,Marc Levin,https://www.flickr.com/people/mil8/,Watermelon,https://www.flickr.com/photos/mil8/3435012465,https://creativecommons.org/licenses/by/2.0/
35d39e56a62e22b0,watermelon,Stuart Seeger,https://www.flickr.com/people/stuseeger/,Portrait Of Joshua,https://www.flickr.com/photos/stuseeger/279534306,https://creativecommons.org/licenses/by/2.0/
3cf4c3c443c0974f,watermelon,vijay chennupati,https://www.flickr.com/people/vijay_chennupati/,Fruit Carving,https://www.flickr.com/photos/vijay_chennupati/12242511545,https://creativecommons.org/licenses/by/2.0/
0e1806d2474d7c93,watermelon,Itinerant Tightwad,https://www.flickr.com/people/itineranttightwad/,Melons in Tel Aviv,https://www.flickr.com/photos/itineranttightwad/3694710605,https://creativecommons.org/licenses/by/2.0/
69ac3edd04f15249,watermelon,ellenor benton,https://www.flickr.com/people/ellenbenton/,ellen mellon,https://www.flickr.com/photos/ellenbenton/2675038233,https://creativecommons.org/licenses/by/2.0/
348bb332b7cd1478,watermelon,Didriks,https://www.flickr.com/people/dinnerseries/,Watermelon Mint Margaritas 1,https://www.flickr.com/photos/dinnerseries/6092886185,https://creativecommons.org/licenses/by/2.0/
711a37b7cef502ce,watermelon,abhisawa,https://www.flickr.com/people/abhisawa/,watermelon,https://www.flickr.com/photos/abhisawa/3585289008,https://creativecommons.org/licenses/by/2.0/
e980f7bf104da704,watermelon,Adam Dachis,https://www.flickr.com/people/dachis/,DSC06580 Watermlon or Tiger?,https://www.flickr.com/photos/dachis/7771962988,https://creativecommons.org/licenses/by/2.0/
dbccdad432960952,watermelon,Silverisdead,https://www.flickr.com/people/56624456@N00/,Death Star,https://www.flickr.com/photos/56624456@N00/3457714371,https://creativecommons.org/licenses/by/2.0/
06a4a9b49707a673,watermelon,Emily May,https://www.flickr.com/people/emilysnuffer/,Gift Guide: The NICU Mom,https://www.flickr.com/photos/emilysnuffer/18652316279,https://creativecommons.org/licenses/by/2.0/
fd69500103cbc3bf,watermelon,Stacy Spensley,https://www.flickr.com/people/notahipster/,csa share 10/20/11,https://www.flickr.com/photos/notahipster/6275146017,https://creativecommons.org/licenses/by/2.0/
0ea06f0fd99eeb68,watermelon,T.Tseng,https://www.flickr.com/people/68147320@N02/,Heirloom yellow watermelon,https://www.flickr.com/photos/68147320@N02/14756538638,https://creativecommons.org/licenses/by/2.0/
376e71e49fd3feb0,watermelon,Wonderlane,https://www.flickr.com/people/wonderlane/,"Red and Sweet, crispy summer watermelon in the kitchen, Wedgwood, Seattle, Washington, USA",https://www.flickr.com/photos/wonderlane/4863847342,https://creativecommons.org/licenses/by/2.0/
f68993ccf243b8da,watermelon,La Mars Marjolein Mars,https://www.flickr.com/people/lamars/,Juicy,https://www.flickr.com/photos/lamars/7704280772,https://creativecommons.org/licenses/by/2.0/
d79ff2d0c565a8a9,watermelon,Evan Bench,https://www.flickr.com/people/austinevan/,IMG_1902,https://www.flickr.com/photos/austinevan/80019577,https://creativecommons.org/licenses/by/2.0/
0ba8350fa6d15414,watermelon,tiffany terry,https://www.flickr.com/people/35168673@N03/,Watermelon in Fruitbowl,https://www.flickr.com/photos/35168673@N03/5005353054,https://creativecommons.org/licenses/by/2.0/
c571ec8037fa696a,watermelon,Frédérique Voisin-Demery,https://www.flickr.com/people/vialbost/,Pastèque - 2012-08-23 - W34,https://www.flickr.com/photos/vialbost/7844166970,https://creativecommons.org/licenses/by/2.0/
9004dc79a9f579a1,watermelon,Matthew Hutchinson,https://www.flickr.com/people/hiddenloop/,Watermelons,https://www.flickr.com/photos/hiddenloop/4744111496,https://creativecommons.org/licenses/by/2.0/
b78c3797c5ad22df,watermelon,Oscar Cortez,https://www.flickr.com/people/drastudio/,20140416_214531277_iOS,https://www.flickr.com/photos/drastudio/19171131718,https://creativecommons.org/licenses/by/2.0/
fac4365f19306236,watermelon,João Henrique Sá Santana,https://www.flickr.com/people/23192538@N06/,#newyear #anonovo #melancia #watermellow #caldasnovas #alimento #food #fooddesign,https://www.flickr.com/photos/23192538@N06/8340914789,https://creativecommons.org/licenses/by/2.0/
0ac066dc375dcbf0,watermelon,Jane Kostenko,https://www.flickr.com/people/133533365@N06/,girl,https://www.flickr.com/photos/133533365@N06/20927737566,https://creativecommons.org/licenses/by/2.0/
09e6b0c77717cef9,watermelon,Dicemanic,https://www.flickr.com/people/dicemanic/,pumpkin,https://www.flickr.com/photos/dicemanic/54775859,https://creativecommons.org/licenses/by/2.0/
49993e436f58728a,watermelon,Kimberly Vardeman,https://www.flickr.com/people/kimberlykv/,Statendam Galley Tour,https://www.flickr.com/photos/kimberlykv/4900013008,https://creativecommons.org/licenses/by/2.0/
9276de46a770353e,watermelon,zilupe,https://www.flickr.com/people/zilupe/,WTF?!,https://www.flickr.com/photos/zilupe/2418804238,https://creativecommons.org/licenses/by/2.0/
b94f40cd91558896,watermelon,"Eden, Janine and Jim",https://www.flickr.com/people/edenpictures/,Butterfly With Watermelon,https://www.flickr.com/photos/edenpictures/4712433015/,https://creativecommons.org/licenses/by/2.0/
2d9f79894b674549,watermelon,Tony M,https://www.flickr.com/people/ammfoto/,IMG_1382,https://www.flickr.com/photos/ammfoto/4272331673,https://creativecommons.org/licenses/by/2.0/
8024ec7266dcde46,watermelon,Arnaud Rousselin,https://www.flickr.com/people/anahitox/,Pasteque Plage,https://www.flickr.com/photos/anahitox/393654423,https://creativecommons.org/licenses/by/2.0/
4b418aaa7f6b8784,watermelon,spinster cardigan,https://www.flickr.com/people/84906483@N08/,Shizuoka cola,https://www.flickr.com/photos/84906483@N08/9321809070,https://creativecommons.org/licenses/by/2.0/
aa4226f264ff5c18,watermelon,makou0629,https://www.flickr.com/people/makou0629/,water melon,https://www.flickr.com/photos/makou0629/3822458679,https://creativecommons.org/licenses/by/2.0/
8d9d2772540dd312,watermelon,Molly,https://www.flickr.com/people/maulleigh/,Mini Sweet Watermelon $1.99 each,https://www.flickr.com/photos/maulleigh/561010810,https://creativecommons.org/licenses/by/2.0/
65cf129347a7f0c5,watermelon,Lindsey Turner,https://www.flickr.com/people/theogeo/,watermelon,https://www.flickr.com/photos/theogeo/1251196834,https://creativecommons.org/licenses/by/2.0/
fa976baf5fd8b6ff,watermelon,Simon Gianoutsos,https://www.flickr.com/people/gianouts/,Watermelon,https://www.flickr.com/photos/gianouts/5330763573,https://creativecommons.org/licenses/by/2.0/
8d88471b2ad6dc44,watermelon,Dave Nakayama,https://www.flickr.com/people/dnak/,Jello!,https://www.flickr.com/photos/dnak/7595340376,https://creativecommons.org/licenses/by/2.0/
8bafb03b8a3b9b8f,watermelon,imageLane,https://www.flickr.com/people/imagelane/,watermelon,https://www.flickr.com/photos/imagelane/61239900,https://creativecommons.org/licenses/by/2.0/
d8fb67e18f293e95,watermelon,J Driskell,https://www.flickr.com/people/nogranddesign/,Cube Watermelon,https://www.flickr.com/photos/nogranddesign/189409872,https://creativecommons.org/licenses/by/2.0/
6a50172c96fd6b88,watermelon,blair_25,https://www.flickr.com/people/blair25/,Ermergerd Wertermerlons,https://www.flickr.com/photos/blair25/8399528781,https://creativecommons.org/licenses/by/2.0/
8c50ef44fdb20cb0,watermelon,OakleyOriginals,https://www.flickr.com/people/oakleyoriginals/,Watermelons,https://www.flickr.com/photos/oakleyoriginals/3805975015,https://creativecommons.org/licenses/by/2.0/
490950e4c4a2f44b,watermelon,roland  yabao,https://www.flickr.com/people/yabawski/,&quot;iLL EaT YoU LikE CrAzY&quot;&quot;,https://www.flickr.com/photos/yabawski/5833159219,https://creativecommons.org/licenses/by/2.0/
906b53b29bbcfc4b,watermelon,McKay Savage,https://www.flickr.com/people/mckaysavage/,India - Koyambedu Market - Watermelons 03,https://www.flickr.com/photos/mckaysavage/3987061936,https://creativecommons.org/licenses/by/2.0/
ccb78a4848b63f0d,watermelon,poppet with a camera,https://www.flickr.com/people/infobunny/,Cucamelons!,https://www.flickr.com/photos/infobunny/9480035944,https://creativecommons.org/licenses/by/2.0/
45ba9b07c1a7fe65,watermelon,popofatticus,https://www.flickr.com/people/barretthall/,watermelon smile,https://www.flickr.com/photos/barretthall/9089330918,https://creativecommons.org/licenses/by/2.0/
f067dcc7cd73968a,watermelon,solution_63,https://www.flickr.com/people/solution_63/,Square Watermelon!,https://www.flickr.com/photos/solution_63/181465051,https://creativecommons.org/licenses/by/2.0/
1a64ceaa916530f1,watermelon,Forest Starr and Kim Starr,https://www.flickr.com/people/forest-and-kim/,Watermelon from our place in Olinda,https://www.flickr.com/photos/forest-and-kim/9631021641,https://creativecommons.org/licenses/by/2.0/
15af9b72490c2251,watermelon,Henrique Yasuda,https://www.flickr.com/people/henriquetyds/,Watermelon.,https://www.flickr.com/photos/henriquetyds/12854773935/,https://creativecommons.org/licenses/by/2.0/
8f9ef61f06d59f5c,watermelon,young shanahan,https://www.flickr.com/people/youngshanahan/,Watermelons are sooo pretty!,https://www.flickr.com/photos/youngshanahan/19606597912,https://creativecommons.org/licenses/by/2.0/
c28c28ba5e7e3c9d,watermelon,Tamaki Sono,https://www.flickr.com/people/tamakisono/,130812,https://www.flickr.com/photos/tamakisono/9536445738,https://creativecommons.org/licenses/by/2.0/
a1da7af376bf2804,watermelon,Angel Schatz,https://www.flickr.com/people/glamourschatz/,IMAG0021,https://www.flickr.com/photos/glamourschatz/7547474192,https://creativecommons.org/licenses/by/2.0/
91ba6b21e5959da5,watermelon,"Jim, the Photographer",https://www.flickr.com/people/jcapaldi/,Watermelon,https://www.flickr.com/photos/jcapaldi/8020846339,https://creativecommons.org/licenses/by/2.0/
58204089590e19d5,watermelon,Elena Roussakis,https://www.flickr.com/people/mom2sofia/,watermelon party,https://www.flickr.com/photos/mom2sofia/19923234988,https://creativecommons.org/licenses/by/2.0/
a910aa96086d6d4f,watermelon,asobi tsuchiya,https://www.flickr.com/people/asobitsuchiya/,dinner6,https://www.flickr.com/photos/asobitsuchiya/2831000184,https://creativecommons.org/licenses/by/2.0/
c24d464d6c59a0c3,watermelon,Belal Khan,https://www.flickr.com/people/albaraa/,Seedless Watermelon,https://www.flickr.com/photos/albaraa/7820396860,https://creativecommons.org/licenses/by/2.0/
864e96c1f6ded7e6,watermelon,Lablascovegmenu,https://www.flickr.com/people/lablasco/,Watermelon,https://www.flickr.com/photos/lablasco/7823806764,https://creativecommons.org/licenses/by/2.0/
694fae6ac87dd868,watermelon,Luca Masters,https://www.flickr.com/people/lkbm/,Watermelon,https://www.flickr.com/photos/lkbm/39590704,https://creativecommons.org/licenses/by/2.0/
ef7fc6e8793f5526,watermelon,zenjiro,https://www.flickr.com/people/zenjiro/,すいか,https://www.flickr.com/photos/zenjiro/14924110005,https://creativecommons.org/licenses/by/2.0/
b4685cba12f50f26,watermelon,altemark,https://www.flickr.com/people/altemark/,IMGP9124,https://www.flickr.com/photos/altemark/4786498854,https://creativecommons.org/licenses/by/2.0/
b988dc334228a385,watermelon,Kullez,https://www.flickr.com/people/kullez/,Watermelon Shake,https://www.flickr.com/photos/kullez/4414600545,https://creativecommons.org/licenses/by/2.0/
cbd718027ebb4f52,watermelon,A Thomas McPunk,https://www.flickr.com/people/126763824@N06/,adolescant pumpkin,https://www.flickr.com/photos/126763824@N06/14917227076,https://creativecommons.org/licenses/by/2.0/
c8b225d88dd64bcf,watermelon,Lablascovegmenu,https://www.flickr.com/people/lablasco/,sandía,https://www.flickr.com/photos/lablasco/4638526979,https://creativecommons.org/licenses/by/2.0/
5218a7258cd54dd0,watermelon,EGIZU Getxo Euskaldun Elkartea,https://www.flickr.com/people/egizu/,martxoak23 003,https://www.flickr.com/photos/egizu/4457070206,https://creativecommons.org/licenses/by/2.0/
cce154c02aa3111b,cherry,Reza,https://www.flickr.com/people/r-z/,Pop me in and take me out.,https://www.flickr.com/photos/r-z/3099404820,https://creativecommons.org/licenses/by/2.0/
bf812405296c685c,cherry,Steve Johnson,https://www.flickr.com/people/artbystevejohnson/,pink cherries,https://www.flickr.com/photos/artbystevejohnson/5512650527,https://creativecommons.org/licenses/by/2.0/
c07ecd1e6a596555,cherry,Sivva Eysteins,https://www.flickr.com/people/sivvamyndir/,Kirsiberja tré,https://www.flickr.com/photos/sivvamyndir/15222969707,https://creativecommons.org/licenses/by/2.0/
03175406add67b79,cherry,Pat (Cletch) Williams,https://www.flickr.com/people/cletch/,Life IS a bowl full of cherries!,https://www.flickr.com/photos/cletch/19471553051,https://creativecommons.org/licenses/by/2.0/
883a4269cd5bc1dd,cherry,Herbolario Allium: www.alliumherbal.com,https://www.flickr.com/people/alliumherbal/,Cerezas,https://www.flickr.com/photos/alliumherbal/7425519630,https://creativecommons.org/licenses/by/2.0/
38b02ae0af663578,cherry,Bradley Gordon,https://www.flickr.com/people/icanchangethisright/,bowl of cherries,https://www.flickr.com/photos/icanchangethisright/7598800980,https://creativecommons.org/licenses/by/2.0/
6343780a2f77973b,cherry,Andrew Yee,https://www.flickr.com/people/halfchinese/,Cranberry,https://www.flickr.com/photos/halfchinese/305095614,https://creativecommons.org/licenses/by/2.0/
17b3693f0bbf090e,cherry,Jay Sturner,https://www.flickr.com/people/50352333@N06/,Fragrant Honeysuckle berries (Lonicera fragrantissima),https://www.flickr.com/photos/50352333@N06/5681545558,https://creativecommons.org/licenses/by/2.0/
0f91f8ccef2ed9f6,cherry,jubei kibagami,https://www.flickr.com/people/jubeiz/,Coklat,https://www.flickr.com/photos/jubeiz/191260776,https://creativecommons.org/licenses/by/2.0/
655564ce6334310c,cherry,Nacho,https://www.flickr.com/people/gonmi/,Peruyes,https://www.flickr.com/photos/gonmi/6121169396,https://creativecommons.org/licenses/by/2.0/
c5d0e08baf614285,cherry,Michael Gwyther-Jones,https://www.flickr.com/people/12587661@N06/,Nice,https://www.flickr.com/photos/12587661@N06/2317449008,https://creativecommons.org/licenses/by/2.0/
acb9c697bedc5a05,cherry,Isabel  Eyre,https://www.flickr.com/people/54912928@N06/,cherries,https://www.flickr.com/photos/54912928@N06/5087112427,https://creativecommons.org/licenses/by/2.0/
93baa52df7dd4742,cherry,Leo-setä,https://www.flickr.com/people/uncle-leo/,Cherries,https://www.flickr.com/photos/uncle-leo/4893500247,https://creativecommons.org/licenses/by/2.0/
596856dd7b28f38f,cherry,Rob Bertholf,https://www.flickr.com/people/robbertholf/,Seattle Farmers Market,https://www.flickr.com/photos/robbertholf/19633492522,https://creativecommons.org/licenses/by/2.0/
39fade1bde5076a4,cherry,KitAy,https://www.flickr.com/people/kitpfish/,Cherries,https://www.flickr.com/photos/kitpfish/562254367,https://creativecommons.org/licenses/by/2.0/
1158af506728e029,cherry,Melissa Johnson,https://www.flickr.com/people/ladytaz/,Nandina Berries,https://www.flickr.com/photos/ladytaz/1864806002,https://creativecommons.org/licenses/by/2.0/
d02cb8b7a389bb72,cherry,Andrew Malone,https://www.flickr.com/people/andrewmalone/,Pitted cherries,https://www.flickr.com/photos/andrewmalone/944457462,https://creativecommons.org/licenses/by/2.0/
849557e82cdc4e13,cherry,Victor,https://www.flickr.com/people/v1ctor/,Cherry,https://www.flickr.com/photos/v1ctor/6099455977,https://creativecommons.org/licenses/by/2.0/
c8fe8b4204f5175b,cherry,My Discovery,https://www.flickr.com/people/discoverytourstv/,6899281844,https://www.flickr.com/photos/discoverytourstv/16727714367,https://creativecommons.org/licenses/by/2.0/
9a22c1b5d95ab492,cherry,edward stojakovic,https://www.flickr.com/people/akasped/,IMG_8179,https://www.flickr.com/photos/akasped/7647450526/,https://creativecommons.org/licenses/by/2.0/
4edb70924c7241fc,cherry,Karen,https://www.flickr.com/people/drstarbuck/,My berry facination continues...,https://www.flickr.com/photos/drstarbuck/829232411,https://creativecommons.org/licenses/by/2.0/
f15e1a58ad8a1537,cherry,芳蘭 徐芳蘭,https://www.flickr.com/people/fanglanhsu/,P1020878,https://www.flickr.com/photos/fanglanhsu/8932236080,https://creativecommons.org/licenses/by/2.0/
f9349f4591d7eb80,cherry,banoootah_qtr,https://www.flickr.com/people/banoootah_qtr/,Couples,https://www.flickr.com/photos/banoootah_qtr/576582738,https://creativecommons.org/licenses/by/2.0/
48ec199c1a64eee9,cherry,Erich Ferdinand,https://www.flickr.com/people/erix/,Cerises,https://www.flickr.com/photos/erix/3668030711,https://creativecommons.org/licenses/by/2.0/
18df2089d549df61,cherry,snowpea&amp;bokchoi,https://www.flickr.com/people/bokchoi-snowpea/,Whole Foods Cherries,https://www.flickr.com/photos/bokchoi-snowpea/4740036013,https://creativecommons.org/licenses/by/2.0/
05f9cbbf2dcc1d05,cherry,eagle1effi,https://www.flickr.com/people/eagle1effi/,"Kirschen expo, cherries",https://www.flickr.com/photos/eagle1effi/4835822117,https://creativecommons.org/licenses/by/2.0/
d00241da19541ab7,cherry,Clyde Robinson,https://www.flickr.com/people/crobj/,red_1,https://www.flickr.com/photos/crobj/355815172,https://creativecommons.org/licenses/by/2.0/
f8c6f9896a568f93,cherry,Carl Lewis,https://www.flickr.com/people/carllewis/,Vaccinium macrocarpon,https://www.flickr.com/photos/carllewis/2072486845,https://creativecommons.org/licenses/by/2.0/
c89268adfab7b7c0,cherry,Adeola790,https://www.flickr.com/people/68618781@N07/,IMG_0121,https://www.flickr.com/photos/68618781@N07/14682466051,https://creativecommons.org/licenses/by/2.0/
daa111550ef04426,cherry,Vyacheslav Argenberg,https://www.flickr.com/people/argenberg/,Cherries (2002-06-001),https://www.flickr.com/photos/argenberg/82100413,https://creativecommons.org/licenses/by/2.0/
f26175bee45f36e1,cherry,Explorers&#x27; Edge,https://www.flickr.com/people/explorersedge/,EXP_0074--Bala-Cranberry-Festival,https://www.flickr.com/photos/explorersedge/10576938306,https://creativecommons.org/licenses/by/2.0/
25645cc59aa3c862,cherry,Alessandra Cimatti,https://www.flickr.com/people/cimatti/,Cherries - ciliegie,https://www.flickr.com/photos/cimatti/7163200235,https://creativecommons.org/licenses/by/2.0/
0edafaaca0dbff44,cherry,Chun Yip  So,https://www.flickr.com/people/chunso/,Cherries,https://www.flickr.com/photos/chunso/4697426392,https://creativecommons.org/licenses/by/2.0/
f30320eed04fdf76,cherry,Hobbies on a Budget,https://www.flickr.com/people/62030038@N02/,Bowl of Cherries,https://www.flickr.com/photos/62030038@N02/8430826890,https://creativecommons.org/licenses/by/2.0/
7c8ebde8bb9789b1,cherry,Brad Greenlee,https://www.flickr.com/people/bgreenlee/,Cherries,https://www.flickr.com/photos/bgreenlee/932101821,https://creativecommons.org/licenses/by/2.0/
76c05af389f672f8,cherry,Chico Ramalho,https://www.flickr.com/people/adsonramalho/,Untitled,https://www.flickr.com/photos/adsonramalho/15257719573,https://creativecommons.org/licenses/by/2.0/
85f53d928f835b22,cherry,Alice Henneman,https://www.flickr.com/people/alicehenneman/,Cherries,https://www.flickr.com/photos/alicehenneman/7329845990,https://creativecommons.org/licenses/by/2.0/
376c6313106189ff,cherry,Eric Lanning,https://www.flickr.com/people/lanninge/,Cherry licking,https://www.flickr.com/photos/lanninge/3677240424,https://creativecommons.org/licenses/by/2.0/
839377db395c1064,cherry,poppet with a camera,https://www.flickr.com/people/infobunny/,cherry brandy,https://www.flickr.com/photos/infobunny/7527042196,https://creativecommons.org/licenses/by/2.0/
9ff36e0a90c804c6,cherry,Larry &amp; Teddy Page,https://www.flickr.com/people/igboo/,"Red tart cherries growing on the Schlueter Cherry Farms, Leelanau County, Michigan",https://www.flickr.com/photos/igboo/3837967751,https://creativecommons.org/licenses/by/2.0/
90046c4fe672c63f,cherry,AFS-USA Intercultural Programs,https://www.flickr.com/people/afsusa/,IMG_7373,https://www.flickr.com/photos/afsusa/8252708277,https://creativecommons.org/licenses/by/2.0/
866113f04fd5b9bb,cherry,fishermansdaughter,https://www.flickr.com/people/fishermansdaughter/,life is like a big bowl of cherries,https://www.flickr.com/photos/fishermansdaughter/4755328375,https://creativecommons.org/licenses/by/2.0/
3fb3ff268de13ec0,cherry,Christina Milioni,https://www.flickr.com/people/christina_1985/,Sour Cherry Sauce,https://www.flickr.com/photos/christina_1985/8482884200,https://creativecommons.org/licenses/by/2.0/
c4d67cec9968bad6,cherry,chih12,https://www.flickr.com/people/45377126@N00/,DSC02228,https://www.flickr.com/photos/45377126@N00/752180602,https://creativecommons.org/licenses/by/2.0/
10f16bf1b96e059c,cherry,snotch,https://www.flickr.com/people/snotch/,upload,https://www.flickr.com/photos/snotch/9056041146,https://creativecommons.org/licenses/by/2.0/
05cff292f6c177f4,cherry,Paul Asman and Jill Lenoble,https://www.flickr.com/people/pauljill/,cherries at the Oerlikon market,https://www.flickr.com/photos/pauljill/4828845854,https://creativecommons.org/licenses/by/2.0/
d3c199b4b49e732a,cherry,Jackie,https://www.flickr.com/people/sis/,Teacher's Pet!,https://www.flickr.com/photos/sis/99599768,https://creativecommons.org/licenses/by/2.0/
9aa41113b8eba014,blueberry,Darya Pino,https://www.flickr.com/people/summertomato/,blueberries,https://www.flickr.com/photos/summertomato/3540090389,https://creativecommons.org/licenses/by/2.0/
8420d66332bb80e5,blueberry,Steven Jackson,https://www.flickr.com/people/jackson3/,Blueberry muffins for breakfast,https://www.flickr.com/photos/jackson3/3733049190,https://creativecommons.org/licenses/by/2.0/
5a829d9ef021f38f,blueberry,Mark,https://www.flickr.com/people/eggrole/,Chilean blueberries,https://www.flickr.com/photos/eggrole/6680616737,https://creativecommons.org/licenses/by/2.0/
7921321a0fa2edf9,blueberry,J_ami,https://www.flickr.com/people/j_ami/,_DS24581-Edit-1728202328-O,https://www.flickr.com/photos/j_ami/8464856452,https://creativecommons.org/licenses/by/2.0/
b9e9a6d3e3c56701,blueberry,Jennie Robinson Faber,https://www.flickr.com/people/jenniewoo/,Blueberry babies,https://www.flickr.com/photos/jenniewoo/23121335,https://creativecommons.org/licenses/by/2.0/
d1c82f788033e683,blueberry,allison.hare,https://www.flickr.com/people/allisonhare/,73,https://www.flickr.com/photos/allisonhare/6838540745,https://creativecommons.org/licenses/by/2.0/
477147211f2e22ac,blueberry,U.S. Department of Agriculture,https://www.flickr.com/people/usdagov/,Blueberry-Blossoming-PicWeb,https://www.flickr.com/photos/usdagov/6842210661,https://creativecommons.org/licenses/by/2.0/
ea1572e24abbf6ef,blueberry,Clemens v. Vogelsang,https://www.flickr.com/people/vauvau/,Blueberries,https://www.flickr.com/photos/vauvau/5771687161,https://creativecommons.org/licenses/by/2.0/
f3e7680e6e4b2faa,blueberry,Basheer Tome,https://www.flickr.com/people/basheertome/,Blueberries,https://www.flickr.com/photos/basheertome/2499863437,https://creativecommons.org/licenses/by/2.0/
4bb1a273547d836d,blueberry,Rob Bertholf,https://www.flickr.com/people/robbertholf/,Juicing,https://www.flickr.com/photos/robbertholf/13902566614,https://creativecommons.org/licenses/by/2.0/
85574c33f77244be,blueberry,brian kelly,https://www.flickr.com/people/y2bk/,blue on blue,https://www.flickr.com/photos/y2bk/1161999784,https://creativecommons.org/licenses/by/2.0/
498903d4594a4064,blueberry,Alper Çuğun,https://www.flickr.com/people/alper/,Eating Heidelbeeren while waiting for the Ablesetyp,https://www.flickr.com/photos/alper/9247971572,https://creativecommons.org/licenses/by/2.0/
a8fa5cfe4a2708b9,blueberry,Kathy,https://www.flickr.com/people/rittysdigiez/,Dreamin' of cobbler,https://www.flickr.com/photos/rittysdigiez/834100332,https://creativecommons.org/licenses/by/2.0/
40e367c058ff2a48,blueberry,Whitney,https://www.flickr.com/people/whitneyinchicago/,Lots of blueberries,https://www.flickr.com/photos/whitneyinchicago/3757227739,https://creativecommons.org/licenses/by/2.0/
8897be80f2997ddd,blueberry,Ano Lobb,https://www.flickr.com/people/27384147@N02/,Floating blueberries,https://www.flickr.com/photos/27384147@N02/9169788405,https://creativecommons.org/licenses/by/2.0/
e3240abe64765a46,blueberry,Jimmy_Joe,https://www.flickr.com/people/joc67/,Untitled,https://www.flickr.com/photos/joc67/185854834/,https://creativecommons.org/licenses/by/2.0/
7ebad50ed451d873,blueberry,Virginia State Parks,https://www.flickr.com/people/vastateparksstaff/,blueberries at Grayson Highlands state park,https://www.flickr.com/photos/vastateparksstaff/14551178394,https://creativecommons.org/licenses/by/2.0/
57c08e7f689fa89f,blueberry,Jevgenijs Slihto,https://www.flickr.com/people/101181388@N07/,Blueberries,https://www.flickr.com/photos/101181388@N07/20249928732,https://creativecommons.org/licenses/by/2.0/
26c7d18d7dbaa0fa,blueberry,Etsuko Naka,https://www.flickr.com/people/tgt-point/,A bunch of blueberry in an early morning,https://www.flickr.com/photos/tgt-point/5599994107,https://creativecommons.org/licenses/by/2.0/
3af47a252ebc6e20,blueberry,John Haslam,https://www.flickr.com/people/foxypar4/,Berries,https://www.flickr.com/photos/foxypar4/1220499684,https://creativecommons.org/licenses/by/2.0/
f1037aa58964f440,blueberry,wasabinouta,https://www.flickr.com/people/wasabinouta/,ブルーベリー〈ハイブッシュ〉,https://www.flickr.com/photos/wasabinouta/5884139345,https://creativecommons.org/licenses/by/2.0/
47188374e807d25c,raspberry,J.H. Fearless,https://www.flickr.com/people/jessicareeder/,P1060142,https://www.flickr.com/photos/jessicareeder/4025744335,https://creativecommons.org/licenses/by/2.0/
862d61d303269a12,raspberry,Audrey,https://www.flickr.com/people/audreyjm529/,Almost,https://www.flickr.com/photos/audreyjm529/174109824,https://creativecommons.org/licenses/by/2.0/
bbafe5191f45b68e,raspberry,Manuel,https://www.flickr.com/people/martius/,rubus loganobaccus o mora 'logan',https://www.flickr.com/photos/martius/15883096038,https://creativecommons.org/licenses/by/2.0/
7c9686b22a528183,raspberry,Jacqueline Brocker,https://www.flickr.com/people/jbrocker_photos/,Raspberries - now picked.,https://www.flickr.com/photos/jbrocker_photos/20903398816,https://creativecommons.org/licenses/by/2.0/
e7cc4be47ad92553,raspberry,Mirymah ~✿,https://www.flickr.com/people/all7lwa/,🍓🍇,https://www.flickr.com/photos/all7lwa/16028363281,https://creativecommons.org/licenses/by/2.0/
b45b526154d4a1bb,raspberry,K. Kendall,https://www.flickr.com/people/kkendall/,A heap of raspberries,https://www.flickr.com/photos/kkendall/4399760566,https://creativecommons.org/licenses/by/2.0/
5de1ba25a0872278,raspberry,AnnaKika,https://www.flickr.com/people/ullkika/,Björnbär,https://www.flickr.com/photos/ullkika/14835482384,https://creativecommons.org/licenses/by/2.0/
ac31798b6c15cf5f,raspberry,david pacey,https://www.flickr.com/people/63723146@N08/,fruit,https://www.flickr.com/photos/63723146@N08/15109956558,https://creativecommons.org/licenses/by/2.0/
41bf7e02e793f792,raspberry,John Haslam,https://www.flickr.com/people/foxypar4/,Red and Green Blackberries,https://www.flickr.com/photos/foxypar4/1256638713,https://creativecommons.org/licenses/by/2.0/
10e7ad576293d770,raspberry,Beck,https://www.flickr.com/people/beckayork/,Blackberries,https://www.flickr.com/photos/beckayork/3800343733,https://creativecommons.org/licenses/by/2.0/
37470a86fbe6a02a,raspberry,Maureen Didde,https://www.flickr.com/people/maureendidde/,Young blackberries 4,https://www.flickr.com/photos/maureendidde/2649854120,https://creativecommons.org/licenses/by/2.0/
45d0a3044fc9e7a4,raspberry,Ecotrust,https://www.flickr.com/people/ecotrust/,Berries & cream,https://www.flickr.com/photos/ecotrust/9498701556,https://creativecommons.org/licenses/by/2.0/
ab37a0b4ad37f41a,raspberry,Grant Barrett,https://www.flickr.com/people/grantbarrett/,20140531_124059_Santa Catalina Rd,https://www.flickr.com/photos/grantbarrett/14129539018,https://creativecommons.org/licenses/by/2.0/
a11ecf80c4d0f68f,raspberry,julie,https://www.flickr.com/people/roosterfarm/,Rasberry Bush,https://www.flickr.com/photos/roosterfarm/2876777680,https://creativecommons.org/licenses/by/2.0/
b9d75b8066459cac,raspberry,Dani Lurie,https://www.flickr.com/people/slushpup/,"boy, are those cocktails potent!",https://www.flickr.com/photos/slushpup/227371170,https://creativecommons.org/licenses/by/2.0/
b92976fb6393a65b,raspberry,Amy,https://www.flickr.com/people/amylovesyah/,Wild Red Raspberries,https://www.flickr.com/photos/amylovesyah/7887528124,https://creativecommons.org/licenses/by/2.0/
c692934e77069c30,raspberry,Luke Jones,https://www.flickr.com/people/befuddledsenses/,Raspberry Bushes,https://www.flickr.com/photos/befuddledsenses/14842590713,https://creativecommons.org/licenses/by/2.0/
f90e25bf9d59fee4,raspberry,itravelNZ® - the best smartphone travel app for New Zealand :-),https://www.flickr.com/people/itravelnz/,DSC05370,https://www.flickr.com/photos/itravelnz/8516841747,https://creativecommons.org/licenses/by/2.0/
17ac864b6fd0ee78,raspberry,Br3nda,https://www.flickr.com/people/taniwha/,Raspberries,https://www.flickr.com/photos/taniwha/7750980806,https://creativecommons.org/licenses/by/2.0/
4d262e611d6411b0,raspberry,Ano Lobb,https://www.flickr.com/people/27384147@N02/,Wild berries,https://www.flickr.com/photos/27384147@N02/9206368109,https://creativecommons.org/licenses/by/2.0/
b69957d20777dd56,raspberry,Roland Tanglao,https://www.flickr.com/people/roland/,"Best Chocolate Raspberry Cake ever, thanks to my lovey dovey! #barbscooking - surprise-birthday-party-roland-2011-20110710-IMG_2078.jpg",https://www.flickr.com/photos/roland/5928731573,https://creativecommons.org/licenses/by/2.0/
ab8a41f872cc369e,raspberry,Justin Taylor,https://www.flickr.com/people/bludgeoner86/,YummyBerries,https://www.flickr.com/photos/bludgeoner86/2538259952,https://creativecommons.org/licenses/by/2.0/
68d5cdfc59fa3d63,raspberry,Kumar Gauraw,https://www.flickr.com/people/7877146@N06/,Red Shiny Raspberries,https://www.flickr.com/photos/7877146@N06/8581968145,https://creativecommons.org/licenses/by/2.0/
ea1806615f1f6623,raspberry,anita kluska,https://www.flickr.com/people/krakluski/,023,https://www.flickr.com/photos/krakluski/2952942862,https://creativecommons.org/licenses/by/2.0/
d3e6f8bf87f0db47,raspberry,Andreas D.,https://www.flickr.com/people/spengler/,Raspberry,https://www.flickr.com/photos/spengler/49485105,https://creativecommons.org/licenses/by/2.0/
a4cacc41bbdc0495,raspberry,tribp,https://www.flickr.com/people/82088316@N05/,Frozen Berries,https://www.flickr.com/photos/82088316@N05/9592331588,https://creativecommons.org/licenses/by/2.0/
53553cde61a1c083,raspberry,kkmarais,https://www.flickr.com/people/29946195@N07/,Mixed Berry,https://www.flickr.com/photos/29946195@N07/7434435394,https://creativecommons.org/licenses/by/2.0/
e0a4ea8ed2802579,raspberry,Emilian Robert Vicol,https://www.flickr.com/people/free-stock/,Fresh-Raspberry-Close-Up-in-Hand__54295,https://www.flickr.com/photos/free-stock/6897377266,https://creativecommons.org/licenses/by/2.0/
ee5c7832bd5192ce,raspberry,N Stjerna,https://www.flickr.com/people/niklasstjerna/,Untitled,https://www.flickr.com/photos/niklasstjerna/3476683750,https://creativecommons.org/licenses/by/2.0/
08a45a6332f649bb,raspberry,Ray Bouknight,https://www.flickr.com/people/raybouk/,40/365,https://www.flickr.com/photos/raybouk/7990653368,https://creativecommons.org/licenses/by/2.0/
69536c9c907397cc,raspberry,Jackie,https://www.flickr.com/people/sis/,Berries,https://www.flickr.com/photos/sis/199336216,https://creativecommons.org/licenses/by/2.0/
12a1ebe020b3e8c4,raspberry,IrishFireside,https://www.flickr.com/people/irishfireside/,Blackberries,https://www.flickr.com/photos/irishfireside/2265543028,https://creativecommons.org/licenses/by/2.0/
b810306377546976,raspberry,Nicholas A. Tonelli,https://www.flickr.com/people/nicholas_t/,Texter Mountain Nature Preserve (Revisited) (13),https://www.flickr.com/photos/nicholas_t/9387620458,https://creativecommons.org/licenses/by/2.0/
1fa4356d724f7b6e,raspberry,Yutaka Seki,https://www.flickr.com/people/yutakaseki/,Raspberries,https://www.flickr.com/photos/yutakaseki/12840958105,https://creativecommons.org/licenses/by/2.0/
af07688595bb1c5c,raspberry,Violette79,https://www.flickr.com/people/violettalough/,2010-07-20 PA 060,https://www.flickr.com/photos/violettalough/4822249065/,https://creativecommons.org/licenses/by/2.0/
e720d192c1ca2776,raspberry,Smabs Sputzer,https://www.flickr.com/people/10413717@N08/,Nearly Ripe,https://www.flickr.com/photos/10413717@N08/20166156194,https://creativecommons.org/licenses/by/2.0/
6fff0872f75e12e3,raspberry,Kornelia Haslbeck,https://www.flickr.com/people/konny/,Yamm Yamm!,https://www.flickr.com/photos/konny/3539109517,https://creativecommons.org/licenses/by/2.0/
e8544cfe07956b40,raspberry,Procsilas Moscas,https://www.flickr.com/people/procsilas/,untitled,https://www.flickr.com/photos/procsilas/423966287,https://creativecommons.org/licenses/by/2.0/
02676fc72e6c6a44,kiwifruit,Ivan Turkovic,https://www.flickr.com/people/thorsson/,#kiwi,https://www.flickr.com/photos/thorsson/15899542340,https://creativecommons.org/licenses/by/2.0/
71de8ec2ec936238,kiwifruit,Shadoe Landman,https://www.flickr.com/people/shadoelandman/,Burning Life 08 Beginnings_013 Fruit,https://www.flickr.com/photos/shadoelandman/2874655833,https://creativecommons.org/licenses/by/2.0/
85605b015dfea92e,kiwifruit,Dan4th Nicholas,https://www.flickr.com/people/dan4th/,Kiwi Slices,https://www.flickr.com/photos/dan4th/5317566258,https://creativecommons.org/licenses/by/2.0/
aaa5f597c832c47e,kiwifruit,bokehaddict,https://www.flickr.com/people/maximilianmann/,KIWI a la strobe! Served flashy!,https://www.flickr.com/photos/maximilianmann/3497902853,https://creativecommons.org/licenses/by/2.0/
db43c0cc34b46116,kiwifruit,kate fisher,https://www.flickr.com/people/fisherkate/,kiwi,https://www.flickr.com/photos/fisherkate/4481647424,https://creativecommons.org/licenses/by/2.0/
acdcd3d74658ff1b,kiwifruit,whologwhy,https://www.flickr.com/people/hulagway/,KIWI FRUIT,https://www.flickr.com/photos/hulagway/5941766050,https://creativecommons.org/licenses/by/2.0/
ed42d098a24d64d0,kiwifruit,helena cazaerck,https://www.flickr.com/people/128526349@N07/,KIWIFRUIT,https://www.flickr.com/photos/128526349@N07/15804924277,https://creativecommons.org/licenses/by/2.0/
902a6d659b1874f0,kiwifruit,Klaus Post,https://www.flickr.com/people/klauspost/,kiwi,https://www.flickr.com/photos/klauspost/92781923,https://creativecommons.org/licenses/by/2.0/
c3b4a360172ce4d9,kiwifruit,Rodrigo Fernandez,https://www.flickr.com/people/zordor/,bavarois de kiwi.JPG,https://www.flickr.com/photos/zordor/908437562,https://creativecommons.org/licenses/by/2.0/
02e368d6af6b7d84,kiwifruit,Christian Schnettelker,https://www.flickr.com/people/manoftaste-de/,Kiwi,https://www.flickr.com/photos/manoftaste-de/11905241696,https://creativecommons.org/licenses/by/2.0/
638e274a69713ae3,kiwifruit,peter castleton,https://www.flickr.com/people/petercastleton/,kiwi,https://www.flickr.com/photos/petercastleton/3551589713,https://creativecommons.org/licenses/by/2.0/
7818223634808406,kiwifruit,Shoshanah,https://www.flickr.com/people/shoshanah/,Dried Kiwis,https://www.flickr.com/photos/shoshanah/5195775003,https://creativecommons.org/licenses/by/2.0/
5be23820cdaaf08c,kiwifruit,Cmo Mtl,https://www.flickr.com/people/cmo_ptgr/,CHALLENGE DAY2,https://www.flickr.com/photos/cmo_ptgr/6802343934,https://creativecommons.org/licenses/by/2.0/
d435a27db78f23be,kiwifruit,Kamara Morozuk,https://www.flickr.com/people/kamaramorozuk/,kiwi,https://www.flickr.com/photos/kamaramorozuk/10972412873,https://creativecommons.org/licenses/by/2.0/
8b10d78e471da8e7,kiwifruit,Stephen Wheeler,https://www.flickr.com/people/awajikiwi/,猿梨 : The Original Kiwi Fruit,https://www.flickr.com/photos/awajikiwi/6548329961,https://creativecommons.org/licenses/by/2.0/
5a2d93d96ebb607c,kiwifruit,chenutis,https://www.flickr.com/people/chenutis/,Kiwi con flash 2,https://www.flickr.com/photos/chenutis/462084846,https://creativecommons.org/licenses/by/2.0/
f1af0ed7187eab00,kiwifruit,Christina Claßen,https://www.flickr.com/people/117537439@N03/,Trockenobst6,https://www.flickr.com/photos/117537439@N03/12521323285,https://creativecommons.org/licenses/by/2.0/
f1f0382d2f10ac1f,kiwifruit,Darya Pino,https://www.flickr.com/people/summertomato/,Kiwis,https://www.flickr.com/photos/summertomato/4240856313,https://creativecommons.org/licenses/by/2.0/
588733c1129981ab,kiwifruit,Jennifer C.,https://www.flickr.com/people/29638108@N06/,Kiwis,https://www.flickr.com/photos/29638108@N06/4164334811,https://creativecommons.org/licenses/by/2.0/
3764eb05d94c8d78,kiwifruit,Moyan Brenn,https://www.flickr.com/people/aigle_dore/,Kiwi fruit,https://www.flickr.com/photos/aigle_dore/5238582894,https://creativecommons.org/licenses/by/2.0/
ed1244cb6fc2bbad,kiwifruit,Michelle Schrank,https://www.flickr.com/people/michelleschrank/,Sweet Caroline: Korean Saeng Cream Cake ft. Whipped Vanilla Frosting + Fresh Fruit Filling,https://www.flickr.com/photos/michelleschrank/7429095260,https://creativecommons.org/licenses/by/2.0/
68c99f4957ddd18e,kiwifruit,Jim Lightfoot,https://www.flickr.com/people/jim-lightfoot/,KiwiFruit,https://www.flickr.com/photos/112095551@N02/11620466435,https://creativecommons.org/licenses/by/2.0/
46a4c52c9690c385,kiwifruit,Gaye Launder,https://www.flickr.com/people/28912254@N04/,38 Kiwi Fruit,https://www.flickr.com/photos/28912254@N04/16480336605,https://creativecommons.org/licenses/by/2.0/
ebbec4c111a81515,kiwifruit,Vitor Esteves,https://www.flickr.com/people/vitor_esteves/,Kiwi Levitation,https://www.flickr.com/photos/vitor_esteves/16459893143,https://creativecommons.org/licenses/by/2.0/
cfea23f805d00364,kiwifruit,darwin Bell,https://www.flickr.com/people/darwinbell/,take a bite,https://www.flickr.com/photos/darwinbell/297475857,https://creativecommons.org/licenses/by/2.0/
2ea5f27b96c2e50e,kiwifruit,Maxime SPONY,https://www.flickr.com/people/maximespony/,KIWI,https://www.flickr.com/photos/maximespony/8699399171,https://creativecommons.org/licenses/by/2.0/
91d2914d863133b2,kiwifruit,Andreas Dantz,https://www.flickr.com/people/szene/,Unscharfe Kiwi.,https://www.flickr.com/photos/szene/4256866710,https://creativecommons.org/licenses/by/2.0/
8860aa711426bd33,kiwifruit,Credigy Receivables,https://www.flickr.com/people/credigy/,photo_13848_20100314,https://www.flickr.com/photos/credigy/4447100041,https://creativecommons.org/licenses/by/2.0/
21f313479a6663cd,kiwifruit,Ben Stassen,https://www.flickr.com/people/benstassen/,Kiwi,https://www.flickr.com/photos/benstassen/3237065564,https://creativecommons.org/licenses/by/2.0/
382ae915f8edea3d,kiwifruit,Leonid Mamchenkov,https://www.flickr.com/people/mamchenkov/,Kiwi,https://www.flickr.com/photos/mamchenkov/146314820,https://creativecommons.org/licenses/by/2.0/
b41f7a234ae90d8e,kiwifruit,Random McRandomhead,https://www.flickr.com/people/johnjack/,kiwifruit,https://www.flickr.com/photos/johnjack/805488890,https://creativecommons.org/licenses/by/2.0/
f05b8b47e3d000b9,kiwifruit,Tatsuo Yamashita,https://www.flickr.com/people/yto/,素材写真 キウイフルーツ,https://www.flickr.com/photos/yto/19173747105,https://creativecommons.org/licenses/by/2.0/
7ff618af6be863a3,kiwifruit,Charles Kim,https://www.flickr.com/people/ventoetc/,korea-151,https://www.flickr.com/photos/ventoetc/3181034659,https://creativecommons.org/licenses/by/2.0/
aa5af5e3edc92140,kiwifruit,Joy,https://www.flickr.com/people/joyosity/,Kiwi pavlova,https://www.flickr.com/photos/joyosity/9397971848,https://creativecommons.org/licenses/by/2.0/
90ce728f37a8c968,kiwifruit,Lizard10979,https://www.flickr.com/people/lizard10979/,Kiwi - 365/81,https://www.flickr.com/photos/lizard10979/7030900457,https://creativecommons.org/licenses/by/2.0/
be5123d9f9098d3f,kiwifruit,Steffi,https://www.flickr.com/people/nordstrandqueen/,Kiwi,https://www.flickr.com/photos/nordstrandqueen/5637242337,https://creativecommons.org/licenses/by/2.0/
5d89f7273f94eb32,grapefruit,Milestoned,https://www.flickr.com/people/baccharus/,Limes,https://www.flickr.com/photos/baccharus/4473792549,https://creativecommons.org/licenses/by/2.0/
c995b9c29582c005,grapefruit,Dwayne Madden,https://www.flickr.com/people/dj-dwayne/,Lemons(2),https://www.flickr.com/photos/dj-dwayne/6032392886,https://creativecommons.org/licenses/by/2.0/
6adb236bd662c94f,grapefruit,genevieveromier,https://www.flickr.com/people/30701623@N02/,kakis sur leur branche,https://www.flickr.com/photos/30701623@N02/5174920001,https://creativecommons.org/licenses/by/2.0/
4fccd35dbc851c55,grapefruit,ken wilson lee,https://www.flickr.com/people/zt_kw/,Round for Luck,https://www.flickr.com/photos/zt_kw/2183774146,https://creativecommons.org/licenses/by/2.0/
3e81bd998d1e4f09,grapefruit,Ram Prasad,https://www.flickr.com/people/33169984@N08/,Oranges,https://www.flickr.com/photos/33169984@N08/3194572823,https://creativecommons.org/licenses/by/2.0/
e2903d7029b5067d,grapefruit,Jim Winstead,https://www.flickr.com/people/jimwinstead/,orangey goodness,https://www.flickr.com/photos/jimwinstead/85372324,https://creativecommons.org/licenses/by/2.0/
35afb4b1b4fb1d02,grapefruit,阿坤 Wang kun hung,https://www.flickr.com/people/kun-1119/,醋、花現好茶 034,https://www.flickr.com/photos/kun-1119/5159965598,https://creativecommons.org/licenses/by/2.0/
204496fa6f492093,grapefruit,Trevor King,https://www.flickr.com/people/trevor-king/,#25 Sour,https://www.flickr.com/photos/trevor-king/15477928323,https://creativecommons.org/licenses/by/2.0/
1eb38eca5f9bfa6a,grapefruit,Will Scullin,https://www.flickr.com/people/wscullin/,Orange Time,https://www.flickr.com/photos/wscullin/5298175224,https://creativecommons.org/licenses/by/2.0/
0bb27b2ab6e1965f,grapefruit,Rhian,https://www.flickr.com/people/rhian/,Des citrons,https://www.flickr.com/photos/rhian/2138507718,https://creativecommons.org/licenses/by/2.0/
f6df63492201b66d,grapefruit,Carlos Varela,https://www.flickr.com/people/c32/,Sashimi,https://www.flickr.com/photos/c32/8232878361,https://creativecommons.org/licenses/by/2.0/
086ad91410243048,grapefruit,Secretaria de Agricultura e Abastecimento,https://www.flickr.com/people/agriculturasp/,diversos citros,https://www.flickr.com/photos/agriculturasp/7365367738,https://creativecommons.org/licenses/by/2.0/
777db5187bd548c0,grapefruit,Gill Wildman,https://www.flickr.com/people/wildwoman/,IMG_5003,https://www.flickr.com/photos/wildwoman/5594702553,https://creativecommons.org/licenses/by/2.0/
30874714080e6e34,grapefruit,Bob Peterson,https://www.flickr.com/people/pondapple/,Hog Plum - Ximenia americana,https://www.flickr.com/photos/pondapple/16176093369,https://creativecommons.org/licenses/by/2.0/
ddf37ca11aec712a,grapefruit,Janice Marie Foote,https://www.flickr.com/people/jmf1007/,Back Yard Lemoning,https://www.flickr.com/photos/jmf1007/10714758946,https://creativecommons.org/licenses/by/2.0/
4b92997bd9794117,grapefruit,Joye~,https://www.flickr.com/people/25692668@N06/,Kumquat,https://www.flickr.com/photos/25692668@N06/3333899909,https://creativecommons.org/licenses/by/2.0/
023f85a9892a798a,grapefruit,Helena Jacoba,https://www.flickr.com/people/69302634@N02/,Pink grapefruit close up,https://www.flickr.com/photos/69302634@N02/7710621710,https://creativecommons.org/licenses/by/2.0/
0079ae4be5f70d5b,grapefruit,Michael Gwyther-Jones,https://www.flickr.com/people/12587661@N06/,Nice,https://www.flickr.com/photos/12587661@N06/2317445954,https://creativecommons.org/licenses/by/2.0/
1fc0cdfb7619ec1a,grapefruit,Vyacheslav Argenberg,https://www.flickr.com/people/argenberg/,Lemon tree (2006-05-384),https://www.flickr.com/photos/argenberg/307611324,https://creativecommons.org/licenses/by/2.0/
6471373a0dd4ba4b,grapefruit,Seth Goodman,https://www.flickr.com/people/curiouseth/,Atomic Orange,https://www.flickr.com/photos/curiouseth/6740203237/,https://creativecommons.org/licenses/by/2.0/
d7c1a82fa7d3a95d,grapefruit,carrotmadman6,https://www.flickr.com/people/carrotmadman6/,Mandarin,https://www.flickr.com/photos/carrotmadman6/4700063606,https://creativecommons.org/licenses/by/2.0/
e3fc8ecbc849ddec,grapefruit,Steven Depolo,https://www.flickr.com/people/stevendepolo/,Tangerines #food #color,https://www.flickr.com/photos/stevendepolo/6513274817,https://creativecommons.org/licenses/by/2.0/
37a867029f2e7868,grapefruit,Christopher Sessums,https://www.flickr.com/people/csessums/,Oranges Supermarket,https://www.flickr.com/photos/csessums/4397003906,https://creativecommons.org/licenses/by/2.0/
52a01295505f6aca,grapefruit,Sarah Sammis,https://www.flickr.com/people/pussreboots/,PB282110 South Pasadena 20131128,https://www.flickr.com/photos/pussreboots/15403632354,https://creativecommons.org/licenses/by/2.0/
5377023127e59034,grapefruit,Beauty Experts,https://www.flickr.com/people/133056293@N03/,4,https://www.flickr.com/photos/133056293@N03/19891758778,https://creativecommons.org/licenses/by/2.0/
71a36c90ecc61d4a,grapefruit,MandFriends,https://www.flickr.com/people/mandfriends/,P1030789,https://www.flickr.com/photos/mandfriends/4663173825,https://creativecommons.org/licenses/by/2.0/
2bdd74695f11ed53,grapefruit,David J,https://www.flickr.com/people/sebilden/,Orange and lime,https://www.flickr.com/photos/sebilden/16010380396,https://creativecommons.org/licenses/by/2.0/
6cb20444d3544865,grapefruit,William Warby,https://www.flickr.com/people/wwarby/,Lemon and Lime,https://www.flickr.com/photos/wwarby/11781986025,https://creativecommons.org/licenses/by/2.0/
bc6dd7fc32ef0383,grapefruit,Scott McLeod,https://www.flickr.com/people/mcleod/,Oranges,https://www.flickr.com/photos/mcleod/6518493649,https://creativecommons.org/licenses/by/2.0/
4248f3c361967ac3,grapefruit,David Jackmanson,https://www.flickr.com/people/djackmanson/,Pic: The thing I like about Campbell Newman is he's tough on lime. @Can_Do_Campbell,https://www.flickr.com/photos/djackmanson/5861558807,https://creativecommons.org/licenses/by/2.0/
6fee7e892e02a6ca,grapefruit,Barbara L. Hanson,https://www.flickr.com/people/baha1210/,Grapefruit,https://www.flickr.com/photos/baha1210/91047881,https://creativecommons.org/licenses/by/2.0/
43e1ac17fcbd97bf,grapefruit,rare hero,https://www.flickr.com/people/rarehero/,oranges,https://www.flickr.com/photos/rarehero/5477908912,https://creativecommons.org/licenses/by/2.0/
f72a9b15efb01216,grapefruit,vmiramontes,https://www.flickr.com/people/vmiramontes/,Blood Red Orange,https://www.flickr.com/photos/vmiramontes/3280941178,https://creativecommons.org/licenses/by/2.0/
c9ebd63bc789073a,grapefruit,Revolution_Ferg,https://www.flickr.com/people/11795120@N06/,Caramel Oranges- Step 2,https://www.flickr.com/photos/11795120@N06/4473375841,https://creativecommons.org/licenses/by/2.0/
7a06e3a86a542ca8,grapefruit,Leandro Martinez,https://www.flickr.com/people/leandromartinez/,Naranjazo,https://www.flickr.com/photos/leandromartinez/3384902168,https://creativecommons.org/licenses/by/2.0/
d87fb32e496c9da1,grapefruit,Secretaria de Agricultura e Abastecimento,https://www.flickr.com/people/agriculturasp/,Tangerina cravo 2,https://www.flickr.com/photos/agriculturasp/5958239181,https://creativecommons.org/licenses/by/2.0/
3d3bced7214fcc72,grapefruit,Fruitnet.com,https://www.flickr.com/people/fruitnet/,Ruby Red dominates the Florida grapefruit crop,https://www.flickr.com/photos/fruitnet/2967615329,https://creativecommons.org/licenses/by/2.0/
fd45a12d0e84d77a,grapefruit,Enrique Dans,https://www.flickr.com/people/edans/,Naranjas Lola,https://www.flickr.com/photos/edans/3306073777,https://creativecommons.org/licenses/by/2.0/
d209a309781b3787,grapefruit,Charles J Danoff,https://www.flickr.com/people/danoff/,朋友,https://www.flickr.com/photos/danoff/4171168627,https://creativecommons.org/licenses/by/2.0/
6a3f4cc422ca16d1,grapefruit,Nikita Mehta-Nasta,https://www.flickr.com/people/datempest/,Fresh OJ anyone?,https://www.flickr.com/photos/datempest/8309208439,https://creativecommons.org/licenses/by/2.0/
392cf3b855033928,grapefruit,Daniel Oines,https://www.flickr.com/people/dno1967b/,Grapefruit - low angle,https://www.flickr.com/photos/dno1967b/9734301869,https://creativecommons.org/licenses/by/2.0/
d1fd3e3f620c0af5,grapefruit,Eric Owens,https://www.flickr.com/people/18658843@N03/,Very Orangy Oranges,https://www.flickr.com/photos/18658843@N03/4083615989/,https://creativecommons.org/licenses/by/2.0/
0471d3e80e3b5a37,grapefruit,Maggie Hoffman,https://www.flickr.com/people/maggiejane/,Orange for Endive and Escarole Salad,https://www.flickr.com/photos/maggiejane/4160317961,https://creativecommons.org/licenses/by/2.0/
d1110b5eb76d4b0e,grapefruit,John DeMarco,https://www.flickr.com/people/johndemarco/,Tangerines in the backyard,https://www.flickr.com/photos/johndemarco/4429713807,https://creativecommons.org/licenses/by/2.0/
015af6da5e40d1d8,grapefruit,Ray Bouknight,https://www.flickr.com/people/raybouk/,74/365 ~ Lemons,https://www.flickr.com/photos/raybouk/8107577740,https://creativecommons.org/licenses/by/2.0/
197d6d46a493a45d,grapefruit,Andrew Mason,https://www.flickr.com/people/a_mason/,Lemmons #02,https://www.flickr.com/photos/a_mason/9213800,https://creativecommons.org/licenses/by/2.0/
bc59336bc74f2e92,grapefruit,pathlost,https://www.flickr.com/people/pathlost/,345,https://www.flickr.com/photos/pathlost/4177620172,https://creativecommons.org/licenses/by/2.0/
ed8972d1012108a3,grapefruit,the great 8,https://www.flickr.com/people/great8/,Lemons,https://www.flickr.com/photos/great8/7791819956,https://creativecommons.org/licenses/by/2.0/
feb546bb21cec831,grapefruit,Klearchos Kapoutsis,https://www.flickr.com/people/klearchos/,Orange juice,https://www.flickr.com/photos/klearchos/4652909044,https://creativecommons.org/licenses/by/2.0/
1dfc784c3efb9ea8,grapefruit,Leonardo Aguiar,https://www.flickr.com/people/sensechange/,Tangerine,https://www.flickr.com/photos/sensechange/521943369,https://creativecommons.org/licenses/by/2.0/
8087e2ef3f19aaf6,grapefruit,gregoriosz,https://www.flickr.com/people/47902754@N00/,Yellow,https://www.flickr.com/photos/47902754@N00/3542843865,https://creativecommons.org/licenses/by/2.0/
dd9be16a477e751d,grapefruit,jh_tan84,https://www.flickr.com/people/21045446@N00/,Lemon,https://www.flickr.com/photos/21045446@N00/6288071935,https://creativecommons.org/licenses/by/2.0/
822c11fd858332c0,grapefruit,Wind&amp;Wuthering,https://www.flickr.com/people/38508395@N08/,Troppo tempo,https://www.flickr.com/photos/38508395@N08/6491409647,https://creativecommons.org/licenses/by/2.0/
7000732d55384f88,grapefruit,Caroline Gagné,https://www.flickr.com/people/carolinegagne/,Grenade et agrumes,https://www.flickr.com/photos/carolinegagne/6827140658,https://creativecommons.org/licenses/by/2.0/
c9b24d97c7649819,grapefruit,Akuppa John Wigham,https://www.flickr.com/people/90664717@N00/,Clementina,https://www.flickr.com/photos/90664717@N00/364699597,https://creativecommons.org/licenses/by/2.0/
4f6cf4f17e43b066,grapefruit,Patrick Hoesly,https://www.flickr.com/people/zooboing/,Oranges in my supermarket,https://www.flickr.com/photos/zooboing/4255805082,https://creativecommons.org/licenses/by/2.0/
f8a3970b24df8aab,grapefruit,feli*,https://www.flickr.com/people/absolut_feli/,Looks like an #orange. Smell like an orange BUT taste like a #lemon ? #gardening #why #2in1,https://www.flickr.com/photos/absolut_feli/8692788132,https://creativecommons.org/licenses/by/2.0/
f43115339d185eb8,grapefruit,citra Kw,https://www.flickr.com/people/133434055@N04/,orange curd,https://www.flickr.com/photos/133434055@N04/17863957390,https://creativecommons.org/licenses/by/2.0/
07735ef0946c8ca8,grapefruit,Fotos GOVBA,https://www.flickr.com/people/agecombahia/,"V Encontro da Citricultura da Bahia, em Rio Real",https://www.flickr.com/photos/agecombahia/6333743369,https://creativecommons.org/licenses/by/2.0/
43af5611777d4f1c,grapefruit,redazadi,https://www.flickr.com/people/r4andred/,DSCN6178,https://www.flickr.com/photos/r4andred/2163980493,https://creativecommons.org/licenses/by/2.0/
9d5f5b7497020d90,grapefruit,Wapster,https://www.flickr.com/people/wapster/,Fruit #fruit #bowl #instagram #iphoneography,https://www.flickr.com/photos/wapster/8295864109,https://creativecommons.org/licenses/by/2.0/
ca84a38fc6b6c285,grapefruit,Zhi Yong Lee,https://www.flickr.com/people/zh1yong/,P1050594,https://www.flickr.com/photos/zh1yong/201921513,https://creativecommons.org/licenses/by/2.0/
33ab114e7db96a61,grapefruit,buyalex,https://www.flickr.com/people/buyalex/,One of the most delicious smells on this planet. Suddenly beach party. Such fresh.,https://www.flickr.com/photos/buyalex/11284696073,https://creativecommons.org/licenses/by/2.0/
b45601a88c3f48ee,grapefruit,Keith Hall,https://www.flickr.com/people/fire_brace/,orange,https://www.flickr.com/photos/fire_brace/5734958,https://creativecommons.org/licenses/by/2.0/
db428e105111c262,grapefruit,Mihai Bojin,https://www.flickr.com/people/mihaibojin/,Orange tree,https://www.flickr.com/photos/mihaibojin/3471185117,https://creativecommons.org/licenses/by/2.0/
4163d30eba358af1,grapefruit,iMorpheus,https://www.flickr.com/people/sfj/,The Oranges II,https://www.flickr.com/photos/sfj/1885201,https://creativecommons.org/licenses/by/2.0/
0697d514e448855d,grapefruit,apasciuto,https://www.flickr.com/people/apasciuto/,upload,https://www.flickr.com/photos/apasciuto/15891631185,https://creativecommons.org/licenses/by/2.0/
96eea8fa32a0b737,grapefruit,Abhijit Tembhekar,https://www.flickr.com/people/abhijittembhekar/,Lemon,https://www.flickr.com/photos/abhijittembhekar/3340242358,https://creativecommons.org/licenses/by/2.0/
8444691a31b82ffb,grapefruit,6SN7,https://www.flickr.com/people/47800690@N03/,L_000401,https://www.flickr.com/photos/47800690@N03/11421505934,https://creativecommons.org/licenses/by/2.0/
1ba7b60fadf795b9,grapefruit,Lin Mei,https://www.flickr.com/people/leomei/,IK5G7045,https://www.flickr.com/photos/leomei/6971891300,https://creativecommons.org/licenses/by/2.0/
6a7745c9f562a645,grapefruit,Edwin Torres,https://www.flickr.com/people/flippoker/,four Clementine oranges,https://www.flickr.com/photos/flippoker/6726744671,https://creativecommons.org/licenses/by/2.0/
3ba8f0e9392d3111,grapefruit,Jared Wong,https://www.flickr.com/people/jaredlwong/,Blood oranges at the local market,https://www.flickr.com/photos/jaredlwong/5459513390,https://creativecommons.org/licenses/by/2.0/
c76492c4b4a52985,grapefruit,Alexander Andrade,https://www.flickr.com/people/ambigel/,pomelo,https://www.flickr.com/photos/ambigel/8043857143,https://creativecommons.org/licenses/by/2.0/
793a86adcad98260,grapefruit,OakleyOriginals,https://www.flickr.com/people/oakleyoriginals/,Dejuiced,https://www.flickr.com/photos/oakleyoriginals/3237471713,https://creativecommons.org/licenses/by/2.0/
c9ec81fee7aaafda,grapefruit,systim_01,https://www.flickr.com/people/systim/,Limes,https://www.flickr.com/photos/systim/7111334311,https://creativecommons.org/licenses/by/2.0/
d4e8af9f1b0f39d6,grapefruit,Lia  Chang,https://www.flickr.com/people/liachang/,2014-1 Chinese New Year (116),https://www.flickr.com/photos/liachang/14181746521,https://creativecommons.org/licenses/by/2.0/
3fdeae1f39bbda78,grapefruit,Paul Downey,https://www.flickr.com/people/psd/,Blood Orange,https://www.flickr.com/photos/psd/105954478,https://creativecommons.org/licenses/by/2.0/
a0c7bb3a01ecc4b9,grapefruit,Kajsa Bergman Fällén,https://www.flickr.com/people/spenatmamman/,Oranges,https://www.flickr.com/photos/spenatmamman/2288241903/,https://creativecommons.org/licenses/by/2.0/
e9d0afbfc0bdb2c9,grapefruit,Jessica Spengler,https://www.flickr.com/people/wordridden/,Breakfast.,https://www.flickr.com/photos/wordridden/15708492606,https://creativecommons.org/licenses/by/2.0/
34ab650dd6093346,grapefruit,Jon Lee Clark,https://www.flickr.com/people/jon-clark/,Thanksgiving Turkey's secret ingredient,https://www.flickr.com/photos/jon-clark/6395167611/,https://creativecommons.org/licenses/by/2.0/
82a697d0de57ea28,grapefruit,Lenore Edman,https://www.flickr.com/people/lenore-m/,Lemon Pickle 1,https://www.flickr.com/photos/lenore-m/4560170372,https://creativecommons.org/licenses/by/2.0/
4046f9584b32cc56,grapefruit,José Luis Sánchez Mesa,https://www.flickr.com/people/maese/,Oranges in The Borough market. London,https://www.flickr.com/photos/maese/1350818203,https://creativecommons.org/licenses/by/2.0/
2989731f6d109b08,grapefruit,Carole Grogloth,https://www.flickr.com/people/carole_grogloth_molokai_hawaii/,"Persimmons - Carole Grogloth, Molokai Hawaii",https://www.flickr.com/photos/carole_grogloth_molokai_hawaii/8520451122,https://creativecommons.org/licenses/by/2.0/
f5d1456ee93390c6,grapefruit,Laura Lewis,https://www.flickr.com/people/lauralewis23/,Lemon I,https://www.flickr.com/photos/lauralewis23/7515737946,https://creativecommons.org/licenses/by/2.0/
48279ce5dccc1e4c,grapefruit,vinod velayudhan,https://www.flickr.com/people/fxtreme/,thinkOrange,https://www.flickr.com/photos/fxtreme/6232917052,https://creativecommons.org/licenses/by/2.0/
1e6efc60e52f7919,grapefruit,Dwight Sipler,https://www.flickr.com/people/photofarmer/,An Orange in the Limonaia,https://www.flickr.com/photos/photofarmer/8596361580,https://creativecommons.org/licenses/by/2.0/
3e7e299e99661d76,grapefruit,Jeff Miccolis,https://www.flickr.com/people/jsmiccolis/,Untitled,https://www.flickr.com/photos/jsmiccolis/15339904288,https://creativecommons.org/licenses/by/2.0/
de84e6704f916f9f,grapefruit,regan76,https://www.flickr.com/people/j_regan/,Oranges,https://www.flickr.com/photos/j_regan/290028459,https://creativecommons.org/licenses/by/2.0/
511a1b6a754a2851,grapefruit,mauroguanandi,https://www.flickr.com/people/mauroguanandi/,Jerivá (Syagrus romanzoffiana) fruits CERET S PAULO Brazilian tree,https://www.flickr.com/photos/mauroguanandi/3298575334,https://creativecommons.org/licenses/by/2.0/
bab7abffb798efe1,grapefruit,Chris Feser,https://www.flickr.com/people/feserc/,Fruit,https://www.flickr.com/photos/feserc/3314106060,https://creativecommons.org/licenses/by/2.0/
1e74328369e70739,grapefruit,Caitlin Regan,https://www.flickr.com/people/caitlinator/,Pears,https://www.flickr.com/photos/caitlinator/4006205541,https://creativecommons.org/licenses/by/2.0/
b7a56c691b17d2e2,grapefruit,Lauri Rantala,https://www.flickr.com/people/wstryder/,Traditional Finnish mead,https://www.flickr.com/photos/wstryder/3476583742,https://creativecommons.org/licenses/by/2.0/
8c9ac64aa721f7b9,grapefruit,Christopher Paquette,https://www.flickr.com/people/chpaquette/,Studio Oranges #4,https://www.flickr.com/photos/chpaquette/416515222,https://creativecommons.org/licenses/by/2.0/
3abf8c716190e5ff,grapefruit,Mahdi Bahramian,https://www.flickr.com/people/hajimahdi/,پرتقال,https://www.flickr.com/photos/hajimahdi/6279851226,https://creativecommons.org/licenses/by/2.0/
0659dd54f88ba748,grapefruit,yeowatzup,https://www.flickr.com/people/yeowatzup/,"Fruit Tree, Singapore",https://www.flickr.com/photos/yeowatzup/1558898781,https://creativecommons.org/licenses/by/2.0/
3dd04ba85bb5a576,grapefruit,Nick Saltmarsh,https://www.flickr.com/people/nsalt/,Blood orange,https://www.flickr.com/photos/nsalt/454102990,https://creativecommons.org/licenses/by/2.0/
89ac15079c0e53e2,grapefruit,keith ellwood,https://www.flickr.com/people/76377775@N05/,oranges,https://www.flickr.com/photos/76377775@N05/8340216286,https://creativecommons.org/licenses/by/2.0/
9d00f2d303c4ec5d,grapefruit,Suzette - www.suzette.nu,https://www.flickr.com/people/suzettesuzette/,citrus,https://www.flickr.com/photos/suzettesuzette/8422474199,https://creativecommons.org/licenses/by/2.0/
6f75c152dff723ce,grapefruit,Carlos Varela,https://www.flickr.com/people/c32/,Naranja,https://www.flickr.com/photos/c32/9743563988,https://creativecommons.org/licenses/by/2.0/
f8bcbf2066e6458f,grapefruit,boldray,https://www.flickr.com/people/8492327@N07/,Ready to be juiced,https://www.flickr.com/photos/8492327@N07/14704831953,https://creativecommons.org/licenses/by/2.0/
598ab2035a9a7f53,grapefruit,samilubinetzki,https://www.flickr.com/people/samilubi/,orange,https://www.flickr.com/photos/samilubi/5267448048,https://creativecommons.org/licenses/by/2.0/
8fb58159198b3f67,grapefruit,kimubert,https://www.flickr.com/people/treevillage/,The gang is all here,https://www.flickr.com/photos/treevillage/8144679581,https://creativecommons.org/licenses/by/2.0/
a30427ad5446ad46,grapefruit,*saipal,https://www.flickr.com/people/saipal/,16: Have an ...,https://www.flickr.com/photos/saipal/370676663,https://creativecommons.org/licenses/by/2.0/
8120a85e31ebaea4,grapefruit,Shawn Campbell,https://www.flickr.com/people/thecampbells/,Grapefruit,https://www.flickr.com/photos/thecampbells/4432157857,https://creativecommons.org/licenses/by/2.0/
d9f8ccfdf09032d9,grapefruit,Valdir Casotti,https://www.flickr.com/people/valdircasotti/,Orange,https://www.flickr.com/photos/valdircasotti/8665368897,https://creativecommons.org/licenses/by/2.0/
500ef7bbed25b42d,grapefruit,kreepz,https://www.flickr.com/people/31049636@N03/,m & m orange,https://www.flickr.com/photos/31049636@N03/3689498561,https://creativecommons.org/licenses/by/2.0/
b2d9f62471971548,grapefruit,Elvert Barnes,https://www.flickr.com/people/perspective/,06.Citrus.SW.WDC.5feb06,https://www.flickr.com/photos/perspective/96739586,https://creativecommons.org/licenses/by/2.0/
8761a1e0a08655ae,grapefruit,Kathryn Decker,https://www.flickr.com/people/waponigirl/,Orange and Blue,https://www.flickr.com/photos/waponigirl/156075489,https://creativecommons.org/licenses/by/2.0/
78f156ebe5bfb182,grapefruit,Duncan Hull,https://www.flickr.com/people/dullhunk/,το yκρέιπ-φρουτ : grapefruit,https://www.flickr.com/photos/dullhunk/5456511612,https://creativecommons.org/licenses/by/2.0/
326cd1e8ed154d23,grapefruit,Karyn Christner,https://www.flickr.com/people/toofarnorth/,sf market,https://www.flickr.com/photos/toofarnorth/2844302973,https://creativecommons.org/licenses/by/2.0/
970880b08319ea45,grapefruit,Stacy Spensley,https://www.flickr.com/people/notahipster/,ruby red grapefruit,https://www.flickr.com/photos/notahipster/4230789218,https://creativecommons.org/licenses/by/2.0/
c6148c24a4f1ccb1,grapefruit,Ivana Sokolović,https://www.flickr.com/people/105392694@N02/,Voće,https://www.flickr.com/photos/105392694@N02/10292509765,https://creativecommons.org/licenses/by/2.0/
46353bfb49ec8305,grapefruit,Denise Krebs,https://www.flickr.com/people/mrsdkrebs/,Oranges,https://www.flickr.com/photos/mrsdkrebs/11208212996,https://creativecommons.org/licenses/by/2.0/
eca6ac1bc445f79a,grapefruit,Allie_Caulfield,https://www.flickr.com/people/wm_archiv/,"2011-12-17 Palo Alto, Stanford University 063 Orange tree",https://www.flickr.com/photos/wm_archiv/6633268129,https://creativecommons.org/licenses/by/2.0/
6d16b5eba3269be5,grapefruit,waferboard,https://www.flickr.com/people/waferboard/,backlit orange slice,https://www.flickr.com/photos/waferboard/5817627413,https://creativecommons.org/licenses/by/2.0/
48fa4e0e3c8098c2,grapefruit,microphylum,https://www.flickr.com/people/32258957@N06/,Thrice Citrus reticulata,https://www.flickr.com/photos/32258957@N06/3129670771,https://creativecommons.org/licenses/by/2.0/
a8ff8a7b30e2d957,grapefruit,Barbie Luz,https://www.flickr.com/people/shinyredballoon/,citrus balls,https://www.flickr.com/photos/shinyredballoon/2863386274,https://creativecommons.org/licenses/by/2.0/
b75d945decf1eb02,grapefruit,Filter Forge,https://www.flickr.com/people/filterforge/,Citrus Fruits,https://www.flickr.com/photos/filterforge/8747508010,https://creativecommons.org/licenses/by/2.0/
0f22c927a33e6c13,grapefruit,Mr. Brian,https://www.flickr.com/people/mrbd/,kin kan,https://www.flickr.com/photos/mrbd/5488200031,https://creativecommons.org/licenses/by/2.0/
9fe5a7d90025fc84,grapefruit,Takanori Ishikawa,https://www.flickr.com/people/ishikawa_takanori/,Family Tree,https://www.flickr.com/photos/ishikawa_takanori/2407590586,https://creativecommons.org/licenses/by/2.0/
8d35668b5ba595b3,grapefruit,Alden Cornell,https://www.flickr.com/people/alden_cornell_molokai_hawaii/,Passion Fruit Kula Farmer's Market Alden Corneall Molokai Hawaii,https://www.flickr.com/photos/alden_cornell_molokai_hawaii/14847808859,https://creativecommons.org/licenses/by/2.0/
23b275c7445ab277,grapefruit,yoppy,https://www.flickr.com/people/spilt-milk/,Untitled,https://www.flickr.com/photos/spilt-milk/15973518250/,https://creativecommons.org/licenses/by/2.0/
ed8c8cbff74c7ad1,grapefruit,Gabriel Lima,https://www.flickr.com/people/ravescuritiba/,Orange Set #4/4,https://www.flickr.com/photos/ravescuritiba/762981835,https://creativecommons.org/licenses/by/2.0/
e8b42abe71a77187,grapefruit,Squash Valley Produce,https://www.flickr.com/people/squashvalleyproduce/,Lemons 2,https://www.flickr.com/photos/squashvalleyproduce/6029656516,https://creativecommons.org/licenses/by/2.0/
f9705847c26e33b3,grapefruit,RecycledStarDust,https://www.flickr.com/people/recycledstardust/,Untitled,https://www.flickr.com/photos/recycledstardust/3645238833,https://creativecommons.org/licenses/by/2.0/
1e64d52fa55e5f0d,grapefruit,Zeetz Jones,https://www.flickr.com/people/zeetzjones/,Frosted Oranges,https://www.flickr.com/photos/zeetzjones/325724059,https://creativecommons.org/licenses/by/2.0/
f75b5ea7ad38bda4,grapefruit,Leslie Seaton,https://www.flickr.com/people/lacatholique/,Grapefruit,https://www.flickr.com/photos/lacatholique/8449071333,https://creativecommons.org/licenses/by/2.0/
81a9e2f77f971682,grapefruit,Arnold Gatilao,https://www.flickr.com/people/arndog/,Kalamansi,https://www.flickr.com/photos/arndog/2994831494,https://creativecommons.org/licenses/by/2.0/
ce8ea9d97b044ef0,grapefruit,*cubic rainbow,https://www.flickr.com/people/cubic_rainbow/,staphylococcus,https://www.flickr.com/photos/cubic_rainbow/621453675,https://creativecommons.org/licenses/by/2.0/
3c9c2fa9dcb03246,grapefruit,Sungdo Cho,https://www.flickr.com/people/pengdo/,얼바나샴페인의 Q-Ho가 보..,https://www.flickr.com/photos/pengdo/4385034982,https://creativecommons.org/licenses/by/2.0/
34119ceeec0491a5,grapefruit,Fernando Souza,https://www.flickr.com/people/fsouza/,Limão cravo,https://www.flickr.com/photos/fsouza/9180229446,https://creativecommons.org/licenses/by/2.0/
c10029b446cadb22,grapefruit,Ewen Roberts,https://www.flickr.com/people/donabelandewen/,Lemons,https://www.flickr.com/photos/donabelandewen/8302134988/,https://creativecommons.org/licenses/by/2.0/
95439bcd8a0862f2,grapefruit,Christian Schnettelker,https://www.flickr.com/people/manoftaste-de/,Lemons / Zitronen,https://www.flickr.com/photos/manoftaste-de/9119141794,https://creativecommons.org/licenses/by/2.0/
065546d583608b96,grapefruit,Michelle Bradley,https://www.flickr.com/people/mishbradley/,New Year's Eve,https://www.flickr.com/photos/mishbradley/3155845187,https://creativecommons.org/licenses/by/2.0/
5dbbb2c0ae2055a3,grapefruit,oswaldo,https://www.flickr.com/people/oswaldo/,Círculo 07,https://www.flickr.com/photos/oswaldo/352423378,https://creativecommons.org/licenses/by/2.0/
85ae5fb54bb713d0,grapefruit,Domas Mituzas,https://www.flickr.com/people/midom/,green oranges,https://www.flickr.com/photos/midom/3376329760/,https://creativecommons.org/licenses/by/2.0/
6f865bf28637606a,grapefruit,Monica Arellano-Ongpin,https://www.flickr.com/people/maong/,Oranges and lemons from Siracusa,https://www.flickr.com/photos/maong/2289917162,https://creativecommons.org/licenses/by/2.0/
e5571c80a3cf6225,grapefruit,Amine AGREBI,https://www.flickr.com/people/agrebi_design/,Jus d'orange,https://www.flickr.com/photos/agrebi_design/3260872997,https://creativecommons.org/licenses/by/2.0/
c6438aff3bb9ec76,grapefruit,Sonny Abesamis,https://www.flickr.com/people/enerva/,Lemons from the same tree,https://www.flickr.com/photos/enerva/8358569166,https://creativecommons.org/licenses/by/2.0/
1f0242924b3be5ed,grapefruit,Andrea Passoni,https://www.flickr.com/people/andrepax/,Mandarini,https://www.flickr.com/photos/andrepax/12724127554/,https://creativecommons.org/licenses/by/2.0/
b1c485d8b49064b8,grapefruit,Pen Waggener,https://www.flickr.com/people/epw/,Water,https://www.flickr.com/photos/epw/6876776585,https://creativecommons.org/licenses/by/2.0/
63c3715137ac75b3,grapefruit,Emanuello Brigant,https://www.flickr.com/people/palingzp/,Sinas,https://www.flickr.com/photos/palingzp/2238476883,https://creativecommons.org/licenses/by/2.0/
db6d17e7e723745c,grapefruit,Keith Williamson,https://www.flickr.com/people/elwillo/,Not more oranges! Project 365(3) Day 310,https://www.flickr.com/photos/elwillo/6529750365,https://creativecommons.org/licenses/by/2.0/
cd61dde8db5abc47,grapefruit,Rosana Prada,https://www.flickr.com/people/zanastardust/,grapefruit,https://www.flickr.com/photos/zanastardust/407428566,https://creativecommons.org/licenses/by/2.0/
1f846aaff9505c67,grapefruit,rick,https://www.flickr.com/people/spine/,after-dinner treat,https://www.flickr.com/photos/spine/1400611220,https://creativecommons.org/licenses/by/2.0/
6a39def4ca81a7c9,grapefruit,Fruitnet.com,https://www.flickr.com/people/fruitnet/,British supermarkets June 2008,https://www.flickr.com/photos/fruitnet/2627677431,https://creativecommons.org/licenses/by/2.0/
f3d903f1b809686e,grapefruit,Elenadan,https://www.flickr.com/people/melintur/,Pumelo,https://www.flickr.com/photos/melintur/2165552250,https://creativecommons.org/licenses/by/2.0/
59fea7be8a26580e,grapefruit,Jitze Couperus,https://www.flickr.com/people/jitze1942/,End of July - Peak time for stoned fruit,https://www.flickr.com/photos/jitze1942/9391920364,https://creativecommons.org/licenses/by/2.0/
221b481a8ee7e11d,grapefruit,Jim Lightfoot,https://www.flickr.com/people/jim-lightfoot/,Limes,https://www.flickr.com/photos/112095551@N02/11931378835,https://creativecommons.org/licenses/by/2.0/
a27a51d92f7071a2,grapefruit,Syed Abdul Khaliq,https://www.flickr.com/people/mixedmedia/,Orange bush in my house compound ;),https://www.flickr.com/photos/mixedmedia/492302440,https://creativecommons.org/licenses/by/2.0/
183d9d5fd2379cf9,grapefruit,Craig ONeal,https://www.flickr.com/people/craigoneal/,Oranges in HDR,https://www.flickr.com/photos/craigoneal/5341019501,https://creativecommons.org/licenses/by/2.0/
feb344c90af1df05,grapefruit,Anna,https://www.flickr.com/people/bcmom/,"Orange, Sliced",https://www.flickr.com/photos/bcmom/136657966,https://creativecommons.org/licenses/by/2.0/
d4a83afb84b0f902,grapefruit,Gabriel González,https://www.flickr.com/people/gaby1/,Untitled,https://www.flickr.com/photos/gaby1/6404715751,https://creativecommons.org/licenses/by/2.0/
433f9a3a39b34b61,grapefruit,naomi yamada,https://www.flickr.com/people/naomiyamada/,Tangerine juice making going on #rightnow with citrus from my parents' tree. #messybutfun #food #making #love,https://www.flickr.com/photos/naomiyamada/14720698993,https://creativecommons.org/licenses/by/2.0/
ba6cbff8a68b9f8b,grapefruit,G.E.Roetgen,https://www.flickr.com/people/lepointkiller/,1872-a02,https://www.flickr.com/photos/lepointkiller/1005223438,https://creativecommons.org/licenses/by/2.0/
e2e7cae075ad9aa2,grapefruit,Jessie Pearl,https://www.flickr.com/people/terwilliger911/,many lemons,https://www.flickr.com/photos/terwilliger911/351223975/,https://creativecommons.org/licenses/by/2.0/
9bdd4442fa0ca343,grapefruit,Kanko*,https://www.flickr.com/people/kankan/,loquat / 枇杷,https://www.flickr.com/photos/kankan/162904246,https://creativecommons.org/licenses/by/2.0/
1af39790f0957012,grapefruit,Mark Freeth,https://www.flickr.com/people/freetheimage/,Orange,https://www.flickr.com/photos/freetheimage/13106227873,https://creativecommons.org/licenses/by/2.0/
53b4f49b09747d35,grapefruit,pika1935,https://www.flickr.com/people/93256705@N05/,清見オレンジ,https://www.flickr.com/photos/93256705@N05/17328460881,https://creativecommons.org/licenses/by/2.0/
14aac18fd7edf637,grapefruit,Jennifer C.,https://www.flickr.com/people/29638108@N06/,Grapefruit,https://www.flickr.com/photos/29638108@N06/4165090734,https://creativecommons.org/licenses/by/2.0/
549bde7dc6654414,grapefruit,Florencia Lewis,https://www.flickr.com/people/florlewis/,Lemon,https://www.flickr.com/photos/florlewis/6437744067,https://creativecommons.org/licenses/by/2.0/
f868c27b6d8a11b8,grapefruit,yurayura_naoko,https://www.flickr.com/people/yurayura/,orange　　 ミカン　20051202,https://www.flickr.com/photos/yurayura/69894121,https://creativecommons.org/licenses/by/2.0/
109db2b76aa768ba,grapefruit,skyseeker,https://www.flickr.com/people/skyseeker/,I'm a mikan owner.,https://www.flickr.com/photos/skyseeker/1965228020,https://creativecommons.org/licenses/by/2.0/
a5ff695ef97c8bcd,grapefruit,Patrick Feller,https://www.flickr.com/people/nakrnsm/,Satsuma Mandarin Orange 1105091912,https://www.flickr.com/photos/nakrnsm/4079430848,https://creativecommons.org/licenses/by/2.0/
55258476d7f5ac80,grapefruit,with wind,https://www.flickr.com/people/withwind/,IMG_0434,https://www.flickr.com/photos/withwind/13405952815,https://creativecommons.org/licenses/by/2.0/
6c9ae2d8a9d54782,grapefruit,Nico Kaiser,https://www.flickr.com/people/nicokaiser/,Oranges,https://www.flickr.com/photos/nicokaiser/5716986269,https://creativecommons.org/licenses/by/2.0/
6a2f8c186f7b9147,grapefruit,BrunoBrunan,https://www.flickr.com/people/brunodobrasil/,Bruno Brunan,https://www.flickr.com/photos/brunodobrasil/15514565970,https://creativecommons.org/licenses/by/2.0/
4cba4be100f6dcb4,grapefruit,kellywritershouse,https://www.flickr.com/people/kellywritershouse/,P1020743,https://www.flickr.com/photos/kellywritershouse/6931410230,https://creativecommons.org/licenses/by/2.0/
60d7aa684dc433a9,grapefruit,MACHEETE Büro für Kommunikation &amp; Dialog,https://www.flickr.com/people/126431614@N03/,Body Lotion,https://www.flickr.com/photos/126431614@N03/14843373380,https://creativecommons.org/licenses/by/2.0/
5e16f17ff579b7f0,grapefruit,Alan Kotok,https://www.flickr.com/people/runneralan/,Orange tree in Bahai Gardens,https://www.flickr.com/photos/runneralan/2083731109,https://creativecommons.org/licenses/by/2.0/
2a9603a9afd16362,grapefruit,kizzzbeth,https://www.flickr.com/people/31403417@N00/,Untitled,https://www.flickr.com/photos/31403417@N00/5533711650,https://creativecommons.org/licenses/by/2.0/
a9eaae4555ad0a96,grapefruit,Fabián Núñez,https://www.flickr.com/people/fabdango/,Kumquat o &quot;naranjas chinas&quot;.,https://www.flickr.com/photos/fabdango/7987005432,https://creativecommons.org/licenses/by/2.0/
8a32ad6d6dcc35ab,grapefruit,Timothy Vollmer,https://www.flickr.com/people/sixteenmilesofstring/,California weeds,https://www.flickr.com/photos/sixteenmilesofstring/16277957808,https://creativecommons.org/licenses/by/2.0/
8bedf0673c4850d7,grapefruit,Dee Deedee,https://www.flickr.com/people/so_cool13/,Mikan05,https://www.flickr.com/photos/so_cool13/2949691024,https://creativecommons.org/licenses/by/2.0/
c863bfd7f44f447e,grapefruit,Heather Sperling,https://www.flickr.com/people/spersper/,Sepia Pomegranate Old Fashioned,https://www.flickr.com/photos/spersper/8084860563,https://creativecommons.org/licenses/by/2.0/
f970901a625d56ca,grapefruit,Becks,https://www.flickr.com/people/littlemisspurps/,Yellow fruits,https://www.flickr.com/photos/littlemisspurps/3721038792,https://creativecommons.org/licenses/by/2.0/
42bccedf2139ae0c,grapefruit,lovesx-70,https://www.flickr.com/people/yu_chuan/,Untitled,https://www.flickr.com/photos/yu_chuan/2192258902/,https://creativecommons.org/licenses/by/2.0/
dbdae6a1b9f5e18b,grapefruit,V Smoothe,https://www.flickr.com/people/vsmoothe/,Oranges,https://www.flickr.com/photos/vsmoothe/174982538,https://creativecommons.org/licenses/by/2.0/
32bd80d38fc5b085,grapefruit,F▲IL,https://www.flickr.com/people/thegsayeth/,This orange is pooping another orange. It begins...,https://www.flickr.com/photos/thegsayeth/11804715666,https://creativecommons.org/licenses/by/2.0/
e7e27184598626ee,grapefruit,U.S. Army,https://www.flickr.com/people/familymwr/,1st Place N Water Base Painting by CDR Catherine Linberger,https://www.flickr.com/photos/familymwr/4987492558,https://creativecommons.org/licenses/by/2.0/
e38652fab73eb47d,grapefruit,Daniel Wehner,https://www.flickr.com/people/daniel-wehner/,3/52 an Orange a day,https://www.flickr.com/photos/daniel-wehner/8390292848,https://creativecommons.org/licenses/by/2.0/
195157a8957c2b89,grapefruit,Frédérique Voisin-Demery,https://www.flickr.com/people/vialbost/,Orange sanguine,https://www.flickr.com/photos/vialbost/6931480031,https://creativecommons.org/licenses/by/2.0/
562ed1cbbcd50f38,grapefruit,Gayatri Krishnamoorthy,https://www.flickr.com/people/rosemilkinabottle/,Freshly squeezed orange juice,https://www.flickr.com/photos/rosemilkinabottle/6120952302,https://creativecommons.org/licenses/by/2.0/
1d5304d0daa58813,grapefruit,Sweetsofa,https://www.flickr.com/people/choufi/,Orange #1,https://www.flickr.com/photos/choufi/122585401/,https://creativecommons.org/licenses/by/2.0/
dbb0426e20917440,grapefruit,_Libby_,https://www.flickr.com/people/libbyandnicki/,sliced lemons,https://www.flickr.com/photos/libbyandnicki/6871306107,https://creativecommons.org/licenses/by/2.0/
11f75211a3fd8a27,grapefruit,Suzette - www.suzette.nu,https://www.flickr.com/people/suzettesuzette/,Oranges,https://www.flickr.com/photos/suzettesuzette/4703552291,https://creativecommons.org/licenses/by/2.0/
fc4d2aaf5919e624,grapefruit,pika1935,https://www.flickr.com/people/93256705@N05/,グレープフルーツ,https://www.flickr.com/photos/93256705@N05/19985080825,https://creativecommons.org/licenses/by/2.0/
85662ade490303a4,grapefruit,ssour,https://www.flickr.com/people/camusa/,Super Sweet Oranges,https://www.flickr.com/photos/camusa/2211067524,https://creativecommons.org/licenses/by/2.0/
80448eba6de10241,grapefruit,Meena Kadri,https://www.flickr.com/people/meanestindian/,Composition in Yellow,https://www.flickr.com/photos/meanestindian/304309414,https://creativecommons.org/licenses/by/2.0/
a70275d426badec1,grapefruit,Bob Duran,https://www.flickr.com/people/bob5d/,Oranges,https://www.flickr.com/photos/bob5d/6235792240,https://creativecommons.org/licenses/by/2.0/
52c33abf081b58ce,grapefruit,Tania Jain,https://www.flickr.com/people/12582174@N08/,Picture 021,https://www.flickr.com/photos/12582174@N08/3346626262,https://creativecommons.org/licenses/by/2.0/
359c3444abd4da0d,grapefruit,J. Money,https://www.flickr.com/people/jmoneyyyyyy/,Have you seen anything more beautiful?,https://www.flickr.com/photos/jmoneyyyyyy/6967461333,https://creativecommons.org/licenses/by/2.0/
b88d7ed92b910aca,grapefruit,Михал Орела,https://www.flickr.com/people/mihalorel/,Изкуство,https://www.flickr.com/photos/mihalorel/7982389822,https://creativecommons.org/licenses/by/2.0/
9ffe53c108c2bc58,grapefruit,edkohler,https://www.flickr.com/people/edkohler/,IMAG1516.jpg,https://www.flickr.com/photos/edkohler/7682416396,https://creativecommons.org/licenses/by/2.0/
f2186ee3b41142a6,grapefruit,Derek Hatfield,https://www.flickr.com/people/loimere/,271/365 - Groupies,https://www.flickr.com/photos/loimere/5296192837,https://creativecommons.org/licenses/by/2.0/
0b6f22bf3b586889,grapefruit,Brandon Grasley,https://www.flickr.com/people/brandongrasley/,Christmas Clementines,https://www.flickr.com/photos/brandongrasley/8334107917,https://creativecommons.org/licenses/by/2.0/
d7e8c84203cc6d9c,grapefruit,C.E.I.P. Sambori,https://www.flickr.com/people/45579842@N07/,TARONGES,https://www.flickr.com/photos/45579842@N07/4187619840,https://creativecommons.org/licenses/by/2.0/
970fdefa22c3c7f4,grapefruit,Michael Gwyther-Jones,https://www.flickr.com/people/12587661@N06/,Yangtze & Three Gorges,https://www.flickr.com/photos/12587661@N06/8378154084,https://creativecommons.org/licenses/by/2.0/
a18f3669c64970b1,grapefruit,Wild Tofu,https://www.flickr.com/people/wildtofu/,Smoothie,https://www.flickr.com/photos/wildtofu/4461522015,https://creativecommons.org/licenses/by/2.0/
f2345a8c69d56f42,grapefruit,COLORED PENCIL magazine,https://www.flickr.com/people/coloredpencilmag/,MARCH 2014 CPM Art Challenge Photo &quot;A Slice of Citrus&quot; #1403,https://www.flickr.com/photos/coloredpencilmag/12750237903,https://creativecommons.org/licenses/by/2.0/
62ba6d6069072aa1,coconut,alisonpavlos,https://www.flickr.com/people/alisonpavlos/,palm tree,https://www.flickr.com/photos/alisonpavlos/2590898226,https://creativecommons.org/licenses/by/2.0/
135deaa5afb21894,coconut,Samko Pamko,https://www.flickr.com/people/75570832@N02/,Goa,https://www.flickr.com/photos/75570832@N02/10605204675,https://creativecommons.org/licenses/by/2.0/
c6b9fba51e852989,coconut,Glauco Umbelino,https://www.flickr.com/people/geoglauco/,"Coqueiral em Pontegi-AL, próximo à foz do Chico",https://www.flickr.com/photos/geoglauco/1376912960/,https://creativecommons.org/licenses/by/2.0/
a06ab2961df70823,coconut,abhi9736,https://www.flickr.com/people/50772859@N03/,DSC_6849,https://www.flickr.com/photos/50772859@N03/8416127013,https://creativecommons.org/licenses/by/2.0/
a71f131cb2f881e2,coconut,Erin Pettigrew,https://www.flickr.com/people/superfem/,Empty coconut shells,https://www.flickr.com/photos/superfem/350981670,https://creativecommons.org/licenses/by/2.0/
792f9780f61b43e3,coconut,Simon_sees,https://www.flickr.com/people/39551170@N02/,Coconuts,https://www.flickr.com/photos/39551170@N02/11267574635,https://creativecommons.org/licenses/by/2.0/
39d99d454234100d,coconut,Lisa Cyr,https://www.flickr.com/people/borderlys/,palm tree,https://www.flickr.com/photos/borderlys/414119768,https://creativecommons.org/licenses/by/2.0/
e6d35f289201c1cf,coconut,thefuturistics,https://www.flickr.com/people/thefuturistics/,Palms in the wind,https://www.flickr.com/photos/thefuturistics/477909580,https://creativecommons.org/licenses/by/2.0/
80d71faf4855d7e9,coconut,Damien McMahon,https://www.flickr.com/people/damien_m_in_japan/,Green Parrot Palm,https://www.flickr.com/photos/damien_m_in_japan/3901636796,https://creativecommons.org/licenses/by/2.0/
6897206596ac654a,coconut,Arvydas Simbelis,https://www.flickr.com/people/arvydas_simbelis/,Hazelnuts,https://www.flickr.com/photos/arvydas_simbelis/6166794225,https://creativecommons.org/licenses/by/2.0/
58fef762035a9507,coconut,TANAKA Juuyoh (田中十洋),https://www.flickr.com/people/tanaka_juuyoh/,Market / 市場(いちば),https://www.flickr.com/photos/tanaka_juuyoh/12759325854,https://creativecommons.org/licenses/by/2.0/
d067f5a3a9e7317c,coconut,Dug Song,https://www.flickr.com/people/dugsong/,PC220743,https://www.flickr.com/photos/dugsong/5310416565,https://creativecommons.org/licenses/by/2.0/
8e9f2d2d6fb7d3c3,coconut,Heather Kennedy,https://www.flickr.com/people/moria/,Kew Garden 4,https://www.flickr.com/photos/moria/29203441,https://creativecommons.org/licenses/by/2.0/
8c3317de7b613b49,coconut,Scott Mattoon,https://www.flickr.com/people/downstream/,Kite Surfers,https://www.flickr.com/photos/downstream/12400718815,https://creativecommons.org/licenses/by/2.0/
2dd9e08a86e62e4a,coconut,Danielle Walquist  Lynch,https://www.flickr.com/people/25195310@N02/,Hiding behind palm 1,https://www.flickr.com/photos/25195310@N02/5115024459,https://creativecommons.org/licenses/by/2.0/
fbe5fc1812c9641b,coconut,Thiaga Rajan,https://www.flickr.com/people/urbanchilli/,IMG_0188,https://www.flickr.com/photos/urbanchilli/381575222,https://creativecommons.org/licenses/by/2.0/
93ab8522f020d9bb,coconut,carrotmadman6,https://www.flickr.com/people/carrotmadman6/,Coconuts,https://www.flickr.com/photos/carrotmadman6/4717481306,https://creativecommons.org/licenses/by/2.0/
938c5901da42f4d5,coconut,daveynin,https://www.flickr.com/people/daveynin/,Coconut Palm Tree,https://www.flickr.com/photos/daveynin/7122961361,https://creativecommons.org/licenses/by/2.0/
74ee08e3c90c9fa6,coconut,Christian Córdova,https://www.flickr.com/people/ccordova/,Cocotero,https://www.flickr.com/photos/ccordova/294054588,https://creativecommons.org/licenses/by/2.0/
0fb8d60603d5b5d5,coconut,Christopher,https://www.flickr.com/people/qilin/,Loaded Coconut Palm,https://www.flickr.com/photos/qilin/3262876707/,https://creativecommons.org/licenses/by/2.0/
164826e3bd841a74,coconut,Senorhorst Jahnsen,https://www.flickr.com/people/rabanito/,heart of palmtree,https://www.flickr.com/photos/rabanito/3438060940/,https://creativecommons.org/licenses/by/2.0/
9dcd1f3d9c2ad5f6,coconut,rob.sandbach,https://www.flickr.com/people/robsandbach/,Mui Ne Beach,https://www.flickr.com/photos/robsandbach/6060537673,https://creativecommons.org/licenses/by/2.0/
7c6835713aefa24c,coconut,Roman Boed,https://www.flickr.com/people/romanboed/,Untitled,https://www.flickr.com/photos/romanboed/8369005426,https://creativecommons.org/licenses/by/2.0/
d068c43d73ded63a,coconut,Venetia Joubert Sarah Oosterveld,https://www.flickr.com/people/venetiajoubert/,Koh Chang tree,https://www.flickr.com/photos/venetiajoubert/3330129785,https://creativecommons.org/licenses/by/2.0/
61ba00c18c6f9cfe,coconut,Steve Browne &amp; John Verkleir,https://www.flickr.com/people/proxyindian/,Village women preparing for a puja,https://www.flickr.com/photos/proxyindian/5171828580,https://creativecommons.org/licenses/by/2.0/
7db0055c9343c075,coconut,Chris Mear,https://www.flickr.com/people/chrismear/,106-0677_IMG.JPG,https://www.flickr.com/photos/chrismear/112400360,https://creativecommons.org/licenses/by/2.0/
02b82f2d79903633,coconut,Sergio Martínez,https://www.flickr.com/people/checoo/,_DSC0430,https://www.flickr.com/photos/checoo/3466587677,https://creativecommons.org/licenses/by/2.0/
64461ce6811847c5,coconut,Colleen Benelli,https://www.flickr.com/people/49651517@N02/,IMG_1704,https://www.flickr.com/photos/49651517@N02/8567705008,https://creativecommons.org/licenses/by/2.0/
4dfa378c6384a61a,coconut,SantaRosa OLD SKOOL,https://www.flickr.com/people/santarosa/,Debaixo do coqueiro        ......DSCF3665,https://www.flickr.com/photos/santarosa/49455825,https://creativecommons.org/licenses/by/2.0/
e268f0f17cb71f56,coconut,ally_costanzo,https://www.flickr.com/people/122011694@N05/,Beach,https://www.flickr.com/photos/122011694@N05/13625331693,https://creativecommons.org/licenses/by/2.0/
8d20cbeffcd4f7dc,coconut,J. Davis Rorer,https://www.flickr.com/people/journeywithspirit/,Coconuts for all,https://www.flickr.com/photos/journeywithspirit/260875042,https://creativecommons.org/licenses/by/2.0/
fe1619c728ba0acd,coconut,Julie Lyn,https://www.flickr.com/people/14486460@N00/,Blue Water lagoon (10),https://www.flickr.com/photos/14486460@N00/11146728583,https://creativecommons.org/licenses/by/2.0/
c4ab0a451e93e398,coconut,Lyniel Sy,https://www.flickr.com/people/lynielavasy/,Paradise,https://www.flickr.com/photos/lynielavasy/11748633343,https://creativecommons.org/licenses/by/2.0/
0dd9e7780f5e04f0,coconut,Brent,https://www.flickr.com/people/stupiddingo/,Ripening Nuts,https://www.flickr.com/photos/stupiddingo/4041312480,https://creativecommons.org/licenses/by/2.0/
ce58cdb80422ca4b,coconut,Hans Dekker,https://www.flickr.com/people/hansdekker/,Coconuts,https://www.flickr.com/photos/hansdekker/2166334467,https://creativecommons.org/licenses/by/2.0/
c0a2a2707ce0d462,coconut,SteveR-,https://www.flickr.com/people/git/,Coconuts,https://www.flickr.com/photos/git/159872559,https://creativecommons.org/licenses/by/2.0/
2eb00ea77aee9d42,coconut,Leslie Butler,https://www.flickr.com/people/lesliebutler/,Untitled,https://www.flickr.com/photos/lesliebutler/8013624372,https://creativecommons.org/licenses/by/2.0/
13cf83c8724e5818,coconut,HappyManPhotoGraphy,https://www.flickr.com/people/lguap/,Décollage au Coco by @happyman_photography for @riddlathomassawyer #guadeloupe #paradis #ptitBonheur #belPeyi #WestIndies #promoguadeloupe,https://www.flickr.com/photos/lguap/13222755055,https://creativecommons.org/licenses/by/2.0/
a48f73f38fb3611b,coconut,Caroline Gagné,https://www.flickr.com/people/carolinegagne/,Ma définition du paradis,https://www.flickr.com/photos/carolinegagne/6762926523,https://creativecommons.org/licenses/by/2.0/
e739c2cf8d76bab1,coconut,Ewen Roberts,https://www.flickr.com/people/donabelandewen/,Coconuts,https://www.flickr.com/photos/donabelandewen/2187837425,https://creativecommons.org/licenses/by/2.0/
99ae4d8f688da802,coconut,McKay Savage,https://www.flickr.com/people/mckaysavage/,India - Colours of India - Coconut tree canopy,https://www.flickr.com/photos/mckaysavage/2486002348,https://creativecommons.org/licenses/by/2.0/
6b607baa16b43197,coconut,L.,https://www.flickr.com/people/browneyegirl/,coconut trees,https://www.flickr.com/photos/browneyegirl/337407791,https://creativecommons.org/licenses/by/2.0/
5cd4ba69c5e7e902,pomegranate,Amy Lenzo,https://www.flickr.com/people/amylenzo/,pom pom,https://www.flickr.com/photos/amylenzo/252852882,https://creativecommons.org/licenses/by/2.0/
491e4bc9a8444f89,pomegranate,Ami  Mor,https://www.flickr.com/people/70857601@N00/,Red Red,https://www.flickr.com/photos/70857601@N00/15444131290,https://creativecommons.org/licenses/by/2.0/
059f06b28121ede1,pomegranate,fugzu,https://www.flickr.com/people/70253321@N00/,melograna gigante,https://www.flickr.com/photos/70253321@N00/4024882841,https://creativecommons.org/licenses/by/2.0/
7ddd975bb03bef60,pomegranate,Shahrokh Dabiri,https://www.flickr.com/people/dabiri/,Pomegranate- Triplet,https://www.flickr.com/photos/dabiri/2616161815,https://creativecommons.org/licenses/by/2.0/
327479f0fdcf5ef4,pomegranate,zeevveez,https://www.flickr.com/people/zeevveez/,Surprise -4,https://www.flickr.com/photos/zeevveez/11082179054,https://creativecommons.org/licenses/by/2.0/
12cd361307dfbaae,pomegranate,Alexis,https://www.flickr.com/people/myalexis/,IMG_0159,https://www.flickr.com/photos/myalexis/8130760362,https://creativecommons.org/licenses/by/2.0/
a57faf549b0b77a0,pomegranate,blair_25,https://www.flickr.com/people/blair25/,Pomegranate,https://www.flickr.com/photos/blair25/7761741602,https://creativecommons.org/licenses/by/2.0/
53e87587bbc62a7a,pomegranate,Quim Pagans,https://www.flickr.com/people/tempus7/,Macro magrana 2,https://www.flickr.com/photos/tempus7/216240141,https://creativecommons.org/licenses/by/2.0/
7d0ab9b4e80e204f,pomegranate,apium,https://www.flickr.com/people/apium/,nye10 001 pomegranates,https://www.flickr.com/photos/apium/4242823736,https://creativecommons.org/licenses/by/2.0/
57d383403e455096,pomegranate,Jannes Pockele,https://www.flickr.com/people/jpockele/,Pomegranate,https://www.flickr.com/photos/jpockele/305573508,https://creativecommons.org/licenses/by/2.0/
dd95c9b339505ecd,pomegranate,simonetta viterbi,https://www.flickr.com/people/nettaphoto/,melograno turchesi,https://www.flickr.com/photos/nettaphoto/3047405373,https://creativecommons.org/licenses/by/2.0/
85ed624f107f1391,pomegranate,Danielle Walquist  Lynch,https://www.flickr.com/people/25195310@N02/,pomegranate1,https://www.flickr.com/photos/25195310@N02/6755267933,https://creativecommons.org/licenses/by/2.0/
22da1e1e8716d8ea,pomegranate,Ano Lobb,https://www.flickr.com/people/27384147@N02/,Split pomegranate,https://www.flickr.com/photos/27384147@N02/5286530384,https://creativecommons.org/licenses/by/2.0/
6348dc533bd86985,pomegranate,Frédérique Voisin-Demery,https://www.flickr.com/people/vialbost/,Grenade ouverte,https://www.flickr.com/photos/vialbost/6461329445/,https://creativecommons.org/licenses/by/2.0/
46d05b68d47b5615,pomegranate,kellinahandbasket,https://www.flickr.com/people/kellinahandbasket/,Pa-rum-pom-pom-pom,https://www.flickr.com/photos/kellinahandbasket/2119696430,https://creativecommons.org/licenses/by/2.0/
5322cddcea150026,pomegranate,Glenn Dettwiler,https://www.flickr.com/people/swisschef/,Winter classic...,https://www.flickr.com/photos/swisschef/15852976808,https://creativecommons.org/licenses/by/2.0/
be0f073377ff1d11,pomegranate,Arthur Chapman,https://www.flickr.com/people/arthur_chapman/,Punica granatum (Pomegranate) - cultivated,https://www.flickr.com/photos/arthur_chapman/3649049082/,https://creativecommons.org/licenses/by/2.0/
a0b0cdea5a7d4611,pomegranate,Shirde,https://www.flickr.com/people/shirde/,גרגרי רימון,https://www.flickr.com/photos/shirde/1578164128,https://creativecommons.org/licenses/by/2.0/
66b07887e5bb83fc,pomegranate,Robert Couse-Baker,https://www.flickr.com/people/29233640@N07/,"so, do you have a plan?",https://www.flickr.com/photos/29233640@N07/6311256400,https://creativecommons.org/licenses/by/2.0/
654ba2d6a3382689,pomegranate,Denise Krebs,https://www.flickr.com/people/mrsdkrebs/,35/365 Pomegranate,https://www.flickr.com/photos/mrsdkrebs/12406027204,https://creativecommons.org/licenses/by/2.0/
8827ed44a6f8e5cb,pomegranate,zhelen,https://www.flickr.com/people/helenzhang/,Pomegranate Season,https://www.flickr.com/photos/helenzhang/5178874811,https://creativecommons.org/licenses/by/2.0/
4b4221888b98cb8e,pomegranate,Hussein Alazaat,https://www.flickr.com/people/alazaat/,Fresh pomegranate from our little home garden #amman #Friday,https://www.flickr.com/photos/alazaat/15429524070,https://creativecommons.org/licenses/by/2.0/
4fa1fd227104f1b9,pomegranate,Joe Goldberg,https://www.flickr.com/people/goldberg/,Pomegranates,https://www.flickr.com/photos/goldberg/4066114073,https://creativecommons.org/licenses/by/2.0/
78e1c4c1d312c0e8,pomegranate,Tony Hisgett,https://www.flickr.com/people/hisgett/,Pomegranate,https://www.flickr.com/photos/hisgett/3977642274,https://creativecommons.org/licenses/by/2.0/
4dfdacc5cc6dcb56,pomegranate,J E Theriot,https://www.flickr.com/people/jetheriot/,garden2,https://www.flickr.com/photos/jetheriot/18619950029,https://creativecommons.org/licenses/by/2.0/
393f25358b898f4f,pomegranate,Madzik,https://www.flickr.com/people/madzik/,juicy,https://www.flickr.com/photos/madzik/78937487,https://creativecommons.org/licenses/by/2.0/
3b36a27911aa8403,pomegranate,MAURO CATEB,https://www.flickr.com/people/mauroescritor/,Pomegranate,https://www.flickr.com/photos/mauroescritor/11806974886,https://creativecommons.org/licenses/by/2.0/
94e2e8a2036dd1dd,pomegranate,Guy MOLL,https://www.flickr.com/people/guymoll/,grenades,https://www.flickr.com/photos/guymoll/279034706,https://creativecommons.org/licenses/by/2.0/
c32bc58339de7210,pomegranate,Ellie,https://www.flickr.com/people/enmoto/,pom,https://www.flickr.com/photos/enmoto/3105974879,https://creativecommons.org/licenses/by/2.0/
617e59aa12b905d4,pomegranate,jar [o],https://www.flickr.com/people/jariceiii/,Pomegranate: Merry Christmas and Happy New Year Flickr Friends,https://www.flickr.com/photos/jariceiii/8303897115,https://creativecommons.org/licenses/by/2.0/
099bf27e8fc86ec3,pomegranate,Victor,https://www.flickr.com/people/v1ctor/,Reza a tradição que amanhã é dia dela !!!! Use e abuse dela sempre que possível !!! Eh um excelente anti oxidante #romã,https://www.flickr.com/photos/v1ctor/16022405878,https://creativecommons.org/licenses/by/2.0/
3e5ec24a33e87138,pomegranate,Angela Thomas,https://www.flickr.com/people/anyaka/,Persephone Build Week 2,https://www.flickr.com/photos/anyaka/3482799114,https://creativecommons.org/licenses/by/2.0/
517ae3de91f56cb3,pomegranate,Zdenko Zivkovic,https://www.flickr.com/people/zivkovic/,Red fruits,https://www.flickr.com/photos/zivkovic/6198817884,https://creativecommons.org/licenses/by/2.0/
a9a1c8dee7934470,pomegranate,Eric Rosenbaum,https://www.flickr.com/people/ericrosenbaum/,IMG_3842,https://www.flickr.com/photos/ericrosenbaum/10793937183,https://creativecommons.org/licenses/by/2.0/
952880f7b18184af,pomegranate,Charles Kremenak,https://www.flickr.com/people/charleskremenak/,Pomegranate,https://www.flickr.com/photos/charleskremenak/8093625304,https://creativecommons.org/licenses/by/2.0/
21d43751a60f45d1,pomegranate,JK Werner,https://www.flickr.com/people/jkwerner2/,P1060456,https://www.flickr.com/photos/jkwerner2/4912869821,https://creativecommons.org/licenses/by/2.0/
fffc2f36b181a4fb,pomegranate,Isaac Wedin,https://www.flickr.com/people/izik/,Pomegranates were on sale!,https://www.flickr.com/photos/izik/15515934892,https://creativecommons.org/licenses/by/2.0/
dd0d2fe049628f16,pomegranate,Ray Bouknight,https://www.flickr.com/people/raybouk/,167/365 ~ Pomegranate Seeds,https://www.flickr.com/photos/raybouk/8404752040,https://creativecommons.org/licenses/by/2.0/
7330359ed3e19944,pomegranate,Mari Smith,https://www.flickr.com/people/marismith/,Pomegranates at Casa de Mari - 10/10/10,https://www.flickr.com/photos/marismith/5069353254,https://creativecommons.org/licenses/by/2.0/
6ad4d63223232770,pomegranate,Lindsey Turner,https://www.flickr.com/people/theogeo/,pomegranate seeds,https://www.flickr.com/photos/theogeo/1762597464,https://creativecommons.org/licenses/by/2.0/
3c7da8b84a0a7ee7,pomegranate,Carlos Varela,https://www.flickr.com/people/c32/,Granada,https://www.flickr.com/photos/c32/8633271154,https://creativecommons.org/licenses/by/2.0/
9e2c880042c23545,pomegranate,Amelia Crook,https://www.flickr.com/people/simpleprovisions/,Kale and Pomegranate Salad,https://www.flickr.com/photos/simpleprovisions/10286825194,https://creativecommons.org/licenses/by/2.0/
bf0bd3cd3378b661,pomegranate,Rex Sorgatz,https://www.flickr.com/people/fimoculous/,Scary Pomegranate,https://www.flickr.com/photos/fimoculous/5093430177,https://creativecommons.org/licenses/by/2.0/
7f4f4bf627023853,pomegranate,RonAlmog,https://www.flickr.com/people/ronalmog/,&quot;שירבו זכויותינו כרימון&quot;,https://www.flickr.com/photos/ronalmog/3928836853,https://creativecommons.org/licenses/by/2.0/
5677a09b5ffb8abf,pomegranate,Samantha Forsberg,https://www.flickr.com/people/74444001@N00/,Pomegranate,https://www.flickr.com/photos/74444001@N00/15799835919,https://creativecommons.org/licenses/by/2.0/
0d6bec13c9124170,pomegranate,Elvert Barnes,https://www.flickr.com/people/perspective/,03.Pomegranate.SW.WDC.3nov05,https://www.flickr.com/photos/perspective/59400172,https://creativecommons.org/licenses/by/2.0/
38c6a3215561bb9d,pomegranate,Brian Sigler,https://www.flickr.com/people/couliseaux/,pom3,https://www.flickr.com/photos/couliseaux/10698471726,https://creativecommons.org/licenses/by/2.0/
54440cc73ea9743d,pomegranate,Matthias Forster,https://www.flickr.com/people/forsterfoto/,Granatapfel,https://www.flickr.com/photos/forsterfoto/2792841583/,https://creativecommons.org/licenses/by/2.0/
bc527c4663834398,pomegranate,nociveglia,https://www.flickr.com/people/40385177@N07/,bacche di biancospino,https://www.flickr.com/photos/40385177@N07/3955611840,https://creativecommons.org/licenses/by/2.0/
b2fef7eca1352b4a,pomegranate,Crystal,https://www.flickr.com/people/crystalflickr/,Poms,https://www.flickr.com/photos/crystalflickr/66249658,https://creativecommons.org/licenses/by/2.0/
9298a44170966950,pomegranate,Micky**,https://www.flickr.com/people/emzee/,Mmmmm.....,https://www.flickr.com/photos/emzee/280301786,https://creativecommons.org/licenses/by/2.0/
bd9f192668ac5ec7,pomegranate,jaci  XIII,https://www.flickr.com/people/turatti/,Pomegranate,https://www.flickr.com/photos/turatti/14403055343,https://creativecommons.org/licenses/by/2.0/
275fe2b9fd087478,pomegranate,medea_material,https://www.flickr.com/people/medea_material/,granada,https://www.flickr.com/photos/medea_material/4167738149,https://creativecommons.org/licenses/by/2.0/
97ccfad680427a69,pomegranate,mrpbps,https://www.flickr.com/people/mrpbps/,Inside the pomegranate,https://www.flickr.com/photos/mrpbps/4477737084,https://creativecommons.org/licenses/by/2.0/
9f844386435dcaa3,pomegranate,WILLIAM ISMAEL,https://www.flickr.com/people/williamismael/,#pomegranate #fruit #nutrition #health,https://www.flickr.com/photos/williamismael/8271908354,https://creativecommons.org/licenses/by/2.0/
b1c167d76c5d6e15,pomegranate,Bio Blitz,https://www.flickr.com/people/bioblitzbristol/,Berries at Brandon Hill,https://www.flickr.com/photos/bioblitzbristol/8679549507,https://creativecommons.org/licenses/by/2.0/
af7e52737120aacc,papaya,Zorka Ostojic Espinoza,https://www.flickr.com/people/otravezmehicemujer/,Papayas,https://www.flickr.com/photos/otravezmehicemujer/1845989517,https://creativecommons.org/licenses/by/2.0/
115a7b4de2535bd0,papaya,Michael Coté,https://www.flickr.com/people/cote/,Papaya.,https://www.flickr.com/photos/cote/9647375635,https://creativecommons.org/licenses/by/2.0/
bf9db464de873a96,papaya,gmourits,https://www.flickr.com/people/11066072@N06/,SAM_1115,https://www.flickr.com/photos/11066072@N06/15358784672,https://creativecommons.org/licenses/by/2.0/
29e53ebc9cce0b30,papaya,Rick McCharles,https://www.flickr.com/people/rickmccharles/,"trekking Choquiquerau, Peru",https://www.flickr.com/photos/rickmccharles/3280086094,https://creativecommons.org/licenses/by/2.0/
b595cd008abd46ca,papaya,jar [o],https://www.flickr.com/people/jariceiii/,Papaya,https://www.flickr.com/photos/jariceiii/5782663238,https://creativecommons.org/licenses/by/2.0/
344c38996258d6c5,papaya,SuSanA Secretariat,https://www.flickr.com/people/gtzecosan/,Growth of Pawpaw on Arborloo pit,https://www.flickr.com/photos/gtzecosan/5567538152,https://creativecommons.org/licenses/by/2.0/
7dd91ec899c11987,papaya,Matthew Levine,https://www.flickr.com/people/matthewlevine/,Best Papaya Ever,https://www.flickr.com/photos/matthewlevine/370751205,https://creativecommons.org/licenses/by/2.0/
325adb63fe31040b,papaya,Joao Vicente,https://www.flickr.com/people/jvc/,PGR quatro,https://www.flickr.com/photos/jvc/85197526,https://creativecommons.org/licenses/by/2.0/
6a31b50e248ad2ec,papaya,Eran Finkle,https://www.flickr.com/people/finklez/,Carica papaya - פפאיה,https://www.flickr.com/photos/finklez/3059987842,https://creativecommons.org/licenses/by/2.0/
0d4c81efa7bd18a1,papaya,TNS Sofres,https://www.flickr.com/people/124561666@N02/,Melon,https://www.flickr.com/photos/124561666@N02/14211276648,https://creativecommons.org/licenses/by/2.0/
4e23acb4d78901ee,papaya,Emilian Robert Vicol,https://www.flickr.com/people/free-stock/,Papaya-Slices_53293-480x360,https://www.flickr.com/photos/free-stock/4791934404,https://creativecommons.org/licenses/by/2.0/
bec6ab2352d16692,papaya,Jam A,https://www.flickr.com/people/jamkablam/,Greenery in the Province,https://www.flickr.com/photos/jamkablam/15013818428,https://creativecommons.org/licenses/by/2.0/
33712a24a7a4bd4d,papaya,Rebecca Dongallo,https://www.flickr.com/people/rebdon/,Green Papaya,https://www.flickr.com/photos/rebdon/8638219299,https://creativecommons.org/licenses/by/2.0/
39af2c3b73fcfc3e,papaya,hellis813,https://www.flickr.com/people/91574761@N00/,000_0012,https://www.flickr.com/photos/91574761@N00/212484924,https://creativecommons.org/licenses/by/2.0/
990200aede24e77f,papaya,DeepBluC,https://www.flickr.com/people/deepsphotos/,IMG_0815,https://www.flickr.com/photos/deepsphotos/4447570256,https://creativecommons.org/licenses/by/2.0/
c0c47f0d230d596b,papaya,Ken,https://www.flickr.com/people/bravesirrobin/,Papaya,https://www.flickr.com/photos/bravesirrobin/623101337,https://creativecommons.org/licenses/by/2.0/
5b327ba875dbaf2f,papaya,nevil zaveri,https://www.flickr.com/people/nevilzaveri/,"papaya tree, navsari",https://www.flickr.com/photos/nevilzaveri/524364855,https://creativecommons.org/licenses/by/2.0/
8bec643c10a667f6,papaya,C.E.I.P. Sambori,https://www.flickr.com/people/45579842@N07/,PAPAYA,https://www.flickr.com/photos/45579842@N07/4187619942,https://creativecommons.org/licenses/by/2.0/
e6f1e6ff7304d196,papaya,khym54,https://www.flickr.com/people/khym54/,The Incredible Freedom Gardens,https://www.flickr.com/photos/khym54/146461202,https://creativecommons.org/licenses/by/2.0/
b02c1c83f2705006,papaya,Rob Bertholf,https://www.flickr.com/people/robbertholf/,Papaya,https://www.flickr.com/photos/robbertholf/15044934377,https://creativecommons.org/licenses/by/2.0/
c776845a26be8277,papaya,GilbertoFilho .,https://www.flickr.com/people/gilbertofilho/,IMG_5135,https://www.flickr.com/photos/gilbertofilho/9483659264,https://creativecommons.org/licenses/by/2.0/
29c4debcd72f6c93,papaya,rovingI,https://www.flickr.com/people/rovingi/,Papaya,https://www.flickr.com/photos/rovingi/597164033,https://creativecommons.org/licenses/by/2.0/
380b53cbfe15a917,papaya,Kamoteus (A New Beginning),https://www.flickr.com/people/kamoteus/,Papaya,https://www.flickr.com/photos/kamoteus/2213844774,https://creativecommons.org/licenses/by/2.0/
37df6b411ee48e68,papaya,Brian Chow,https://www.flickr.com/people/free-stuff/,"Rural Residential Area in Ipoh, Malaysia",https://www.flickr.com/photos/free-stuff/156744700,https://creativecommons.org/licenses/by/2.0/
f0e5fb878d6b294a,papaya,Tristan Schmurr,https://www.flickr.com/people/kewl/,Mangoes,https://www.flickr.com/photos/kewl/5315845613,https://creativecommons.org/licenses/by/2.0/
f5cc06b4ebda5764,papaya,Joy,https://www.flickr.com/people/joyosity/,Making papaya milk,https://www.flickr.com/photos/joyosity/14473090481/,https://creativecommons.org/licenses/by/2.0/
982d11fef915936e,papaya,Willstephe Vaho,https://www.flickr.com/people/willstephe/,la splendeur des papayers,https://www.flickr.com/photos/willstephe/4541427858,https://creativecommons.org/licenses/by/2.0/
d4bad46d55a0f25c,papaya,U.S. Department of Agriculture,https://www.flickr.com/people/usdagov/,k10916-2,https://www.flickr.com/photos/usdagov/8454754323,https://creativecommons.org/licenses/by/2.0/
2126b32c46036989,papaya,Roberto Verzo,https://www.flickr.com/people/verzo/,Papaya,https://www.flickr.com/photos/verzo/9266905178,https://creativecommons.org/licenses/by/2.0/
4e40b04d2ec837c9,papaya,mcdlttx,https://www.flickr.com/people/mcdlttx/,P3150010,https://www.flickr.com/photos/mcdlttx/2411728527,https://creativecommons.org/licenses/by/2.0/
f32de0bf1a95b9e4,papaya,阿坤 Wang kun hung,https://www.flickr.com/people/kun-1119/,023,https://www.flickr.com/photos/kun-1119/5189277748/,https://creativecommons.org/licenses/by/2.0/
2bce8a6288246c59,papaya,Kevin,https://www.flickr.com/people/marionenkevin/,big mamma's,https://www.flickr.com/photos/marionenkevin/220156572,https://creativecommons.org/licenses/by/2.0/
7e7b18b73a6f3b20,papaya,Kai Chan Vong,https://www.flickr.com/people/kaichanvong/,Papayas,https://www.flickr.com/photos/kaichanvong/7533852626,https://creativecommons.org/licenses/by/2.0/
b281fa0fc7a02332,papaya,Laughlin Elkind,https://www.flickr.com/people/wurzle/,Papayas,https://www.flickr.com/photos/wurzle/362419587,https://creativecommons.org/licenses/by/2.0/
ed716530f49be8d3,papaya,Janine,https://www.flickr.com/people/geishabot/,papaya,https://www.flickr.com/photos/geishabot/3450345363,https://creativecommons.org/licenses/by/2.0/
58ea936fa32cbe38,avocado,olle svensson,https://www.flickr.com/people/ollesvensson/,avocado,https://www.flickr.com/photos/ollesvensson/3114503026,https://creativecommons.org/licenses/by/2.0/
376b8392407e4490,avocado,walknboston,https://www.flickr.com/people/walkn/,Avocado!,https://www.flickr.com/photos/walkn/848188600,https://creativecommons.org/licenses/by/2.0/
c232e0bad07cc54a,avocado,Jamiecat *,https://www.flickr.com/people/jamiecat/,Cornouiller Sauvage,https://www.flickr.com/photos/jamiecat/14394734098,https://creativecommons.org/licenses/by/2.0/
8675e31c3b3d94b9,avocado,HarmonyRae,https://www.flickr.com/people/harmonyraelingen/,Avocado 4,https://www.flickr.com/photos/harmonyraelingen/3665955599,https://creativecommons.org/licenses/by/2.0/
80395b3094848961,apricot,Whitney,https://www.flickr.com/people/whitneyinchicago/,7.12.09 Market,https://www.flickr.com/photos/whitneyinchicago/3817395429,https://creativecommons.org/licenses/by/2.0/
2ab51a6962b816f8,apricot,Mike Seyfang,https://www.flickr.com/people/mikeblogs/,b_010DSC_8121,https://www.flickr.com/photos/mikeblogs/5368338448/,https://creativecommons.org/licenses/by/2.0/
96ee5073d0a50970,apricot,José Luis Sánchez Mesa,https://www.flickr.com/people/maese/,"¡¡ Hummm...., qué ricos. !!",https://www.flickr.com/photos/maese/693070452,https://creativecommons.org/licenses/by/2.0/
04ec94cc7290e841,apricot,Jitze Couperus,https://www.flickr.com/people/jitze1942/,Great Big Apricots,https://www.flickr.com/photos/jitze1942/8851263020,https://creativecommons.org/licenses/by/2.0/
5e546ddb3ec55b03,cantaloupe,FolsomNatural,https://www.flickr.com/people/87249144@N08/,ODCwrinkled5,https://www.flickr.com/photos/87249144@N08/14349782587,https://creativecommons.org/licenses/by/2.0/
ac0ba0471abf9ed0,cantaloupe,Jennifer,https://www.flickr.com/people/23126594@N00/,20070623 cantelope,https://www.flickr.com/photos/23126594@N00/606123977,https://creativecommons.org/licenses/by/2.0/
0240eded05d4bf53,cantaloupe,marysalome,https://www.flickr.com/people/marysalome/,Melons,https://www.flickr.com/photos/marysalome/3827478815,https://creativecommons.org/licenses/by/2.0/
b8ceb9cc7a7080a3,cantaloupe,kinwart,https://www.flickr.com/people/lindatrawnik/,melons,https://www.flickr.com/photos/lindatrawnik/4957657525,https://creativecommons.org/licenses/by/2.0/
b8c2b00596eb1de1,cantaloupe,Lilo Bambú,https://www.flickr.com/people/chicabambu/,La mejor silla,https://www.flickr.com/photos/chicabambu/4519248084,https://creativecommons.org/licenses/by/2.0/
8d410f163435580c,cantaloupe,Reynosa Blogs,https://www.flickr.com/people/bloggers/,Melon CHino,https://www.flickr.com/photos/bloggers/2619500957,https://creativecommons.org/licenses/by/2.0/
0ed60fca17d09c95,cantaloupe,John Loo,https://www.flickr.com/people/johnloo/,Crane Melon,https://www.flickr.com/photos/johnloo/3768170956,https://creativecommons.org/licenses/by/2.0/
9e84b9de23380e02,cantaloupe,Richard North,https://www.flickr.com/people/richardnorth/,Cantaloupe melon cut in half,https://www.flickr.com/photos/richardnorth/7704588078,https://creativecommons.org/licenses/by/2.0/
63893c07b7fd0605,cantaloupe,Rob Bertholf,https://www.flickr.com/people/robbertholf/,Juicing,https://www.flickr.com/photos/robbertholf/13902179715,https://creativecommons.org/licenses/by/2.0/
ce0c8232b6cf2f79,cantaloupe,aotaro,https://www.flickr.com/people/aotaro/,"(HMM) Scary looking man, taken for Macro Mondays' theme for 20 July 2015 - &quot;Pareidolia&quot;",https://www.flickr.com/photos/aotaro/19670128099,https://creativecommons.org/licenses/by/2.0/
6cce7b9c40cd0c74,cantaloupe,Jennifer,https://www.flickr.com/people/23126594@N00/,20070714 cantelope,https://www.flickr.com/photos/23126594@N00/808866748,https://creativecommons.org/licenses/by/2.0/
b65ea57446a2b43f,cantaloupe,yoppy,https://www.flickr.com/people/spilt-milk/,ファーム富田のメロン,https://www.flickr.com/photos/spilt-milk/964681042,https://creativecommons.org/licenses/by/2.0/
cd06c5ced09f8dfd,cantaloupe,Jessica Fiess-Hill,https://www.flickr.com/people/gesika22/,Untitled,https://www.flickr.com/photos/gesika22/6177041324,https://creativecommons.org/licenses/by/2.0/
a1d8f89311608d1a,cantaloupe,News21 - National,https://www.flickr.com/people/news21/,Cantaloupe: Problem Fruit,https://www.flickr.com/photos/news21/6110845624,https://creativecommons.org/licenses/by/2.0/
3fa0d1d075089691,cantaloupe,the sea the sea,https://www.flickr.com/people/through-this-window/,mellow fruitfullness #2,https://www.flickr.com/photos/through-this-window/1593415116,https://creativecommons.org/licenses/by/2.0/
9f7d849725bb4595,cantaloupe,Rachel Paxton,https://www.flickr.com/people/homemaking/,Canteloupe,https://www.flickr.com/photos/homemaking/10789108995,https://creativecommons.org/licenses/by/2.0/
d2f9658eacb7f6ed,cantaloupe,cbertel,https://www.flickr.com/people/cbertel/,Cantaloup,https://www.flickr.com/photos/cbertel/2865405233,https://creativecommons.org/licenses/by/2.0/
e0eaab50bce6ec6a,cantaloupe,Lisa Zins,https://www.flickr.com/people/lisazins/,Cantaloupe,https://www.flickr.com/photos/lisazins/19510048840,https://creativecommons.org/licenses/by/2.0/
9cdfc575cbf133c4,cantaloupe,Kanko*,https://www.flickr.com/people/kankan/,melon / 夕張メロン,https://www.flickr.com/photos/kankan/24336856,https://creativecommons.org/licenses/by/2.0/
c43e394ee7ee2ae9,cantaloupe,Fruitnet.com,https://www.flickr.com/people/fruitnet/,IMG_3991,https://www.flickr.com/photos/fruitnet/4409166872,https://creativecommons.org/licenses/by/2.0/
9c03ff9fc808cd97,cantaloupe,Gary Stevens,https://www.flickr.com/people/garysoup/,Caged durians,https://www.flickr.com/photos/garysoup/1155816120,https://creativecommons.org/licenses/by/2.0/
bf0bf1aed784ecf2,cantaloupe,Cristian Bortes,https://www.flickr.com/people/bortescristian/,Piatra Fantanele - Pasul Tihuta,https://www.flickr.com/photos/bortescristian/4700819912,https://creativecommons.org/licenses/by/2.0/
6280218c3acff468,cantaloupe,alisdair,https://www.flickr.com/people/alisdair/,Cantaloupe,https://www.flickr.com/photos/alisdair/240813175,https://creativecommons.org/licenses/by/2.0/
0aebb420d22f3e6e,cantaloupe,Richard North,https://www.flickr.com/people/richardnorth/,Galia melon in half,https://www.flickr.com/photos/richardnorth/7704639422,https://creativecommons.org/licenses/by/2.0/
293f68f057a20d7c,cantaloupe,David Blaine,https://www.flickr.com/people/39718079@N00/,Untitled,https://www.flickr.com/photos/39718079@N00/15734253412,https://creativecommons.org/licenses/by/2.0/
04a31b78935ed5a8,cantaloupe,Adam S,https://www.flickr.com/people/firsttubedotcom/,Orange Honeydew,https://www.flickr.com/photos/firsttubedotcom/3157755823,https://creativecommons.org/licenses/by/2.0/
6d1dbe79addf6565,guava,Baggor XIV,https://www.flickr.com/people/96850579@N03/,Jambu Kluthuk,https://www.flickr.com/photos/96850579@N03/10883999335,https://creativecommons.org/licenses/by/2.0/
4fbe4044065cd6af,guava,Beyond Forgetting,https://www.flickr.com/people/bren/,Guavas,https://www.flickr.com/photos/bren/46458539,https://creativecommons.org/licenses/by/2.0/
f759ed668ba42915,lychee,cremona daniel,https://www.flickr.com/people/erbajolo/,Bonne fête,https://www.flickr.com/photos/erbajolo/8287989466,https://creativecommons.org/licenses/by/2.0/
e96c879ef7c587f0,cucumber,Media Mike Hazard,https://www.flickr.com/people/88709139@N08/,IMG_0253 Bitter melon HAFA FARM,https://www.flickr.com/photos/88709139@N08/15437287716,https://creativecommons.org/licenses/by/2.0/
949772a1c2e7d656,cucumber,Hafiz Issadeen,https://www.flickr.com/people/yimhafiz/,cucumber,https://www.flickr.com/photos/yimhafiz/3880612281,https://creativecommons.org/licenses/by/2.0/
dbad7310c9e1a3bc,cucumber,Ingrid Taylar,https://www.flickr.com/people/taylar/,Layers of Gherkin,https://www.flickr.com/photos/taylar/3751745916,https://creativecommons.org/licenses/by/2.0/
7b9e6318ebffa6b1,cucumber,kristin klein,https://www.flickr.com/people/kkleinrn/,$1 - it's avocado season in #honduras  - time for guacamole once again!,https://www.flickr.com/photos/kkleinrn/14713067466,https://creativecommons.org/licenses/by/2.0/
32129227bd6a8817,cucumber,Annie Mole,https://www.flickr.com/people/anniemole/,Cucumbers and Peppers - Kew Horticultural Society Summer Show,https://www.flickr.com/photos/anniemole/2792318110,https://creativecommons.org/licenses/by/2.0/
0821bf4e79c52159,cucumber,Dano,https://www.flickr.com/people/mukluk/,Yawning Zucchini,https://www.flickr.com/photos/mukluk/203347184,https://creativecommons.org/licenses/by/2.0/
004a9ec75eca5910,cucumber,kinwart,https://www.flickr.com/people/lindatrawnik/,Cukes in the bucket,https://www.flickr.com/photos/lindatrawnik/4740682415,https://creativecommons.org/licenses/by/2.0/
8618d12bef849fce,cucumber,Robert Couse-Baker,https://www.flickr.com/people/29233640@N07/,concombres,https://www.flickr.com/photos/29233640@N07/9169840427,https://creativecommons.org/licenses/by/2.0/
ab9ab97e00b0a854,cucumber,Laura,https://www.flickr.com/people/tigergirl/,Mom's Garden,https://www.flickr.com/photos/tigergirl/5972598392,https://creativecommons.org/licenses/by/2.0/
63801ea9e6ff6f48,cucumber,viZZZual.com,https://www.flickr.com/people/vizzzual-dot-com/,cucumber,https://www.flickr.com/photos/vizzzual-dot-com/2738586453,https://creativecommons.org/licenses/by/2.0/
617d55931556e852,cucumber,John Athayde,https://www.flickr.com/people/boboroshi/,Cucumbers coming out of the garden,https://www.flickr.com/photos/boboroshi/19990744261,https://creativecommons.org/licenses/by/2.0/
43b9b8a3dc8602cf,cucumber,OakleyOriginals,https://www.flickr.com/people/oakleyoriginals/,Cucumbermelon,https://www.flickr.com/photos/oakleyoriginals/3806793536,https://creativecommons.org/licenses/by/2.0/
ef0ed47b702fbc67,cucumber,hickory hardscrabble,https://www.flickr.com/people/hickoryhardscrabble/,dill pickles 2,https://www.flickr.com/photos/hickoryhardscrabble/4901927398,https://creativecommons.org/licenses/by/2.0/
5c7267419287a3ab,cucumber,cheeseslave,https://www.flickr.com/people/ammichaels/,Freeze Bulk Batches of Fermented Veggies,https://www.flickr.com/photos/ammichaels/9423821203,https://creativecommons.org/licenses/by/2.0/
b67dc2f4e8c4c98f,cucumber,Stacy Spensley,https://www.flickr.com/people/notahipster/,julienne cucumbers,https://www.flickr.com/photos/notahipster/4670390442,https://creativecommons.org/licenses/by/2.0/
cf0818cf815c3c55,cucumber,thebittenword.com,https://www.flickr.com/people/galant/,Clagett Farm CSA 2008 Week 9,https://www.flickr.com/photos/galant/2785836801,https://creativecommons.org/licenses/by/2.0/
38f1ac96136d1d03,cucumber,Andrew Malone,https://www.flickr.com/people/andrewmalone/,Cucumber sticks,https://www.flickr.com/photos/andrewmalone/2254395847,https://creativecommons.org/licenses/by/2.0/
6356bc42135eaeb5,cucumber,rayb777,https://www.flickr.com/people/rayb777/,little pickle  #365,https://www.flickr.com/photos/rayb777/19274646452,https://creativecommons.org/licenses/by/2.0/
42e1353e4b252052,cucumber,Growinnc,https://www.flickr.com/people/lindseyreynoldsbridges/,Homemade pickles!  Ready for a BBQ!!  #homemade#growyourownfood#today,https://www.flickr.com/photos/lindseyreynoldsbridges/7444140164,https://creativecommons.org/licenses/by/2.0/
38fa96d6dba44cfa,cucumber,Farther Along,https://www.flickr.com/people/jcbrandon/,L's lunches for the week... #saladinajar,https://www.flickr.com/photos/jcbrandon/15126261207,https://creativecommons.org/licenses/by/2.0/
df7e8f367fb9738a,cucumber,Barbara L. Hanson,https://www.flickr.com/people/baha1210/,"Pimm's Cup, Knickerbocker Bar and Grill",https://www.flickr.com/photos/baha1210/266228319,https://creativecommons.org/licenses/by/2.0/
6f611c215f228129,cucumber,Emily C,https://www.flickr.com/people/603to212/,"Twist on a Twist cocktail, Cana Rum Bar, L.A.",https://www.flickr.com/photos/603to212/5564922741,https://creativecommons.org/licenses/by/2.0/
291de70257da0065,cucumber,Jarrett Campbell,https://www.flickr.com/people/wjarrettc/,IMG_2273,https://www.flickr.com/photos/wjarrettc/15876457828,https://creativecommons.org/licenses/by/2.0/
55e589d2e484e9b1,cucumber,Paul A. Hernandez,https://www.flickr.com/people/paul_a_hernandez/,cucumber,https://www.flickr.com/photos/paul_a_hernandez/2634975455,https://creativecommons.org/licenses/by/2.0/
21a5a08af1cd8a2d,cucumber,Jay Phagan,https://www.flickr.com/people/jayphagan/,Vegetables,https://www.flickr.com/photos/jayphagan/6508274577,https://creativecommons.org/licenses/by/2.0/
28ba1a3819fc7149,cucumber,Robert Judge,https://www.flickr.com/people/bobjudge/,pickles,https://www.flickr.com/photos/bobjudge/2200427208,https://creativecommons.org/licenses/by/2.0/
21c4ea545cc662f1,cucumber,Gerben Jacobs,https://www.flickr.com/people/theonewithout/,Homegrown deliciousness!,https://www.flickr.com/photos/theonewithout/9231578384,https://creativecommons.org/licenses/by/2.0/
2a2ec5a3f171d9fc,cucumber,kellinahandbasket,https://www.flickr.com/people/kellinahandbasket/,Kiwano Slop Detail,https://www.flickr.com/photos/kellinahandbasket/2105522135,https://creativecommons.org/licenses/by/2.0/
560589ed32b135a4,cucumber,Debkumar Bhadra,https://www.flickr.com/people/debkumarbhadra/,Bilimbi_4,https://www.flickr.com/photos/debkumarbhadra/9238349932,https://creativecommons.org/licenses/by/2.0/
a633844ae3f4db09,cucumber,trenttsd,https://www.flickr.com/people/84335369@N00/,Pickle jar,https://www.flickr.com/photos/84335369@N00/5030195280,https://creativecommons.org/licenses/by/2.0/
68feb83ad84c7c4d,cucumber,Chad,https://www.flickr.com/people/iamchadhearmesnore/,pickle/science experiment,https://www.flickr.com/photos/iamchadhearmesnore/20685622293,https://creativecommons.org/licenses/by/2.0/
5e2fb60a867187c0,cucumber,Jason Riedy,https://www.flickr.com/people/jason-riedy/,Zucchini bread and butter pickles,https://www.flickr.com/photos/jason-riedy/2610455008,https://creativecommons.org/licenses/by/2.0/
447b1a9c78dd6e8b,cucumber,Stacy Spensley,https://www.flickr.com/people/notahipster/,homemade pickles,https://www.flickr.com/photos/notahipster/4749930875,https://creativecommons.org/licenses/by/2.0/
94a6a1a3345697f5,cucumber,Michael Derr,https://www.flickr.com/people/ewige/,Untitled,https://www.flickr.com/photos/ewige/4825181886,https://creativecommons.org/licenses/by/2.0/
dbcd76aba12878d5,cucumber,Rachel Kramer Bussel,https://www.flickr.com/people/rachelkramerbusseldotcom/,McClure's Pickles,https://www.flickr.com/photos/rachelkramerbusseldotcom/3600779809,https://creativecommons.org/licenses/by/2.0/
570a9fe7fbd97048,cucumber,Nina Nelson,https://www.flickr.com/people/shalommama/,2012-09-17 16.34.07,https://www.flickr.com/photos/shalommama/8300712463,https://creativecommons.org/licenses/by/2.0/
2f79f33e5445bb65,cucumber,Ippei Suzuki,https://www.flickr.com/people/is_kyoto_jp/,先輩の結婚式二次会でいただいたキュウリと万願寺唐辛子。美味しそう！,https://www.flickr.com/photos/is_kyoto_jp/19429106852,https://creativecommons.org/licenses/by/2.0/
d205771fed2a4baa,cucumber,PhotoGraphus,https://www.flickr.com/people/photographus/,After an awful traffic day... Nothing like a &quot;Pimms Cup&quot; from #LarkCreek with @ocfoodies @lauren_modry,https://www.flickr.com/photos/photographus/9674469515,https://creativecommons.org/licenses/by/2.0/
7165a3fc38272a39,cucumber,Rebecca Siegel,https://www.flickr.com/people/grongar/,Bread & Butter,https://www.flickr.com/photos/grongar/9616034368,https://creativecommons.org/licenses/by/2.0/
c5538eaa3320850f,cucumber,California  Avocados,https://www.flickr.com/people/californiaavocados/,California Avocado Aperitif,https://www.flickr.com/photos/californiaavocados/7404715454,https://creativecommons.org/licenses/by/2.0/
b0ae8a766b4ef7ed,cucumber,Derek Gavey,https://www.flickr.com/people/derekgavey/,Cucumber Shine,https://www.flickr.com/photos/derekgavey/4242554303,https://creativecommons.org/licenses/by/2.0/
2965b9e3e47b55a0,pumpkin,shuttermonkey,https://www.flickr.com/people/shuttermonkey/,Stock Pumpkin on white background #2,https://www.flickr.com/photos/shuttermonkey/4039958977,https://creativecommons.org/licenses/by/2.0/
a5faa97e5e82262d,pumpkin,peapodsquadmom,https://www.flickr.com/people/peapodsquadmom/,pumpkin friends,https://www.flickr.com/photos/peapodsquadmom/4062204381,https://creativecommons.org/licenses/by/2.0/
7b576f6b96186be3,pumpkin,Ambrose Little,https://www.flickr.com/people/ambroselittle/,Clan Little Punkins,https://www.flickr.com/photos/ambroselittle/2993387368,https://creativecommons.org/licenses/by/2.0/
059108da497d5b23,pumpkin,Newtown grafitti,https://www.flickr.com/people/newtown_grafitti/,Polystyrene pumpkin,https://www.flickr.com/photos/newtown_grafitti/6294619522,https://creativecommons.org/licenses/by/2.0/
47efca82ee7fd54a,pumpkin,yawner condor,https://www.flickr.com/people/88199771@N05/,Roca Berry Farm,https://www.flickr.com/photos/88199771@N05/8068888134,https://creativecommons.org/licenses/by/2.0/
f5c9b2f5fdedc2cb,pumpkin,F Delventhal,https://www.flickr.com/people/krossbow/,Clagett Farm Share Week 12,https://www.flickr.com/photos/krossbow/4882371688,https://creativecommons.org/licenses/by/2.0/
703db4ca9467a900,pumpkin,brad lindert,https://www.flickr.com/people/bradlindert/,IMG_0165,https://www.flickr.com/photos/bradlindert/3269730214,https://creativecommons.org/licenses/by/2.0/
3d19ccb9d6716a4e,pumpkin,Upsilon Andromedae,https://www.flickr.com/people/upsand/,The joy of carving,https://www.flickr.com/photos/upsand/15050889493,https://creativecommons.org/licenses/by/2.0/
d194863915db078d,pumpkin,C. Fountainstand,https://www.flickr.com/people/9296771@N06/,20131031 18.49.27,https://www.flickr.com/photos/9296771@N06/10602459476,https://creativecommons.org/licenses/by/2.0/
055340c50841e031,pumpkin,Carl Wycoff,https://www.flickr.com/people/carlwwycoff/,Halloween 2014,https://www.flickr.com/photos/carlwwycoff/15493608740/,https://creativecommons.org/licenses/by/2.0/
f48f3ad5404b12a5,pumpkin,Mike Steinhoff,https://www.flickr.com/people/-aismist/,All Smiles,https://www.flickr.com/photos/-aismist/15148958444,https://creativecommons.org/licenses/by/2.0/
81d0bcdf8b7919cd,pumpkin,OutlierForLife,https://www.flickr.com/people/devlin85/,IMG_2536 (2),https://www.flickr.com/photos/devlin85/15566981905,https://creativecommons.org/licenses/by/2.0/
08270efc890d8968,pumpkin,Michael Neel,https://www.flickr.com/people/scoregasm/,Painted Pumpkin,https://www.flickr.com/photos/scoregasm/5133520531/,https://creativecommons.org/licenses/by/2.0/
c638bb6648f118cd,pumpkin,Joanne,https://www.flickr.com/people/cuyahogajco/,10/31/2014: Happy Halloween!,https://www.flickr.com/photos/cuyahogajco/15690053385,https://creativecommons.org/licenses/by/2.0/
4c2133bd1f1d7b47,pumpkin,Alexander Plushev,https://www.flickr.com/people/plushev/,oct006 014,https://www.flickr.com/photos/plushev/57530694/,https://creativecommons.org/licenses/by/2.0/
99b8011ffede3f83,pumpkin,Mark Doliner,https://www.flickr.com/people/markdoliner/,Halloween,https://www.flickr.com/photos/markdoliner/6825414565,https://creativecommons.org/licenses/by/2.0/
837d88520305c686,pumpkin,daily sunny,https://www.flickr.com/people/53558245@N02/,Twins in the pumpkin,https://www.flickr.com/photos/53558245@N02/4978405227,https://creativecommons.org/licenses/by/2.0/
1bea26c3c656a0aa,pumpkin,ShellVacationsHospitality,https://www.flickr.com/people/28685147@N04/,The Carriage Pumpkin for tiny Cinderalla.,https://www.flickr.com/photos/28685147@N04/5120971844,https://creativecommons.org/licenses/by/2.0/
30376950ed921d29,pumpkin,Sean Ellis,https://www.flickr.com/people/s_w_ellis/,Pac Man Pumpkin,https://www.flickr.com/photos/s_w_ellis/2680697218,https://creativecommons.org/licenses/by/2.0/
ce8b83720050666f,pumpkin,Nico Nelson,https://www.flickr.com/people/niconelson/,170909 Mister Pumpkinhead,https://www.flickr.com/photos/niconelson/3927952117,https://creativecommons.org/licenses/by/2.0/
d9aa77222f9832b9,pumpkin,Nick Saltmarsh,https://www.flickr.com/people/nsalt/,Suffolk squash,https://www.flickr.com/photos/nsalt/3030840507,https://creativecommons.org/licenses/by/2.0/
414abf4caa4448da,pumpkin,Grand Valley Fraternity and Sorority Life,https://www.flickr.com/people/gvgreeks/,11145_160306174805_500344805_2612094_246093_n,https://www.flickr.com/photos/gvgreeks/4050232355,https://creativecommons.org/licenses/by/2.0/
3347db81246e7dfc,pumpkin,Marcin Polak,https://www.flickr.com/people/futuredu/,dyniowe plony,https://www.flickr.com/photos/futuredu/15507670835,https://creativecommons.org/licenses/by/2.0/
48f9b0ff0b4734b2,pumpkin,tuchodi,https://www.flickr.com/people/tuchodi/,Boo,https://www.flickr.com/photos/tuchodi/8143288916,https://creativecommons.org/licenses/by/2.0/
c0b534fb33cd84fb,pumpkin,A M,https://www.flickr.com/people/anonymousmxpt/,578451_478982742123724_2003145978_n,https://www.flickr.com/photos/anonymousmxpt/8261210614,https://creativecommons.org/licenses/by/2.0/
8dc34209dd8832bb,pumpkin,Addison H.,https://www.flickr.com/people/27281767@N03/,Caps Pumpkin,https://www.flickr.com/photos/27281767@N03/4048844722,https://creativecommons.org/licenses/by/2.0/
47b5d5ac38d3c714,pumpkin,sunshinecity,https://www.flickr.com/people/sunshinecity/,Hallo....,https://www.flickr.com/photos/sunshinecity/1809052647,https://creativecommons.org/licenses/by/2.0/
b7a3f65d69349192,pumpkin,Bill Bradford,https://www.flickr.com/people/mrbill/,Pumpkin 2K5,https://www.flickr.com/photos/mrbill/57413920/,https://creativecommons.org/licenses/by/2.0/
00045d609ca3f4eb,pumpkin,Daniel X. O&#x27;Neil,https://www.flickr.com/people/juggernautco/,Caleb Carving Pumpkin,https://www.flickr.com/photos/juggernautco/10651532013,https://creativecommons.org/licenses/by/2.0/
e0f51d465d6562ff,pumpkin,Pamela Carls,https://www.flickr.com/people/irisdragon/,Ardenwood 021,https://www.flickr.com/photos/irisdragon/1767360198,https://creativecommons.org/licenses/by/2.0/
87aedb7db89aa2c4,pumpkin,glenngould,https://www.flickr.com/people/for_tea_too/,The always frightening Tweety-Bird pumpkin,https://www.flickr.com/photos/for_tea_too/2286785327,https://creativecommons.org/licenses/by/2.0/
3e73afaaaca25592,pumpkin,Alex C,https://www.flickr.com/people/alexchoi/,CIMG1048.JPG,https://www.flickr.com/photos/alexchoi/280459619,https://creativecommons.org/licenses/by/2.0/
1a0759d1daa54a9c,pumpkin,一元 马,https://www.flickr.com/people/pictruer/,高清风景壁纸汇总[第1期],https://www.flickr.com/photos/pictruer/5640107946,https://creativecommons.org/licenses/by/2.0/
9693be9758a26738,pumpkin,Allagash Brewing,https://www.flickr.com/people/allagashbrewing/,Ghoulship 2014 -1-19,https://www.flickr.com/photos/allagashbrewing/15674440875,https://creativecommons.org/licenses/by/2.0/
7484d5cde05af62d,pumpkin,Virginia State Parks,https://www.flickr.com/people/vastateparksstaff/,Fall Fest 2013,https://www.flickr.com/photos/vastateparksstaff/10600300563,https://creativecommons.org/licenses/by/2.0/
ecaf5199f3f171b6,pumpkin,F Delventhal,https://www.flickr.com/people/krossbow/,Clagett Farm July 21 2012,https://www.flickr.com/photos/krossbow/7617275562,https://creativecommons.org/licenses/by/2.0/
0040b9648db8bee2,pumpkin,Kurt Nordstrom,https://www.flickr.com/people/afroswede/,An Ugly Pumpkin,https://www.flickr.com/photos/afroswede/1125038,https://creativecommons.org/licenses/by/2.0/
02a54f6864478101,pumpkin,j9sk9s,https://www.flickr.com/people/j9sk9s/,Pumpkins with fall leaves,https://www.flickr.com/photos/j9sk9s/3036274966,https://creativecommons.org/licenses/by/2.0/
9cd9c4ef10e822c5,pumpkin,Paul Pehrson,https://www.flickr.com/people/docguy/,Halloween Pumkin,https://www.flickr.com/photos/docguy/7116437063,https://creativecommons.org/licenses/by/2.0/
b1d5e2eca97905d6,pumpkin,IsaacMao,https://www.flickr.com/people/isaacmao/,"Face me, please",https://www.flickr.com/photos/isaacmao/2998450047,https://creativecommons.org/licenses/by/2.0/
b5bb7337768f7797,pumpkin,McD22,https://www.flickr.com/people/smcdevitt/,Untitled,https://www.flickr.com/photos/smcdevitt/5087259119,https://creativecommons.org/licenses/by/2.0/
e6bd64a60bbef623,pumpkin,Lauren Coolman,https://www.flickr.com/people/wintercool612/,Stitch's Pumpkin,https://www.flickr.com/photos/wintercool612/5637561637,https://creativecommons.org/licenses/by/2.0/
6e96ed90b429c780,pumpkin,Kathryn Decker,https://www.flickr.com/people/waponigirl/,Hungover Pumpkins,https://www.flickr.com/photos/waponigirl/10494602635,https://creativecommons.org/licenses/by/2.0/
f96eec6e03f34ecc,pumpkin,Bryan Maleszyk,https://www.flickr.com/people/maleszyk/,Boston Jazz Festival 2007 001,https://www.flickr.com/photos/maleszyk/1469851561,https://creativecommons.org/licenses/by/2.0/
d1a44cecc170f4c8,pumpkin,Jason Bolonski,https://www.flickr.com/people/bolonski/,Evil Jack,https://www.flickr.com/photos/bolonski/4134579611,https://creativecommons.org/licenses/by/2.0/
fec4bbd3dd410872,pumpkin,Whitney Taylor,https://www.flickr.com/people/whitneyltaylor/,Untitled,https://www.flickr.com/photos/whitneyltaylor/4040865690,https://creativecommons.org/licenses/by/2.0/
5f29420164df556f,pumpkin,Oscar Cortez,https://www.flickr.com/people/drastudio/,P1030325,https://www.flickr.com/photos/drastudio/18738060523,https://creativecommons.org/licenses/by/2.0/
131bd55a97947f26,pumpkin,William Brawley,https://www.flickr.com/people/williambrawley/,"Day 11, Portrait 365 - 10.31.09",https://www.flickr.com/photos/williambrawley/4062773906,https://creativecommons.org/licenses/by/2.0/
b6b70890cf7075ed,pumpkin,Tim,https://www.flickr.com/people/highlyecumenical/,Scooby Doo,https://www.flickr.com/photos/highlyecumenical/6222204390/,https://creativecommons.org/licenses/by/2.0/
4ba6b259aa7c1e99,pumpkin,Richard Fisher,https://www.flickr.com/people/richardfisher/,Pained pumpkin,https://www.flickr.com/photos/richardfisher/4062043490,https://creativecommons.org/licenses/by/2.0/
e1d05d3039ddee02,pumpkin,Nick F,https://www.flickr.com/people/adventuresof/,Pumpkin Joe,https://www.flickr.com/photos/adventuresof/57889520,https://creativecommons.org/licenses/by/2.0/
58accb61503c02e6,pumpkin,Cynthia Donovan,https://www.flickr.com/people/girl_named_fred/,DSCN0609,https://www.flickr.com/photos/girl_named_fred/1814082605,https://creativecommons.org/licenses/by/2.0/
f00024c417a63f10,pumpkin,dsrins_syb,https://www.flickr.com/people/94474582@N00/,Stopping at the Farmers Market on the Muskegon Fall Color Tour,https://www.flickr.com/photos/94474582@N00/4019677072,https://creativecommons.org/licenses/by/2.0/
cb223ed3ab342d6b,pumpkin,Dvortygirl,https://www.flickr.com/people/dvortygirl/,&quot;Black&quot; pumpkin,https://www.flickr.com/photos/dvortygirl/8199344462,https://creativecommons.org/licenses/by/2.0/
91a3d29cd11ef891,pumpkin,McKay Savage,https://www.flickr.com/people/mckaysavage/,India - Koyambedu Market - Pumpkins 01,https://www.flickr.com/photos/mckaysavage/3987053474,https://creativecommons.org/licenses/by/2.0/
f0656ef9af634733,pumpkin,Kristian Thøgersen,https://www.flickr.com/people/flottenheimer/,Halloween på Valkendorf,https://www.flickr.com/photos/flottenheimer/3035948592,https://creativecommons.org/licenses/by/2.0/
24bfd7c114cd0d85,pumpkin,Randy Robertson,https://www.flickr.com/people/randysonofrobert/,Jack Skellington-O-Lantern Bright,https://www.flickr.com/photos/randysonofrobert/285431029,https://creativecommons.org/licenses/by/2.0/
5ca7a35111dea32a,pumpkin,Steve Drolet,https://www.flickr.com/people/tasitch/,pumpkin!,https://www.flickr.com/photos/tasitch/58759247,https://creativecommons.org/licenses/by/2.0/
d3c3debddb5611bf,pumpkin,Karen Roe,https://www.flickr.com/people/karen_roe/,Houghton Mill (NT) 27-10-2012,https://www.flickr.com/photos/karen_roe/8441218512/,https://creativecommons.org/licenses/by/2.0/
154e6083804b4ffc,pumpkin,Brian Turner,https://www.flickr.com/people/60588258@N00/,Carved,https://www.flickr.com/photos/60588258@N00/4045825890,https://creativecommons.org/licenses/by/2.0/
c5f076c0cabea4c4,pumpkin,Miles Gehm,https://www.flickr.com/people/milesgehm/,Matt was inspired this year,https://www.flickr.com/photos/milesgehm/283290428,https://creativecommons.org/licenses/by/2.0/
0642b6fbe50c96fb,pumpkin,Karl Anderson,https://www.flickr.com/people/karlanderson/,Untitled,https://www.flickr.com/photos/karlanderson/15592978407,https://creativecommons.org/licenses/by/2.0/
8826fcabdac3022a,pumpkin,hobvias sudoneighm,https://www.flickr.com/people/striatic/,carving expertise,https://www.flickr.com/photos/striatic/284892247,https://creativecommons.org/licenses/by/2.0/
5e331c2db50a32e5,pumpkin,Karl Baron,https://www.flickr.com/people/kalleboo/,pumpkins,https://www.flickr.com/photos/kalleboo/2240020153,https://creativecommons.org/licenses/by/2.0/
ccd80048d72ab961,pumpkin,Paul Wilkinson,https://www.flickr.com/people/eepaul/,Halloween Pumpkin - somhow more spooky for being 11 days old,https://www.flickr.com/photos/eepaul/10805188776,https://creativecommons.org/licenses/by/2.0/
459adb4d7fc7df05,pumpkin,Doug Coldwell,https://www.flickr.com/people/22738816@N07/,42,https://www.flickr.com/photos/22738816@N07/15475867393,https://creativecommons.org/licenses/by/2.0/
68d6fdcec78a5b4e,pumpkin,Patty,https://www.flickr.com/people/pattista/,IM001977,https://www.flickr.com/photos/pattista/280065674,https://creativecommons.org/licenses/by/2.0/
2a0e8fde10d44da9,pumpkin,Dean Johnson,https://www.flickr.com/people/deanj/,IMG_4485,https://www.flickr.com/photos/deanj/280848782,https://creativecommons.org/licenses/by/2.0/
2f1a58272e1b0436,pumpkin,Sparkle Motion,https://www.flickr.com/people/54125007@N08/,04. Posing against a pumpkin,https://www.flickr.com/photos/54125007@N08/17412392425,https://creativecommons.org/licenses/by/2.0/
5f721372d331a03d,pumpkin,Kullez,https://www.flickr.com/people/kullez/,Lineup before slaughter :-),https://www.flickr.com/photos/kullez/4023608434,https://creativecommons.org/licenses/by/2.0/
296b84193ba78ff4,pumpkin,Alana Sise,https://www.flickr.com/people/alanasise/,White Pumpkins 9.7,https://www.flickr.com/photos/alanasise/8004809555,https://creativecommons.org/licenses/by/2.0/
d2ca5b7c9cc20dcf,pumpkin,Sarah Sammis,https://www.flickr.com/people/pussreboots/,PB016022,https://www.flickr.com/photos/pussreboots/15684478685,https://creativecommons.org/licenses/by/2.0/
1c9cfbc2631a37c2,pumpkin,garlandcannon,https://www.flickr.com/people/garlandcannon/,Ghost Pumpkin Found On My Roof,https://www.flickr.com/photos/garlandcannon/6926226676/,https://creativecommons.org/licenses/by/2.0/
083d27e452b0b113,pumpkin,apasciuto,https://www.flickr.com/people/apasciuto/,moldy pumpkin,https://www.flickr.com/photos/apasciuto/5133837574,https://creativecommons.org/licenses/by/2.0/
a00e5080506bca37,pumpkin,Ryan Dickey,https://www.flickr.com/people/meesterdickey/,Untitled,https://www.flickr.com/photos/meesterdickey/10369697573,https://creativecommons.org/licenses/by/2.0/
8bc59e977d195d05,pumpkin,jose antonio leon mangado,https://www.flickr.com/people/sololeon/,Dar calabazas,https://www.flickr.com/photos/sololeon/8243129442,https://creativecommons.org/licenses/by/2.0/
cb5e7315594ce1a5,pumpkin,Tobias Luetke,https://www.flickr.com/people/tobi_and_fiona/,iPumpkin,https://www.flickr.com/photos/tobi_and_fiona/285151401,https://creativecommons.org/licenses/by/2.0/
31444e8b4d31dec2,pumpkin,Market Manager,https://www.flickr.com/people/37884983@N03/,Zucchini,https://www.flickr.com/photos/37884983@N03/3770585962,https://creativecommons.org/licenses/by/2.0/
c1cb2fe185ff9ccf,pumpkin,Khairil Zhafri,https://www.flickr.com/people/poppacket/,IMG_0366,https://www.flickr.com/photos/poppacket/4056031206,https://creativecommons.org/licenses/by/2.0/
f7dc8018e618b5d7,pumpkin,jean pierre gallot,https://www.flickr.com/people/jean_pierre_gallot_69009/,halloween_citrouille,https://www.flickr.com/photos/jean_pierre_gallot_69009/8127999230,https://creativecommons.org/licenses/by/2.0/
d90cddb1cc9d37e5,pumpkin,Allen Burt,https://www.flickr.com/people/allenburt/,Mustaches are hard . . .,https://www.flickr.com/photos/allenburt/10528797166,https://creativecommons.org/licenses/by/2.0/
70953781d3d173c3,pumpkin,Phoebe Baker,https://www.flickr.com/people/phoebe_photo/,reflections,https://www.flickr.com/photos/phoebe_photo/2328635455,https://creativecommons.org/licenses/by/2.0/
ae8c5efeb460eda6,pumpkin,Bryan Brenneman,https://www.flickr.com/people/434pics/,IMG_2773,https://www.flickr.com/photos/434pics/4013620346,https://creativecommons.org/licenses/by/2.0/
f8ea91334a450d9e,pumpkin,sputnik,https://www.flickr.com/people/hellosputnik/,IMG_4126,https://www.flickr.com/photos/hellosputnik/3109906884,https://creativecommons.org/licenses/by/2.0/
8fe6d04c0f44767a,pumpkin,Robert Sanzalone,https://www.flickr.com/people/pacificit/,Carving Pumpkins 2010,https://www.flickr.com/photos/pacificit/5130259391,https://creativecommons.org/licenses/by/2.0/
d99325d5ea609f00,pumpkin,LEONARDO DASILVA,https://www.flickr.com/people/leonardodasilva/,Thanksgiving 2010,https://www.flickr.com/photos/leonardodasilva/5293959461,https://creativecommons.org/licenses/by/2.0/
ce035835644de96d,pumpkin,A Name Like Shields Can Make You Defensive,https://www.flickr.com/people/smi23le/,KRON 4 Viewers Celebrate the Giants,https://www.flickr.com/photos/smi23le/5137701626,https://creativecommons.org/licenses/by/2.0/
677585175dbf1166,pumpkin,Aaron Muszalski,https://www.flickr.com/people/sfslim/,Queen of Corn Flowers,https://www.flickr.com/photos/sfslim/57331636,https://creativecommons.org/licenses/by/2.0/
f7fb45fc9f5e71b9,pumpkin,Jen,https://www.flickr.com/people/jenrab/,One pissed off pumpkin,https://www.flickr.com/photos/jenrab/1680481028,https://creativecommons.org/licenses/by/2.0/
1076753c4c6ddb22,pumpkin,Fresco Tours,https://www.flickr.com/people/frescotours/,"Sep 15, 2014  Camino de Santiago Tour #frescotours",https://www.flickr.com/photos/frescotours/15387627951/,https://creativecommons.org/licenses/by/2.0/
fa059e63d884acb2,pumpkin,scott feldstein,https://www.flickr.com/people/scottfeldstein/,DSC_0030.JPG,https://www.flickr.com/photos/scottfeldstein/280929641,https://creativecommons.org/licenses/by/2.0/
e3f9cc893ed3f283,pumpkin,Berenice Garcia,https://www.flickr.com/people/berenicegg/,Hola Calabaza!!,https://www.flickr.com/photos/berenicegg/8007369278,https://creativecommons.org/licenses/by/2.0/
8430381c8cb8dd3b,pumpkin,Dale Goodwin,https://www.flickr.com/people/cdale/,IMGP2560,https://www.flickr.com/photos/cdale/15348600987,https://creativecommons.org/licenses/by/2.0/
afe829d19eba1f5a,pumpkin,Ben Fulton,https://www.flickr.com/people/benfulton/,Pumpkin Sculpture 2,https://www.flickr.com/photos/benfulton/3024982450,https://creativecommons.org/licenses/by/2.0/
97a60e5e8483d143,pumpkin,EaglebrookSchool,https://www.flickr.com/people/eaglebrook/,Pumkins For Sale.,https://www.flickr.com/photos/eaglebrook/5571143951,https://creativecommons.org/licenses/by/2.0/
df784f29b14b4271,pumpkin,Michael Kumm,https://www.flickr.com/people/mkumm/,IMG_6440,https://www.flickr.com/photos/mkumm/2960612022,https://creativecommons.org/licenses/by/2.0/
db0499337b67676d,pumpkin,adrian8_8,https://www.flickr.com/people/26349479@N07/,IMG_3066,https://www.flickr.com/photos/26349479@N07/15019233113,https://creativecommons.org/licenses/by/2.0/
82cbcddeec716584,pumpkin,dee &amp; tula monstah,https://www.flickr.com/people/deel/,pumpkin pileup,https://www.flickr.com/photos/deel/5213557503,https://creativecommons.org/licenses/by/2.0/
6708c917862153ec,pumpkin,libraryrachel,https://www.flickr.com/people/libraryrachel/,IMG_1206,https://www.flickr.com/photos/libraryrachel/4182787921,https://creativecommons.org/licenses/by/2.0/
0a1efc8533c96832,pumpkin,Rachel Paxton,https://www.flickr.com/people/homemaking/,Pumpkin Patch,https://www.flickr.com/photos/homemaking/10789227004,https://creativecommons.org/licenses/by/2.0/
13e97b4eb10a430d,pumpkin,Global Reactions,https://www.flickr.com/people/lmlienau/,Skull & Tiki Pumpkin,https://www.flickr.com/photos/lmlienau/5109181362,https://creativecommons.org/licenses/by/2.0/
c7b15ffccb57d919,pumpkin,Gloria Cabada-Leman,https://www.flickr.com/people/67238971@N04/,"Mexican pumpkins, Vollmer Farm",https://www.flickr.com/photos/67238971@N04/6235313386,https://creativecommons.org/licenses/by/2.0/
1eb23c0cbf0c2ca3,pumpkin,Alexander,https://www.flickr.com/people/10326418@N06/,Pumpkin mask closeup,https://www.flickr.com/photos/10326418@N06/1964576196,https://creativecommons.org/licenses/by/2.0/
faffe34ada7c4a44,pumpkin,Damian Gadal,https://www.flickr.com/people/23024164@N06/,Pumpkins,https://www.flickr.com/photos/23024164@N06/3349189616,https://creativecommons.org/licenses/by/2.0/
f7b2f1929fed4ce5,pumpkin,OliBac,https://www.flickr.com/people/olibac/,Jack was here!,https://www.flickr.com/photos/olibac/5132000495,https://creativecommons.org/licenses/by/2.0/
94881faf6cc10e7a,pumpkin,Dilip D,https://www.flickr.com/people/leodnardo/,Persimmons,https://flickr.com/25189098@N06/16309588092,https://creativecommons.org/licenses/by/2.0/
78237450c652ad1f,pumpkin,Lori L. Stalteri,https://www.flickr.com/people/llstalteri/,Pumpkins All In a Row,https://www.flickr.com/photos/llstalteri/5129545244,https://creativecommons.org/licenses/by/2.0/
bee596c7f41b504f,pumpkin,Richard North,https://www.flickr.com/people/richardnorth/,Inside a butternut squash,https://www.flickr.com/photos/richardnorth/7696845996,https://creativecommons.org/licenses/by/2.0/
b68841c1e6a35cf7,pumpkin,Dave Pape,https://www.flickr.com/people/dpape/,sx280_01439,https://www.flickr.com/photos/dpape/16440288090,https://creativecommons.org/licenses/by/2.0/
759a526044a638ab,pumpkin,bill_comstock,https://www.flickr.com/people/comstock/,pumpkin,https://www.flickr.com/photos/comstock/1794474967,https://creativecommons.org/licenses/by/2.0/
4957665dad30f525,zucchini,whinger,https://www.flickr.com/people/victoriachan/,Courgette close-up,https://www.flickr.com/photos/victoriachan/5941279516,https://creativecommons.org/licenses/by/2.0/
5ccedd1739ab8ad4,zucchini,Yun Huang Yong,https://www.flickr.com/people/goosmurf/,Bird's eye view,https://www.flickr.com/photos/goosmurf/8409792211,https://creativecommons.org/licenses/by/2.0/
f494a961e731acbd,zucchini,nociveglia,https://www.flickr.com/people/40385177@N07/,"ultimo raccolto; erbette, cavolo nero e zucchine",https://www.flickr.com/photos/40385177@N07/6215089018,https://creativecommons.org/licenses/by/2.0/
044ea27690e7bca0,zucchini,Blowing Puffer Fish,https://www.flickr.com/people/changyisheng/,桃園 / Taoyuan - 廚房,https://www.flickr.com/photos/changyisheng/14455477977,https://creativecommons.org/licenses/by/2.0/
49270db01d63aaff,zucchini,Caroline,https://www.flickr.com/people/hills_alive/,Happy birthday Sabine!,https://www.flickr.com/photos/hills_alive/6126460360,https://creativecommons.org/licenses/by/2.0/
7986a227e8b444fd,zucchini,David Blaine,https://www.flickr.com/people/39718079@N00/,IMG_6859,https://www.flickr.com/photos/39718079@N00/5517463875,https://creativecommons.org/licenses/by/2.0/
3dcc6dffc449c96a,zucchini,Eric.Ray,https://www.flickr.com/people/12707238@N00/,Squash,https://www.flickr.com/photos/12707238@N00/20189639708,https://creativecommons.org/licenses/by/2.0/
320a9cd79e3b99ed,zucchini,Maggie Hoffman,https://www.flickr.com/people/maggiejane/,Shredding Zucchini,https://www.flickr.com/photos/maggiejane/3679779093,https://creativecommons.org/licenses/by/2.0/
c5d62094255273b5,zucchini,dollen,https://www.flickr.com/people/dollen/,Garden fresh peppers.,https://www.flickr.com/photos/dollen/14718314841,https://creativecommons.org/licenses/by/2.0/
90db59b8a1a14834,zucchini,Chris Feser,https://www.flickr.com/people/feserc/,Veggies of our Labor,https://www.flickr.com/photos/feserc/2828527222,https://creativecommons.org/licenses/by/2.0/
4f6e4ae8436d96fa,zucchini,SCA Svenska Cellulosa Aktiebolaget,https://www.flickr.com/people/hygienematters/,SCA Tork Performance dispenser wall-mounted catering,https://www.flickr.com/photos/hygienematters/4724100046,https://creativecommons.org/licenses/by/2.0/
dfec10aa5d65ea90,garlic,David Pursehouse,https://www.flickr.com/people/mdid/,Garlic,https://www.flickr.com/photos/mdid/199386734,https://creativecommons.org/licenses/by/2.0/
6675fd603598035a,garlic,David Santaolalla,https://www.flickr.com/people/santaolalla/,Brotes de ajo,https://www.flickr.com/photos/santaolalla/6014359360,https://creativecommons.org/licenses/by/2.0/
1a920f4d51e618c8,garlic,F Delventhal,https://www.flickr.com/people/krossbow/,Clagett Farm Share for Week 10,https://www.flickr.com/photos/krossbow/4804692697,https://creativecommons.org/licenses/by/2.0/
c82f2d3b1d3198bc,garlic,jar [o],https://www.flickr.com/people/jariceiii/,Fresh Garlic,https://www.flickr.com/photos/jariceiii/7317217850,https://creativecommons.org/licenses/by/2.0/
25a052799414c686,garlic,William Booz,https://www.flickr.com/people/billbooz/,226/365 - 8/27/10 Garlic in the Kitchen,https://www.flickr.com/photos/billbooz/4933729580,https://creativecommons.org/licenses/by/2.0/
5d8cc4393fbb5063,garlic,Sammy JayJay,https://www.flickr.com/people/sammyjayjay/,GarlicHomeRemedy,https://www.flickr.com/photos/sammyjayjay/14696971725,https://creativecommons.org/licenses/by/2.0/
8f17781f52ca5d66,garlic,Clyde Robinson,https://www.flickr.com/people/crobj/,Garlic,https://www.flickr.com/photos/crobj/6292444409,https://creativecommons.org/licenses/by/2.0/
8d8841098685ed57,garlic,Itinerant Tightwad,https://www.flickr.com/people/itineranttightwad/,PIC_4786,https://www.flickr.com/photos/itineranttightwad/3694710697,https://creativecommons.org/licenses/by/2.0/
807d0926f65495c6,garlic,Isabel  Eyre,https://www.flickr.com/people/54912928@N06/,garlic-bowl,https://www.flickr.com/photos/54912928@N06/5087101315,https://creativecommons.org/licenses/by/2.0/
bf9edf21ea45694a,garlic,André Mouraux,https://www.flickr.com/people/spigoo/,Garlic,https://www.flickr.com/photos/spigoo/7558501,https://creativecommons.org/licenses/by/2.0/
86dfa7741abdd7f7,garlic,Joe Bielawa,https://www.flickr.com/people/joebielawa/,Garlic,https://www.flickr.com/photos/joebielawa/3399540757,https://creativecommons.org/licenses/by/2.0/
d106679fa05ba963,garlic,Andy Roberts,https://www.flickr.com/people/aroberts/,The Last Bulb of garlic,https://www.flickr.com/photos/aroberts/18710119338,https://creativecommons.org/licenses/by/2.0/
ebaec8ee8b215089,garlic,anneheathen,https://www.flickr.com/people/annethelibrarian/,left this garlic on the counter a little too long,https://www.flickr.com/photos/annethelibrarian/6824530753,https://creativecommons.org/licenses/by/2.0/
3b285d020b38096d,garlic,adam nicholson,https://www.flickr.com/people/adamgn/,"garak market, seoul",https://www.flickr.com/photos/adamgn/5433414835,https://creativecommons.org/licenses/by/2.0/
49301d81353b6120,garlic,DaveBleasdale,https://www.flickr.com/people/sidelong/,garlic #2,https://www.flickr.com/photos/sidelong/15625291855,https://creativecommons.org/licenses/by/2.0/
5e72506a7a9c396f,garlic,Media Mike Hazard,https://www.flickr.com/people/88709139@N08/,IMG_0392 Garlic HAFA FARM,https://www.flickr.com/photos/88709139@N08/15273764558,https://creativecommons.org/licenses/by/2.0/
1ea6cea4ea492d07,garlic,instinctify,https://www.flickr.com/people/instinctify/,Ajos,https://www.flickr.com/photos/instinctify/3993353018,https://creativecommons.org/licenses/by/2.0/
1a8a3a507e43898d,garlic,Neil Conway,https://www.flickr.com/people/neilconway/,Untitled,https://www.flickr.com/photos/neilconway/6996741568,https://creativecommons.org/licenses/by/2.0/
d56d242077a0a20a,garlic,SantaRosa OLD SKOOL,https://www.flickr.com/people/santarosa/,O todo e a parte ? ................DSCF0778a,https://www.flickr.com/photos/santarosa/1553210401,https://creativecommons.org/licenses/by/2.0/
ef0b4eb7c02fe54c,garlic,Allan Sharp,https://www.flickr.com/people/97920783@N05/,Hung out to dry,https://www.flickr.com/photos/97920783@N05/15189108903,https://creativecommons.org/licenses/by/2.0/
cf7c306fc0613070,garlic,Bob,https://www.flickr.com/people/mullica/,Garlic,https://www.flickr.com/photos/mullica/2723206247,https://creativecommons.org/licenses/by/2.0/
7be82beb2a3ae9fa,garlic,Serita.V,https://www.flickr.com/people/serita_v/,Knoflook,https://www.flickr.com/photos/serita_v/7937092760,https://creativecommons.org/licenses/by/2.0/
7f91909c61190e81,garlic,F Delventhal,https://www.flickr.com/people/krossbow/,"July 4, 2009 Weekend - 06",https://www.flickr.com/photos/krossbow/3718521590,https://creativecommons.org/licenses/by/2.0/
ddf7ec5c30ba08bb,garlic,Erik Hansen,https://www.flickr.com/people/erikorama/,IMG_0408,https://www.flickr.com/photos/erikorama/6987417272,https://creativecommons.org/licenses/by/2.0/
2fa106ab30e658f8,garlic,Steven Depolo,https://www.flickr.com/people/stevendepolo/,Garlic Cloves Food,https://www.flickr.com/photos/stevendepolo/15854897596,https://creativecommons.org/licenses/by/2.0/
e31832eb993b5453,garlic,Colleen,https://www.flickr.com/people/mommiedaze/,IMG_20111008_205512,https://www.flickr.com/photos/mommiedaze/6231899988,https://creativecommons.org/licenses/by/2.0/
ebb043d4b8876c95,garlic,judywitts,https://www.flickr.com/people/overthetuscanstove/,upload,https://www.flickr.com/photos/overthetuscanstove/18238204646,https://creativecommons.org/licenses/by/2.0/
d5ec5fdbb350e42d,garlic,Adolfo Calsin,https://www.flickr.com/people/adolfocalsin/,Ajo diente de ajo,https://www.flickr.com/photos/adolfocalsin/16080762976,https://creativecommons.org/licenses/by/2.0/
b4a81b2ba7810bae,garlic,tkraska,https://www.flickr.com/people/tkraska/,Garlic Cloves,https://www.flickr.com/photos/tkraska/5486507143,https://creativecommons.org/licenses/by/2.0/
e3fa2aa3897ba634,garlic,crabchick,https://www.flickr.com/people/crabchick/,8118 garlic,https://www.flickr.com/photos/crabchick/4011684009,https://creativecommons.org/licenses/by/2.0/
cfe1222ff8639e1d,garlic,Jim Lightfoot,https://www.flickr.com/people/jim-lightfoot/,Garlic2,https://www.flickr.com/photos/112095551@N02/12099397045,https://creativecommons.org/licenses/by/2.0/
8ac1854572e08afa,garlic,Andrew Lawson,https://www.flickr.com/people/andylawson/,Garlic anyone?,https://www.flickr.com/photos/andylawson/6064609751,https://creativecommons.org/licenses/by/2.0/
54a7eb0f1f66cf68,garlic,Nostepinne,https://www.flickr.com/people/syrenmuse/,2012 garlic harvest,https://www.flickr.com/photos/syrenmuse/7662706848,https://creativecommons.org/licenses/by/2.0/
ffc614a262bb8302,garlic,Du Truong,https://www.flickr.com/people/130448072@N02/,photo from Unsplash (507),https://www.flickr.com/photos/130448072@N02/16343036683,https://creativecommons.org/licenses/by/2.0/
c0320cf32cc00d80,garlic,John Lodder,https://www.flickr.com/people/jlodder/,open produce (white) #2,https://www.flickr.com/photos/jlodder/5165159527,https://creativecommons.org/licenses/by/2.0/
b663f401b5d610a2,garlic,Eric Rayner,https://www.flickr.com/people/ericrayner/,Autumn crocus,https://www.flickr.com/photos/ericrayner/11289930276,https://creativecommons.org/licenses/by/2.0/
851f56acc46fcfbc,garlic,John Haslam,https://www.flickr.com/people/foxypar4/,Garlic Heaven,https://www.flickr.com/photos/foxypar4/590929511,https://creativecommons.org/licenses/by/2.0/
21012d525e514710,garlic,"David, Bergin, Emmett and Elliott",https://www.flickr.com/people/beglen/,DSC01901,https://www.flickr.com/photos/beglen/151174701,https://creativecommons.org/licenses/by/2.0/
3a00461322075b09,garlic,Dennis Hill,https://www.flickr.com/people/fontplaydotcom/,fp061808-02,https://www.flickr.com/photos/fontplaydotcom/2620094552,https://creativecommons.org/licenses/by/2.0/
4a583d13c1dfdf57,garlic,McKay Savage,https://www.flickr.com/people/mckaysavage/,India - Koyambedu Market - Garlic 02,https://www.flickr.com/photos/mckaysavage/3986230659,https://creativecommons.org/licenses/by/2.0/
7e583379588cd351,garlic,Naoki Tomeno,https://www.flickr.com/people/dancingpapa2007/,DPP_0002,https://www.flickr.com/photos/dancingpapa2007/11511456864,https://creativecommons.org/licenses/by/2.0/
19fdc71102055d00,mushroom,Silke Remmery,https://www.flickr.com/people/silkeremmery/,Mushroom,https://www.flickr.com/photos/silkeremmery/15550223775,https://creativecommons.org/licenses/by/2.0/
8e0439d3a477e470,mushroom,Cady Nasr,https://www.flickr.com/people/98189618@N02/,IMG_6757,https://www.flickr.com/photos/98189618@N02/9987391715,https://creativecommons.org/licenses/by/2.0/
019ce1e4978af821,mushroom,Michael Kensinger,https://www.flickr.com/people/kensinger/,MVC-034F,https://www.flickr.com/photos/kensinger/215498995,https://creativecommons.org/licenses/by/2.0/
0e38bfcc773c3e7a,mushroom,milo bostock,https://www.flickr.com/people/milesmilo/,alder bracket,https://www.flickr.com/photos/milesmilo/10363862763,https://creativecommons.org/licenses/by/2.0/
6bad9e4e2136ad9c,mushroom,bDom - artiste - www.bdom.info,https://www.flickr.com/people/bdom/,A la recherche de Tanaisie,https://www.flickr.com/photos/bdom/20551967630,https://creativecommons.org/licenses/by/2.0/
5363d621910f284b,mushroom,Théo,https://www.flickr.com/people/lenny_montana/,The giant Caves Fungi (* see cave macros),https://www.flickr.com/photos/lenny_montana/2887733903,https://creativecommons.org/licenses/by/2.0/
8c4e34995d727c98,mushroom,Anthony Patterson,https://www.flickr.com/people/88rabbit/,WP_20141018_003,https://www.flickr.com/photos/88rabbit/15977792490,https://creativecommons.org/licenses/by/2.0/
0367eeabd3df1485,mushroom,bobsacks,https://www.flickr.com/people/14863468@N07/,Pea Ridge - 015,https://www.flickr.com/photos/14863468@N07/1727463517,https://creativecommons.org/licenses/by/2.0/
6610810dd201fcf8,mushroom,thekirbster,https://www.flickr.com/people/kirbyurner/,DSCF3181,https://www.flickr.com/photos/kirbyurner/15054819044,https://creativecommons.org/licenses/by/2.0/
3febf9ae11d53111,mushroom,Maja Dumat,https://www.flickr.com/people/blumenbiene/,Acker-Schachtelhalm (Equisetum arvense),https://www.flickr.com/photos/blumenbiene/4592589754,https://creativecommons.org/licenses/by/2.0/
4b8e8d465d3a8307,mushroom,Jade Craven,https://www.flickr.com/people/cravenjade/,Fungi along walk,https://www.flickr.com/photos/cravenjade/20813267228,https://creativecommons.org/licenses/by/2.0/
6d6e4df671b87f40,mushroom,Melba Mcilwain,https://www.flickr.com/people/mmjdmc/,101_0218,https://www.flickr.com/photos/mmjdmc/13932637608,https://creativecommons.org/licenses/by/2.0/
acbf341e5ea86f40,mushroom,jean pol de loof,https://www.flickr.com/people/jpdeloof/,PICT1469-copie,https://www.flickr.com/photos/jpdeloof/1550473941,https://creativecommons.org/licenses/by/2.0/
f273252640bd5228,mushroom,Nate Angell,https://www.flickr.com/people/ixmati/,Mushroom Twins,https://www.flickr.com/photos/ixmati/10461914583,https://creativecommons.org/licenses/by/2.0/
aaf0a059ee2bc956,mushroom,Ari Helminen,https://www.flickr.com/people/picsoflife/,Mushroom city,https://www.flickr.com/photos/picsoflife/4999387720,https://creativecommons.org/licenses/by/2.0/
eddac2610e0d6fb6,mushroom,D.C.Atty,https://www.flickr.com/people/figgenhoffer/,psilocybin,https://www.flickr.com/photos/figgenhoffer/4053269926,https://creativecommons.org/licenses/by/2.0/
261266342b21d813,mushroom,vijay chennupati,https://www.flickr.com/people/vijay_chennupati/,Bush Mushrooms,https://www.flickr.com/photos/vijay_chennupati/4550455632,https://creativecommons.org/licenses/by/2.0/
4af465de00296794,mushroom,Gautier Poupeau,https://www.flickr.com/people/lespetitescases/,Champignons,https://www.flickr.com/photos/lespetitescases/8452026101,https://creativecommons.org/licenses/by/2.0/
f84de3c4a4c4f52d,mushroom,psyberartist,https://www.flickr.com/people/psyberartist/,shrooms,https://www.flickr.com/photos/psyberartist/3886939447,https://creativecommons.org/licenses/by/2.0/
425ada9680d31037,mushroom,mozzercork,https://www.flickr.com/people/mozzercork/,after-the-rain,https://www.flickr.com/photos/mozzercork/5055610276,https://creativecommons.org/licenses/by/2.0/
68eea413ed9834a7,mushroom,Joselu Blanco,https://www.flickr.com/people/silverman68/,Níscalos,https://www.flickr.com/photos/silverman68/3049225811,https://creativecommons.org/licenses/by/2.0/
1fbc3008780faa73,mushroom,Larion Enerdil,https://www.flickr.com/people/135202179@N03/,Untitled,https://www.flickr.com/photos/135202179@N03/20498704741,https://creativecommons.org/licenses/by/2.0/
6367b89d5937ac2f,mushroom,Dimitris Siskopoulos,https://www.flickr.com/people/dimsis/,"Mushroom at Dadia, Evros, Greece",https://www.flickr.com/photos/dimsis/10782673176,https://creativecommons.org/licenses/by/2.0/
b0f7a4cbc44c714c,mushroom,caspar s,https://www.flickr.com/people/60172932@N06/,Lentinellus vulpinus,https://www.flickr.com/photos/60172932@N06/7991396329,https://creativecommons.org/licenses/by/2.0/
2464ec05006de8ed,mushroom,Scott Darbey,https://www.flickr.com/people/scott_darbey/,Gomphidius largus,https://www.flickr.com/photos/scott_darbey/10345814344,https://creativecommons.org/licenses/by/2.0/
d478bc6f13d3ee5e,mushroom,Julie Vaccalluzzo,https://www.flickr.com/people/julieslv/,20090413_Limel-Paris_0072,https://www.flickr.com/photos/julieslv/3435923226/,https://creativecommons.org/licenses/by/2.0/
ed0ae107b3018331,mushroom,Gerry Thomasen,https://www.flickr.com/people/gerrythomasen/,P. Cyanescens,https://www.flickr.com/photos/gerrythomasen/14052457,https://creativecommons.org/licenses/by/2.0/
0aaad833ac61ac9d,mushroom,rob Stoeltje,https://www.flickr.com/people/46198971@N06/,DSC01131,https://www.flickr.com/photos/46198971@N06/10474295933,https://creativecommons.org/licenses/by/2.0/
df2ccd1f788969cc,mushroom,Roberto Verzo,https://www.flickr.com/people/verzo/,Parasol mushroom in fall,https://www.flickr.com/photos/verzo/1771913409,https://creativecommons.org/licenses/by/2.0/
59cbaa44c096a198,mushroom,Ethan Hein,https://www.flickr.com/people/ethanhein/,Fungus is weird,https://www.flickr.com/photos/ethanhein/16575898534,https://creativecommons.org/licenses/by/2.0/
5a023d4069895c01,mushroom,Andrew C,https://www.flickr.com/people/acryptozoo/,Jack-o’-lantern Mushrooms (Omphalotus illudens),https://www.flickr.com/photos/acryptozoo/11695721013/,https://creativecommons.org/licenses/by/2.0/
f9f2a54dd4f0c6b2,mushroom,txaille,https://www.flickr.com/people/i-txaille/,PA291625,https://www.flickr.com/photos/i-txaille/4056020014,https://creativecommons.org/licenses/by/2.0/
7ef86d43353d0619,mushroom,Monica Arellano-Ongpin,https://www.flickr.com/people/maong/,Funghi velenosi,https://www.flickr.com/photos/maong/431548637/,https://creativecommons.org/licenses/by/2.0/
e3c5334466cd39fc,mushroom,Adrian Delgado2012,https://www.flickr.com/people/adrian_delgado/,NUCFAC PLT Greenschools! Spring Break Y-LINC 2014 - Day Two,https://www.flickr.com/photos/91072628@N08/13256439595/,https://creativecommons.org/licenses/by/2.0/
7ec37a769b5c8872,mushroom,Rev Stan,https://www.flickr.com/people/revstan/,Mushrooms,https://www.flickr.com/photos/revstan/3452606526,https://creativecommons.org/licenses/by/2.0/
255dc3844410c9da,mushroom,GLJIVARSKO DRUSTVO NIS,https://www.flickr.com/people/fungi-nis/,Strobilomyces strobilaceus (Scop.) Berk.,https://www.flickr.com/photos/fungi-nis/15596199108,https://creativecommons.org/licenses/by/2.0/
b70adb4d632228e0,mushroom,David Blaine,https://www.flickr.com/people/39718079@N00/,Untitled,https://www.flickr.com/photos/39718079@N00/15546811249,https://creativecommons.org/licenses/by/2.0/
60901b6d68ecd91e,mushroom,Tamara,https://www.flickr.com/people/astral_clouds/,DSC_1099,https://www.flickr.com/photos/astral_clouds/6238731804,https://creativecommons.org/licenses/by/2.0/
0235ce2972c4549a,mushroom,Mike K,https://www.flickr.com/people/baltimike/,Fungus,https://www.flickr.com/photos/baltimike/625398957,https://creativecommons.org/licenses/by/2.0/
46a433068f7aa763,mushroom,Agustín Amenabar L.,https://www.flickr.com/people/39820277@N05/,Hongos Coprinoides,https://www.flickr.com/photos/39820277@N05/9737274333,https://creativecommons.org/licenses/by/2.0/
7b6f3bc3db0afbf5,mushroom,J P,https://www.flickr.com/people/nuskyn/,Laetiporus sulphureus,https://www.flickr.com/photos/nuskyn/14906221116,https://creativecommons.org/licenses/by/2.0/
9debe79ee2e50180,mushroom,Roberto Cacho Toca,https://www.flickr.com/people/mploco/,DSC06002,https://www.flickr.com/photos/mploco/9977563206,https://creativecommons.org/licenses/by/2.0/
9eae24a2fa34b3ed,mushroom,Randy McEoin,https://www.flickr.com/people/rmceoin/,131-arenal-hanging-bridges-fungi,https://www.flickr.com/photos/rmceoin/5532619003,https://creativecommons.org/licenses/by/2.0/
3750421aaab97cf3,mushroom,Jane Nearing,https://www.flickr.com/people/fringedbenefit/,"Gnome, Ivy Creek, Mineral County Colorado",https://www.flickr.com/photos/fringedbenefit/1717529806,https://creativecommons.org/licenses/by/2.0/
868462a5faf666ca,mushroom,milo bostock,https://www.flickr.com/people/milesmilo/,20131019_144816,https://www.flickr.com/photos/milesmilo/10363680454,https://creativecommons.org/licenses/by/2.0/
a1d6f8b8365f5eec,mushroom,Martien Brand,https://www.flickr.com/people/28820410@N03/,VilaNova06,https://www.flickr.com/photos/28820410@N03/15933529435/,https://creativecommons.org/licenses/by/2.0/
e74e1d8a0cc2b851,mushroom,Clyde Robinson,https://www.flickr.com/people/crobj/,Shitake Mushrooms (organic),https://www.flickr.com/photos/crobj/3391699281,https://creativecommons.org/licenses/by/2.0/
0fe0413c9c21b975,mushroom,Laura Ritchie,https://www.flickr.com/people/lauraritchie/,Toadstools 3,https://www.flickr.com/photos/lauraritchie/8088576097,https://creativecommons.org/licenses/by/2.0/
5b4f96aaa66d2836,mushroom,Mark S,https://www.flickr.com/people/markoz46/,Fungi,https://www.flickr.com/photos/markoz46/9884499065,https://creativecommons.org/licenses/by/2.0/
b7cce6eb749f86f7,mushroom,Wendell Smith,https://www.flickr.com/people/wendellsmith/,reishi forest,https://www.flickr.com/photos/wendellsmith/10617663736,https://creativecommons.org/licenses/by/2.0/
b84c69ea3c385d8b,mushroom,Isaac Wedin,https://www.flickr.com/people/izik/,Big ruffly fungus.,https://www.flickr.com/photos/izik/16163065508,https://creativecommons.org/licenses/by/2.0/
ffdb7556405ef576,mushroom,Ray Bouknight,https://www.flickr.com/people/raybouk/,"Mushrooms on Tree Stump, Hidden Falls",https://www.flickr.com/photos/raybouk/8559114249,https://creativecommons.org/licenses/by/2.0/
47fcf6dd408f4a00,mushroom,Eric Rayner,https://www.flickr.com/people/ericrayner/,2015-08-12 14.49.48,https://www.flickr.com/photos/ericrayner/20657034928,https://creativecommons.org/licenses/by/2.0/
0db6dda15f82c034,mushroom,Mary and Andrew,https://www.flickr.com/people/aenigmates/,Winter warmers: mushroom soup,https://www.flickr.com/photos/aenigmates/7641818724,https://creativecommons.org/licenses/by/2.0/
0063bdc232833179,mushroom,Suresh Aru,https://www.flickr.com/people/suresharu/,kerii opening..........,https://www.flickr.com/photos/suresharu/2877896957,https://creativecommons.org/licenses/by/2.0/
aaf173c2de5d0bfa,mushroom,David Kadavy,https://www.flickr.com/people/kadavy/,PICT0815.JPG,https://www.flickr.com/photos/kadavy/110757660,https://creativecommons.org/licenses/by/2.0/
eaf6161e220680aa,mushroom,Fabio Bruna,https://www.flickr.com/people/_fabio/,Funghi in de beeldentuin,https://www.flickr.com/photos/_fabio/2098375035,https://creativecommons.org/licenses/by/2.0/
181e1a3b57f446a2,mushroom,NullSynapse,https://www.flickr.com/people/nullsynapse/,Colorful Mushrooms,https://www.flickr.com/photos/nullsynapse/15335520298,https://creativecommons.org/licenses/by/2.0/
bbc5c3a503bf3871,mushroom,Northfoot Adventures,https://www.flickr.com/people/northfootadventures/,dew drops on mushroom,https://www.flickr.com/photos/northfootadventures/7927087476,https://creativecommons.org/licenses/by/2.0/
69240b8d8143246c,mushroom,Procsilas Moscas,https://www.flickr.com/people/procsilas/,untitled,https://www.flickr.com/photos/procsilas/5309618706,https://creativecommons.org/licenses/by/2.0/
04c72f85e6490ab2,mushroom,Tobias Eigen,https://www.flickr.com/people/tobiaseigen/,Huge mushroom by the Schlachtensee,https://www.flickr.com/photos/tobiaseigen/5003143745/,https://creativecommons.org/licenses/by/2.0/
581ae8f1596a58c5,mushroom,Sabrina Setaro,https://www.flickr.com/people/76827729@N08/,Ganoderma lucidum,https://www.flickr.com/photos/76827729@N08/9577775377,https://creativecommons.org/licenses/by/2.0/
9676020756930a71,mushroom,Tony Alter,https://www.flickr.com/people/78428166@N00/,Mushrooms,https://www.flickr.com/photos/78428166@N00/6137731569,https://creativecommons.org/licenses/by/2.0/
5ef68e65f06fea71,mushroom,Stephan Mosel,https://www.flickr.com/people/moe/,Pilz,https://www.flickr.com/photos/moe/1170032/,https://creativecommons.org/licenses/by/2.0/
c1dd5591c7ee63f2,mushroom,G. D. Vicente Torres,https://www.flickr.com/people/elgarydaly/,AMANITA PHALLOIDES,https://www.flickr.com/photos/elgarydaly/2946738643,https://creativecommons.org/licenses/by/2.0/
79f2452a9f2066cc,mushroom,isamiga76,https://www.flickr.com/people/33852840@N06/,Les chapeaux,https://www.flickr.com/photos/33852840@N06/15058819406,https://creativecommons.org/licenses/by/2.0/
75d500b00e92b959,mushroom,Alastair Burt,https://www.flickr.com/people/alastairb/,Fungus flowers on rotten branch,https://www.flickr.com/photos/alastairb/248308784,https://creativecommons.org/licenses/by/2.0/
7452cdfbd4fb3702,mushroom,Bob Peterson,https://www.flickr.com/people/pondapple/,Ganoderma zonatum on Cabbage Palm,https://www.flickr.com/photos/pondapple/7323737678,https://creativecommons.org/licenses/by/2.0/
65e3b64a81765929,mushroom,Dallas Krentzel,https://www.flickr.com/people/31867959@N04/,Turkeytail Fungus (Trametes versicolor),https://www.flickr.com/photos/31867959@N04/4246523894,https://creativecommons.org/licenses/by/2.0/
439274b594a87a04,mushroom,Erik Burton,https://www.flickr.com/people/13470115@N08/,Unidentified mushroom,https://www.flickr.com/photos/13470115@N08/8368523660,https://creativecommons.org/licenses/by/2.0/
ac84b20694ea5cda,mushroom,Chris Morriss,https://www.flickr.com/people/7840760@N05/,Woodland decay,https://www.flickr.com/photos/7840760@N05/15257922059,https://creativecommons.org/licenses/by/2.0/
c8e431068d744164,mushroom,Graham Smith,https://www.flickr.com/people/gravyphig/,Fungi PICT0387,https://www.flickr.com/photos/gravyphig/2971741893,https://creativecommons.org/licenses/by/2.0/
9f2d2f9b5ad8d9d4,mushroom,Chris Waits,https://www.flickr.com/people/chriswaits/,What I like to call pancake fungus,https://www.flickr.com/photos/chriswaits/7434992806,https://creativecommons.org/licenses/by/2.0/
f4bcac8dcc8e7df2,mushroom,horrapics,https://www.flickr.com/people/horrabin/,Setas,https://www.flickr.com/photos/horrabin/16511443381,https://creativecommons.org/licenses/by/2.0/
194861ffe32a99db,mushroom,Logan Ingalls,https://www.flickr.com/people/plutor/,Fungus,https://www.flickr.com/photos/plutor/4694622246,https://creativecommons.org/licenses/by/2.0/
f46d2651dacd2a05,mushroom,bobistraveling,https://www.flickr.com/people/bobistraveling/,Mushrooms Goose Creek SP NC 8554,https://www.flickr.com/photos/bobistraveling/3239215257,https://creativecommons.org/licenses/by/2.0/
d88cf5a6d670aeed,mushroom,Velyana Luca,https://www.flickr.com/people/megavenoma/,Baumpilze,https://www.flickr.com/photos/megavenoma/8093753639,https://creativecommons.org/licenses/by/2.0/
9bff84de2b4aca7e,mushroom,Aleksey Gnilenkov,https://www.flickr.com/people/gnilenkov/,Mushrooms,https://www.flickr.com/photos/gnilenkov/5083008174/,https://creativecommons.org/licenses/by/2.0/
0d26245827266389,mushroom,recoverling,https://www.flickr.com/people/recoverling/,fungus on tree,https://www.flickr.com/photos/recoverling/511852215,https://creativecommons.org/licenses/by/2.0/
11d783ff3dc27f6e,mushroom,FromSandToGlass,https://www.flickr.com/people/ericabreetoe/,Ugly Mushrooms,https://www.flickr.com/photos/ericabreetoe/6054447051,https://creativecommons.org/licenses/by/2.0/
1a8c3132aeb56942,mushroom,devra,https://www.flickr.com/people/minicooper93402/,fungus in the rain,https://www.flickr.com/photos/minicooper93402/5275500996,https://creativecommons.org/licenses/by/2.0/
833ff09c49632e0e,mushroom,Misti Hope Wudtke,https://www.flickr.com/people/mistiquestudio/,103112_2 (2),https://www.flickr.com/photos/mistiquestudio/8146350082,https://creativecommons.org/licenses/by/2.0/
32e04d75d91e0420,mushroom,David Hill,https://www.flickr.com/people/dehill/,xIMG_7520 Greenville County SC Neeley Farm fungus,https://www.flickr.com/photos/dehill/9091053056,https://creativecommons.org/licenses/by/2.0/
0dbde104a29605e9,mushroom,Alachua County,https://www.flickr.com/people/alachuacounty/,Shiitake Mushrooms,https://www.flickr.com/photos/alachuacounty/6420824443,https://creativecommons.org/licenses/by/2.0/
e10f691268887134,mushroom,Simon Cocks,https://www.flickr.com/people/simon_cocks/,Mushrooms,https://www.flickr.com/photos/simon_cocks/9533785934,https://creativecommons.org/licenses/by/2.0/
be44e5677d02a68a,mushroom,Alan Bruce,https://www.flickr.com/people/qole/,Goat's Beard fungus,https://www.flickr.com/photos/qole/6019085508,https://creativecommons.org/licenses/by/2.0/
d490b89f7942d40b,mushroom,Vik Nanda,https://www.flickr.com/people/viknanda/,Huge Coral Mushroom (Closeup),https://www.flickr.com/photos/viknanda/251208050,https://creativecommons.org/licenses/by/2.0/
611a811da0d9fec8,mushroom,Ken Bosma,https://www.flickr.com/people/kretyen/,Not a pie,https://www.flickr.com/photos/kretyen/15110854920,https://creativecommons.org/licenses/by/2.0/
cc6e8f1bebf54542,mushroom,Bart Everson,https://www.flickr.com/people/editor/,A Very Nice Mushroom,https://www.flickr.com/photos/editor/1545381983,https://creativecommons.org/licenses/by/2.0/
d466f3d0e5376a27,mushroom,Yannick Bammert,https://www.flickr.com/people/yannbamm/,Fall-2.jpg,https://www.flickr.com/photos/yannbamm/6370855645,https://creativecommons.org/licenses/by/2.0/
22c11d10e12699ef,mushroom,wonderferret,https://www.flickr.com/people/wonderferret/,Giant 'shrooms,https://www.flickr.com/photos/wonderferret/300552538,https://creativecommons.org/licenses/by/2.0/
68e484a35d32114e,mushroom,Monica Arellano-Ongpin,https://www.flickr.com/people/maong/,"Porcini at the Mercato Centrale, Florence",https://www.flickr.com/photos/maong/2289157756,https://creativecommons.org/licenses/by/2.0/
415ecc55a2e8df81,mushroom,Tristram Brelstaff,https://www.flickr.com/people/tristrambrelstaff/,Mushroom,https://www.flickr.com/photos/tristrambrelstaff/1397494199,https://creativecommons.org/licenses/by/2.0/
3d4ababe6272ea2a,mushroom,Marina del Castell,https://www.flickr.com/people/marinadelcastell/,Piece of forest,https://www.flickr.com/photos/marinadelcastell/15781827520,https://creativecommons.org/licenses/by/2.0/
fecdc179a0a116b1,mushroom,blathlean,https://www.flickr.com/people/blathlean/,Mushrooms of Kuipto (8),https://www.flickr.com/photos/blathlean/5656448825,https://creativecommons.org/licenses/by/2.0/
66923ef48dd794ad,mushroom,GLJIVARSKO DRUSTVO NIS,https://www.flickr.com/people/fungi-nis/,AURICULARIA MESENTERICA  (Dicks.) Pers.,https://www.flickr.com/photos/fungi-nis/8548578324,https://creativecommons.org/licenses/by/2.0/
5437881acaef66ca,mushroom,Greg Dunlap,https://www.flickr.com/people/heyrocker/,Barnacles,https://www.flickr.com/photos/heyrocker/2643580743,https://creativecommons.org/licenses/by/2.0/
c65258d0a91a3ac5,mushroom,duggar11,https://www.flickr.com/people/charlesduggar/,Spring Mushroom,https://www.flickr.com/photos/charlesduggar/14175959722,https://creativecommons.org/licenses/by/2.0/
4db199dcc6941897,mushroom,leppyone,https://www.flickr.com/people/leppyone/,"Unknown Mushroom - Highlands Sno Park, FR 260, Okanogan National Forest, Near Havillah, Okanogan Co., WA, GPS Coordinates (48.79948601012586, -119.23898577690125), 06/23/2013",https://www.flickr.com/photos/leppyone/9129019651,https://creativecommons.org/licenses/by/2.0/
f42dbe58af35981c,mushroom,Helena Jacoba,https://www.flickr.com/people/69302634@N02/,"Swan Lake trail, Lake Grundy Provincial Park",https://www.flickr.com/photos/69302634@N02/15045485381,https://creativecommons.org/licenses/by/2.0/
8c6301c3e6e7e900,mushroom,Leimenide,https://www.flickr.com/people/24350382@N07/,Toadstools on log 4,https://www.flickr.com/photos/24350382@N07/5087450988,https://creativecommons.org/licenses/by/2.0/
51734f8d36e7cdcb,mushroom,Martin Cooper,https://www.flickr.com/people/m-a-r-t-i-n/,Tawny  Funnel (Lepista flaccida),https://www.flickr.com/photos/m-a-r-t-i-n/15713334400,https://creativecommons.org/licenses/by/2.0/
26a73dea7c04cad2,mushroom,er Guiri,https://www.flickr.com/people/sermarr/,Mushrooms,https://www.flickr.com/photos/sermarr/15185348013,https://creativecommons.org/licenses/by/2.0/
b2bc2d4f31612e60,mushroom,David Short,https://www.flickr.com/people/14583963@N00/,Fairy inkcaps (FG),https://www.flickr.com/photos/14583963@N00/15658137623,https://creativecommons.org/licenses/by/2.0/
572b3697f7440633,mushroom,Dave Shafer,https://www.flickr.com/people/opera-nut/,mushrooms,https://www.flickr.com/photos/opera-nut/3011853398/in/pool-fairfieldct,https://creativecommons.org/licenses/by/2.0/
899d665a061762ea,mushroom,man pikin,https://www.flickr.com/people/musicamang/,"joaquin miller, turkey tail",https://www.flickr.com/photos/musicamang/2230364288,https://creativecommons.org/licenses/by/2.0/
11a20c581c2c71ca,mushroom,Adrian Snood,https://www.flickr.com/people/adriansnood/,Mushrooms,https://www.flickr.com/photos/adriansnood/6979425013,https://creativecommons.org/licenses/by/2.0/
b783f919a12531a2,mushroom,Anja Disseldorp,https://www.flickr.com/people/jadis1958/,Fungi sept 2014_1,https://www.flickr.com/photos/jadis1958/15491340726,https://creativecommons.org/licenses/by/2.0/
57e3f11bd6ee47e9,mushroom,Wendell Smith,https://www.flickr.com/people/wendellsmith/,nearing harvest,https://www.flickr.com/photos/wendellsmith/16301689213,https://creativecommons.org/licenses/by/2.0/
4b0e03d60349ead4,mushroom,DeepBluC,https://www.flickr.com/people/deepsphotos/,IMG_2142,https://www.flickr.com/photos/deepsphotos/7233634944,https://creativecommons.org/licenses/by/2.0/
4cae7f0ec4377faf,mushroom,Emilian Robert Vicol,https://www.flickr.com/people/free-stock/,Mushrooms-Thin-Slices__14493,https://www.flickr.com/photos/free-stock/6827886642,https://creativecommons.org/licenses/by/2.0/
fbf054602b5ebaef,mushroom,kimba Howard,https://www.flickr.com/people/kimba/,Black shrooms,https://www.flickr.com/photos/kimba/183273412,https://creativecommons.org/licenses/by/2.0/
161e7636f905fa27,mushroom,Patrick Denker,https://www.flickr.com/people/pdenker/,IMG_1903,https://www.flickr.com/photos/pdenker/283996639,https://creativecommons.org/licenses/by/2.0/
c3d7c4d7f32d1e70,mushroom,Isaac Wedin,https://www.flickr.com/people/izik/,Fungus ruffles,https://www.flickr.com/photos/izik/4644774265,https://creativecommons.org/licenses/by/2.0/
63aace0e2efb29bb,mushroom,Rejoyce Jose,https://www.flickr.com/people/aztonyx/,DSCN3045,https://www.flickr.com/photos/aztonyx/3966713262,https://creativecommons.org/licenses/by/2.0/
0b0be049bb72b223,mushroom,Futurilla,https://www.flickr.com/people/futurilla/,"Creative Commons - honey fungus, UK",https://www.flickr.com/photos/futurilla/3989613653,https://creativecommons.org/licenses/by/2.0/
4fef44a3a5f8d59b,mushroom,Duff Axsom,https://www.flickr.com/people/sfbear/,Forest mushroom,https://www.flickr.com/photos/sfbear/699743888,https://creativecommons.org/licenses/by/2.0/
5f4c6cada22172c3,mushroom,inger maaike,https://www.flickr.com/people/ingermaaike2/,mushrooms,https://www.flickr.com/photos/ingermaaike2/4560606498,https://creativecommons.org/licenses/by/2.0/
097210179bba5d72,mushroom,gambier20,https://www.flickr.com/people/gambier20/,Fungus,https://www.flickr.com/photos/gambier20/3207563693/,https://creativecommons.org/licenses/by/2.0/
45a172ce5fd4ea25,mushroom,medea_material,https://www.flickr.com/people/medea_material/,hongos,https://www.flickr.com/photos/medea_material/4110676422,https://creativecommons.org/licenses/by/2.0/
63e4d67a5f2b1885,mushroom,brownpau,https://www.flickr.com/people/brownpau/,IMG_0312,https://www.flickr.com/photos/brownpau/3016065975,https://creativecommons.org/licenses/by/2.0/
21f33d348d637c44,mushroom,Steven Jackson,https://www.flickr.com/people/jackson3/,IMG_6597,https://www.flickr.com/photos/jackson3/4129927280,https://creativecommons.org/licenses/by/2.0/
1b7d0a2ce8493404,mushroom,Jan Tik,https://www.flickr.com/people/jantik/,Forest Life,https://www.flickr.com/photos/jantik/9722664,https://creativecommons.org/licenses/by/2.0/
96e83925ec595f89,mushroom,Sarah,https://www.flickr.com/people/dichohecho/,Eugh,https://www.flickr.com/photos/dichohecho/4227924063,https://creativecommons.org/licenses/by/2.0/
a0c8b24395970a3f,mushroom,Roberto Garcia,https://www.flickr.com/people/rgarciah55/,PC280886cc,https://www.flickr.com/photos/rgarciah55/11811567865,https://creativecommons.org/licenses/by/2.0/
67166b724a3c703b,mushroom,Adrian Mohedano,https://www.flickr.com/people/cocayhi/,Dandenong Ranges 1122,https://www.flickr.com/photos/cocayhi/5736602946,https://creativecommons.org/licenses/by/2.0/
a2e7478fb33cf0f5,mushroom,hermanturnip,https://www.flickr.com/people/hermanturnip/,Mushrooms,https://www.flickr.com/photos/hermanturnip/3377515936,https://creativecommons.org/licenses/by/2.0/
dd504b2f2c75106d,mushroom,Todd Petit,https://www.flickr.com/people/starmist1/,Fungus,https://www.flickr.com/photos/starmist1/16274309355,https://creativecommons.org/licenses/by/2.0/
61ba8f06e95329bf,mushroom,Aly1963,https://www.flickr.com/people/45979675@N06/,Turkey tail funghi,https://www.flickr.com/photos/45979675@N06/8109675478,https://creativecommons.org/licenses/by/2.0/
5686f9a866a568e0,mushroom,Helga Birna Jónasdóttir,https://www.flickr.com/people/helgabj/,mushrooms,https://www.flickr.com/photos/helgabj/1828596540,https://creativecommons.org/licenses/by/2.0/
21b929605ce455da,mushroom,margitlindau,https://www.flickr.com/people/16227164@N03/,puugipask sügismetsas,https://www.flickr.com/photos/16227164@N03/3399575592,https://creativecommons.org/licenses/by/2.0/
015c309ce859052e,mushroom,turloughmor,https://www.flickr.com/people/turloughmor/,P2010250.jpg,https://www.flickr.com/photos/turloughmor/12253619583,https://creativecommons.org/licenses/by/2.0/
835fd85e4d1dacde,mushroom,Hüseyin Kici,https://www.flickr.com/people/100761221@N07/,Mushroom in the garden of parents in law,https://www.flickr.com/photos/100761221@N07/9892539643,https://creativecommons.org/licenses/by/2.0/
73396aaf6ce94738,mushroom,Whit Andrews,https://www.flickr.com/people/whita/,Perfect Mushroom,https://www.flickr.com/photos/whita/2768849601,https://creativecommons.org/licenses/by/2.0/
acac14fe2f0cd83e,mushroom,okcek,https://www.flickr.com/people/91681168@N06/,27112012283,https://www.flickr.com/photos/91681168@N06/8324373049,https://creativecommons.org/licenses/by/2.0/
469e2811c16ec4e4,mushroom,coniferconifer,https://www.flickr.com/people/conifer/,Polyporaceae,https://www.flickr.com/photos/conifer/15359854165,https://creativecommons.org/licenses/by/2.0/
b0e6cc3c8580c6d3,mushroom,Ruth Hartnup,https://www.flickr.com/people/ruthanddave/,Blobby brown fungus,https://www.flickr.com/photos/ruthanddave/15195337847,https://creativecommons.org/licenses/by/2.0/
14d61c69e482707c,mushroom,Gabrielle,https://www.flickr.com/people/gabby-girl/,Felt Food Mushrooms,https://www.flickr.com/photos/gabby-girl/5235269628,https://creativecommons.org/licenses/by/2.0/
cac08f152d84368d,mushroom,Selena N. B. H.,https://www.flickr.com/people/moonlightbulb/,Raven Rock State Park,https://www.flickr.com/photos/moonlightbulb/15622558379,https://creativecommons.org/licenses/by/2.0/
2d284bab96d30b19,mushroom,Leslie Seaton,https://www.flickr.com/people/lacatholique/,8f - mushroom butchery.,https://www.flickr.com/photos/lacatholique/9791583424/,https://creativecommons.org/licenses/by/2.0/
8abb7b8bbc55e4fe,mushroom,natureluvr01,https://www.flickr.com/people/85775642@N05/,Coltricia cinnamomea,https://www.flickr.com/photos/85775642@N05/7996980348,https://creativecommons.org/licenses/by/2.0/
fb464c8deff4e43b,mushroom,Damian Gadal,https://www.flickr.com/people/23024164@N06/,Untitled,https://www.flickr.com/photos/23024164@N06/14930558176,https://creativecommons.org/licenses/by/2.0/
0cb8c680cdcfba5d,mushroom,Suwatch,https://www.flickr.com/people/suwatch/,fun gus,https://www.flickr.com/photos/suwatch/2694636414,https://creativecommons.org/licenses/by/2.0/
f13b38e93b2f1c9a,mushroom,Niek Sprakel,https://www.flickr.com/people/thcganja/,IMG_3666,https://www.flickr.com/photos/thcganja/2849559926,https://creativecommons.org/licenses/by/2.0/
2ec0cf1ec9c9d28e,mushroom,chiron3636,https://www.flickr.com/people/59462388@N00/,Mushroom Garden 2,https://www.flickr.com/photos/59462388@N00/15265415603,https://creativecommons.org/licenses/by/2.0/
158aee7a7959f647,mushroom,Funky Fungi,https://www.flickr.com/people/79199065@N05/,Ganoderma applanatum,https://www.flickr.com/photos/79199065@N05/7091762481,https://creativecommons.org/licenses/by/2.0/
a9dbf06b9b64527f,mushroom,Miguel Ángel García.,https://www.flickr.com/people/respenda/,setas 008,https://www.flickr.com/photos/respenda/8187009472,https://creativecommons.org/licenses/by/2.0/
e2971fa61026d925,mushroom,Andy Wright,https://www.flickr.com/people/rightee/,Inkcap,https://www.flickr.com/photos/rightee/1386556255,https://creativecommons.org/licenses/by/2.0/
e6359f7a3003e28f,mushroom,Barry Davis,https://www.flickr.com/people/stormsworld/,Mushroom,https://www.flickr.com/photos/stormsworld/5481682725,https://creativecommons.org/licenses/by/2.0/
3c582d0c29d52952,mushroom,*suika *,https://www.flickr.com/people/14376024@N00/,the things I found in the wood in July,https://www.flickr.com/photos/14376024@N00/183027656,https://creativecommons.org/licenses/by/2.0/
68b3d60e4b2264ad,mushroom,USFWSmidwest,https://www.flickr.com/people/usfwsmidwest/,Fungus amongus,https://www.flickr.com/photos/usfwsmidwest/6275158642,https://creativecommons.org/licenses/by/2.0/
29af12690f83054d,mushroom,Bonio,https://www.flickr.com/people/djbryson/,Brollys Up!,https://www.flickr.com/photos/djbryson/5089991173,https://creativecommons.org/licenses/by/2.0/
2aad237af4c22346,mushroom,Chris Wee,https://www.flickr.com/people/cfwee/,Mushroom family,https://www.flickr.com/photos/cfwee/221485880,https://creativecommons.org/licenses/by/2.0/
df695e30e2c92514,mushroom,Peter Burgess,https://www.flickr.com/people/burge5000/,Yorkshire Sculpture Park,https://www.flickr.com/photos/burge5000/10125422073,https://creativecommons.org/licenses/by/2.0/
edb77f8197358448,mushroom,Steven Depolo,https://www.flickr.com/people/stevendepolo/,Box of Mushrooms Food,https://www.flickr.com/photos/stevendepolo/9490470178,https://creativecommons.org/licenses/by/2.0/
5a25d2d1d8e365f4,mushroom,Glen,https://www.flickr.com/people/l2f1/,"Fungus near Great Buckland, Kent",https://www.flickr.com/photos/l2f1/5185492101,https://creativecommons.org/licenses/by/2.0/
80bab4d8a79bda46,mushroom,The_Gut,https://www.flickr.com/people/frogbelly/,Mushroom,https://www.flickr.com/photos/frogbelly/2844658668,https://creativecommons.org/licenses/by/2.0/
e7c69a3dc78ded92,mushroom,Carl Christian Grøndahl,https://www.flickr.com/people/carlchristian/,#Sopptur. Mye fint å se på.,https://www.flickr.com/photos/carlchristian/15048770130,https://creativecommons.org/licenses/by/2.0/
85da256621009687,mushroom,tinyfroglet,https://www.flickr.com/people/tinyfroglet/,Fungus Fascinatus,https://www.flickr.com/photos/tinyfroglet/2051457529,https://creativecommons.org/licenses/by/2.0/
0ab6ec2ede66168e,mushroom,Gyorgy Kovacs,https://www.flickr.com/people/32050584@N06/,Mushroom,https://www.flickr.com/photos/32050584@N06/2999420684,https://creativecommons.org/licenses/by/2.0/
3ed7ace3db5ea53f,mushroom,Dan Zen,https://www.flickr.com/people/danzen/,Alien in Alien Home,https://www.flickr.com/photos/danzen/154292182,https://creativecommons.org/licenses/by/2.0/
e2d38beb00507735,mushroom,Tony Hisgett,https://www.flickr.com/people/hisgett/,Toadstools,https://www.flickr.com/photos/hisgett/6622787797,https://creativecommons.org/licenses/by/2.0/
490e13625ac524c9,mushroom,Don Whitaker,https://www.flickr.com/people/mothernaturevideos/,Orange cone jellies,https://www.flickr.com/photos/mothernaturevideos/4467012687,https://creativecommons.org/licenses/by/2.0/
e9a9c9b3e8b56e91,mushroom,Kabacchi,https://www.flickr.com/people/kabacchi/,Mushroom - 04,https://www.flickr.com/photos/kabacchi/4586229200,https://creativecommons.org/licenses/by/2.0/
c181d632f60f7962,mushroom,k.steudel,https://www.flickr.com/people/snaks/,Escargot,https://www.flickr.com/photos/snaks/7532304980/,https://creativecommons.org/licenses/by/2.0/
9dde47887e2f72ce,mushroom,Mgoncalles,https://www.flickr.com/people/magonca/,IMGP7481-Editar,https://www.flickr.com/photos/magonca/16373345580,https://creativecommons.org/licenses/by/2.0/
b9d0ef0b2b35333d,mushroom,Justin Trovrt,https://www.flickr.com/people/introvrt/,Mystery Fungus,https://www.flickr.com/photos/introvrt/20469746783,https://creativecommons.org/licenses/by/2.0/
18db1aa9edbffd03,mushroom,Camera Eye Photography,https://www.flickr.com/people/camera_is_a_mirror_with_memory/,Mushroom Caps,https://www.flickr.com/photos/camera_is_a_mirror_with_memory/15198611988,https://creativecommons.org/licenses/by/2.0/
b16223a7ec0a2843,mushroom,Don Whitaker,https://www.flickr.com/people/mothernaturevideos/,Top Shelf Fungus,https://www.flickr.com/photos/mothernaturevideos/4728227637,https://creativecommons.org/licenses/by/2.0/
f12b3bdab85316e8,mushroom,David Evans,https://www.flickr.com/people/21081514@N08/,Fungi,https://www.flickr.com/photos/21081514@N08/5280802018,https://creativecommons.org/licenses/by/2.0/
a430be5cb6ed472e,mushroom,Luis Pérez,https://www.flickr.com/people/pe5pe/,camino a la Roca,https://www.flickr.com/photos/pe5pe/240000960,https://creativecommons.org/licenses/by/2.0/
493544d52b2f64df,mushroom,-ted,https://www.flickr.com/people/twbuckner/,growth,https://www.flickr.com/photos/twbuckner/17457070665,https://creativecommons.org/licenses/by/2.0/
e01592b72fa6bf7c,mushroom,oatsy40,https://www.flickr.com/people/oatsy40/,Mushrooms,https://www.flickr.com/photos/oatsy40/21618633432,https://creativecommons.org/licenses/by/2.0/
44be9f6a4b7acc22,mushroom,Tristan Ferne,https://www.flickr.com/people/tristanf/,DSCN0790.JPG,https://www.flickr.com/photos/tristanf/260014394,https://creativecommons.org/licenses/by/2.0/
6388248195e6982a,mushroom,David  Talens,https://www.flickr.com/people/tapeda88/,Tardor 2014,https://www.flickr.com/photos/tapeda88/15795723505,https://creativecommons.org/licenses/by/2.0/
e8a4e4658e2a686f,mushroom,TANAKA Juuyoh (田中十洋),https://www.flickr.com/people/tanaka_juuyoh/,Fungi / 茸(きのこ),https://www.flickr.com/photos/tanaka_juuyoh/10567683366,https://creativecommons.org/licenses/by/2.0/
ea32b386684a472b,mushroom,Hanumann,https://www.flickr.com/people/40883475@N00/,Rainforest mushrooms,https://www.flickr.com/photos/40883475@N00/4601180348/,https://creativecommons.org/licenses/by/2.0/
b90a6042d338f999,mushroom,Thomas Champagne,https://www.flickr.com/people/thomaschampagne/,Mangez moi,https://www.flickr.com/photos/thomaschampagne/7563937842,https://creativecommons.org/licenses/by/2.0/
2cacd956845cb113,mushroom,larsjuh,https://www.flickr.com/people/larsjuh/,Gewoon elfenbankje,https://www.flickr.com/photos/larsjuh/4101528474,https://creativecommons.org/licenses/by/2.0/
e2a21913a985f8dd,mushroom,Karen Roe,https://www.flickr.com/people/karen_roe/,Rendlesham Forest 11 Oct 2008 (103),https://www.flickr.com/photos/karen_roe/3031841622,https://creativecommons.org/licenses/by/2.0/
698cf5fbc4b5bf51,mushroom,Steve Jurvetson,https://www.flickr.com/people/jurvetson/,Fungal Forest,https://www.flickr.com/photos/jurvetson/6899875785,https://creativecommons.org/licenses/by/2.0/
e265d72e3f95d3db,mushroom,arserico1@yahoo.com,https://www.flickr.com/people/36713775@N06/,amanitacaesarea,https://www.flickr.com/photos/36713775@N06/3381448319,https://creativecommons.org/licenses/by/2.0/
2f812d31c4e5b559,mushroom,Les Chatfield,https://www.flickr.com/people/elsie/,Fungi seen in an Ampthill garden,https://www.flickr.com/photos/elsie/785184565,https://creativecommons.org/licenses/by/2.0/
edaf2ef9eed99644,mushroom,Paul Joseph,https://www.flickr.com/people/sashafatcat/,mushrooms,https://www.flickr.com/photos/sashafatcat/42596617,https://creativecommons.org/licenses/by/2.0/
62ca8cd62961de07,mushroom,Jimmy_Joe,https://www.flickr.com/people/joc67/,Untitled,https://www.flickr.com/photos/joc67/225810715,https://creativecommons.org/licenses/by/2.0/
f22de12b9120e30d,mushroom,Danny S. 1993,https://www.flickr.com/people/43164724@N07/,Mycena pura,https://www.flickr.com/photos/43164724@N07/3998064438,https://creativecommons.org/licenses/by/2.0/
d5ca2676345102a8,mushroom,Michael Button,https://www.flickr.com/people/michaeljohnbutton/,Brundall walk Oct 2013,https://www.flickr.com/photos/michaeljohnbutton/10401417053,https://creativecommons.org/licenses/by/2.0/
8a250fe3a464e52b,mushroom,Aah-Yeah,https://www.flickr.com/people/aah-yeah/,Anlaufender Egerlingsschirmling Pilz,https://www.flickr.com/photos/aah-yeah/15760325102,https://creativecommons.org/licenses/by/2.0/
81951dc008d39fce,mushroom,davecito,https://www.flickr.com/people/23465812@N00/,tago mago,https://www.flickr.com/photos/23465812@N00/4874036858,https://creativecommons.org/licenses/by/2.0/
bd5c245f27ccc074,mushroom,Ikusuki,https://www.flickr.com/people/13926043@N07/,Champis,https://www.flickr.com/photos/13926043@N07/8469653772,https://creativecommons.org/licenses/by/2.0/
c4c2cf46c21d6af7,mushroom,benketaro,https://www.flickr.com/people/misskei/,?,https://www.flickr.com/photos/misskei/336737618,https://creativecommons.org/licenses/by/2.0/
ec888efbf7776cda,mushroom,Nacho,https://www.flickr.com/people/gonmi/,Champiñones,https://www.flickr.com/photos/gonmi/11481882673,https://creativecommons.org/licenses/by/2.0/
49f8aa1d361a7e7a,mushroom,Alan Light,https://www.flickr.com/people/alan-light/,dscn4892,https://www.flickr.com/photos/alan-light/213202249,https://creativecommons.org/licenses/by/2.0/
68e5366037a672d9,mushroom,OakleyOriginals,https://www.flickr.com/people/oakleyoriginals/,Jew's Ear,https://www.flickr.com/photos/oakleyoriginals/3569013292,https://creativecommons.org/licenses/by/2.0/
484cd9c43e14b37e,mushroom,Fabrício Marcon,https://www.flickr.com/people/cadeafoto/,smurf village,https://www.flickr.com/photos/cadeafoto/3654623718,https://creativecommons.org/licenses/by/2.0/
6896c76d680921bc,mushroom,GLJIVARSKO DRUSTVO NIS,https://www.flickr.com/people/fungi-nis/,Morchella esculenta,https://www.flickr.com/photos/fungi-nis/17160152652/,https://creativecommons.org/licenses/by/2.0/
600a69fcbf20d734,mushroom,rebecca.shiraev@sbcglobal.net,https://www.flickr.com/people/23157748@N07/,These were part of a little mushroom forest,https://www.flickr.com/photos/23157748@N07/5619731720,https://creativecommons.org/licenses/by/2.0/
242ba4fa49de131e,mushroom,Adolfo Monti,https://www.flickr.com/people/wetcolors/,Mushrooms,https://www.flickr.com/photos/wetcolors/15518138888,https://creativecommons.org/licenses/by/2.0/
b6b06efa5a5021cc,mushroom,Keith McDuffee,https://www.flickr.com/people/gudlyf/,Untitled,https://www.flickr.com/photos/gudlyf/7192740812,https://creativecommons.org/licenses/by/2.0/
4ecf3f37bb275434,mushroom,Michael MK Khor,https://www.flickr.com/people/mk-creatures/,Fungi,https://www.flickr.com/photos/mk-creatures/12631838555,https://creativecommons.org/licenses/by/2.0/
5dca9e0492bb814e,cabbage,Tristan Schmurr,https://www.flickr.com/people/kewl/,Cabbage,https://www.flickr.com/photos/kewl/6471030841,https://creativecommons.org/licenses/by/2.0/
ca61390a701237c7,cabbage,Abdulla Al Muhairi,https://www.flickr.com/people/serdal/,ملفوف,https://www.flickr.com/photos/serdal/12927093924,https://creativecommons.org/licenses/by/2.0/
e0c861bf4eda68f9,cabbage,Annabel Vita,https://www.flickr.com/people/annabelvita/,Cabbages as kings,https://www.flickr.com/photos/annabelvita/5017813726,https://creativecommons.org/licenses/by/2.0/
1f694f86fefb5061,cabbage,www.bluewaikiki.com,https://www.flickr.com/people/lfl/,cabbage,https://www.flickr.com/photos/lfl/3606305432,https://creativecommons.org/licenses/by/2.0/
7ac3b6a80a5d12fe,cabbage,Roland Tanglao,https://www.flickr.com/people/roland/,Lettuce to wrap peking duck - Peking Duck Dinner Top Gun Cantonese 27Aug2006 - 5,https://www.flickr.com/photos/roland/226816198,https://creativecommons.org/licenses/by/2.0/
f55e820a80f0ad89,cabbage,Amy G,https://www.flickr.com/people/apple_pathways/,IMG_0298,https://www.flickr.com/photos/apple_pathways/18215893775,https://creativecommons.org/licenses/by/2.0/
9539ea7aceeab299,cabbage,Seph Swain,https://www.flickr.com/people/seph_swain/,Zutaten,https://www.flickr.com/photos/seph_swain/3141092126,https://creativecommons.org/licenses/by/2.0/
e62c43d85fcd9e93,cabbage,Nacho,https://www.flickr.com/people/gonmi/,Mercado,https://www.flickr.com/photos/gonmi/14172463518,https://creativecommons.org/licenses/by/2.0/
dcbb7573b5135cdb,cabbage,Southern Foodways Alliance,https://www.flickr.com/people/southernfoodwaysalliance/,06 Cabbage for B's slaw,https://www.flickr.com/photos/southernfoodwaysalliance/3834225445,https://creativecommons.org/licenses/by/2.0/
81bb5e885c973f99,cabbage,barockschloss,https://www.flickr.com/people/barockschloss/,Kohl,https://www.flickr.com/photos/barockschloss/6391576599,https://creativecommons.org/licenses/by/2.0/
69c5d09b0ec8346c,cabbage,jonsson,https://www.flickr.com/people/karljonsson/,Cabbage,https://www.flickr.com/photos/karljonsson/3741604131,https://creativecommons.org/licenses/by/2.0/
e4a02b5705181849,cabbage,acazorzi,https://www.flickr.com/people/13347661@N02/,DSC_4192.jpg,https://www.flickr.com/photos/13347661@N02/12566043443,https://creativecommons.org/licenses/by/2.0/
5e4b09e6f7ea0374,cabbage,alamosbasement,https://www.flickr.com/people/alamosbasement/,Spring Garden 2012,https://www.flickr.com/photos/alamosbasement/6981043793,https://creativecommons.org/licenses/by/2.0/
5578d0553435cf15,cabbage,Alex Brown,https://www.flickr.com/people/alexbrn/,The Cabbage,https://www.flickr.com/photos/alexbrn/4724949314,https://creativecommons.org/licenses/by/2.0/
d02f4c24f1bfba1b,cabbage,Artotem,https://www.flickr.com/people/artotemsco/,Cabbage + Recipe + Shoe,https://www.flickr.com/photos/artotemsco/3683548700,https://creativecommons.org/licenses/by/2.0/
d1be7ac7f1350b94,cabbage,Dirlei Dionísio,https://www.flickr.com/people/dirleidionisio/,Couve,https://www.flickr.com/photos/dirleidionisio/3199389531,https://creativecommons.org/licenses/by/2.0/
c5f8256fd4bddfde,cabbage,Sterling College,https://www.flickr.com/people/sterlingcollege/,Nutrition _ Sterling Test Kitchen _ Braised Cabbage_1732,https://www.flickr.com/photos/sterlingcollege/21577119214,https://creativecommons.org/licenses/by/2.0/
1aeb38f9f1598849,cabbage,Junpei Abe,https://www.flickr.com/people/26958633@N02/,Cabbage broken by Japanese Macaque,https://www.flickr.com/photos/26958633@N02/4230135415,https://creativecommons.org/licenses/by/2.0/
2ff63ebe2a35fe23,cabbage,Ageless North Shore,https://www.flickr.com/people/agelessnorthshore/,Radical Root Farm,https://www.flickr.com/photos/agelessnorthshore/3815889490,https://creativecommons.org/licenses/by/2.0/
78cb4e75905df922,cabbage,Jim Lightfoot,https://www.flickr.com/people/jim-lightfoot/,GreenCabbage,https://www.flickr.com/photos/112095551@N02/11477723243,https://creativecommons.org/licenses/by/2.0/
f90d4236f6f19458,cabbage,Herbolario Allium: www.alliumherbal.com,https://www.flickr.com/people/alliumherbal/,Coles,https://www.flickr.com/photos/alliumherbal/16349091873,https://creativecommons.org/licenses/by/2.0/
57eae1588c265448,cabbage,Lindsey Turner,https://www.flickr.com/people/theogeo/,cabbage,https://www.flickr.com/photos/theogeo/567394333,https://creativecommons.org/licenses/by/2.0/
0bc8800fa63fd756,cabbage,Ruth Hartnup,https://www.flickr.com/people/ruthanddave/,Cabbages,https://www.flickr.com/photos/ruthanddave/2508799222,https://creativecommons.org/licenses/by/2.0/
78cb9bbae4920842,cabbage,tkraska,https://www.flickr.com/people/tkraska/,Lettuce Heads,https://www.flickr.com/photos/tkraska/5486507305/,https://creativecommons.org/licenses/by/2.0/
ed31676c8fc6afc5,cabbage,McKay Savage,https://www.flickr.com/people/mckaysavage/,India - Koyambedu Market - Cabbage 03,https://www.flickr.com/photos/mckaysavage/3986948592,https://creativecommons.org/licenses/by/2.0/
718c6a002b97f568,cabbage,Seeds of Hope,https://www.flickr.com/people/31617132@N06/,The IWE students grow their own food - here's cabbage,https://www.flickr.com/photos/31617132@N06/3860223378,https://creativecommons.org/licenses/by/2.0/
a787fe1c7fbcd426,cabbage,Manuel,https://www.flickr.com/people/martius/,en el Jardín Botánico de Gijón,https://www.flickr.com/photos/martius/17290337043,https://creativecommons.org/licenses/by/2.0/
61f24c617025cf83,cabbage,Masha,https://www.flickr.com/people/aplysia/,Farmer's market - cabbage,https://www.flickr.com/photos/aplysia/2890602698,https://creativecommons.org/licenses/by/2.0/
1071a1a3f6e47f80,cabbage,whity,https://www.flickr.com/people/whitefield_d/,IMG_3357,https://www.flickr.com/photos/whitefield_d/5505501011,https://creativecommons.org/licenses/by/2.0/
653e8cbffa7b21c9,cabbage,Bitki Etkisi,https://www.flickr.com/people/129375160@N07/,Akdeniz Anemisi – Kansızlık İçin Bitkisel Yöntemler,https://www.flickr.com/photos/129375160@N07/16244688324,https://creativecommons.org/licenses/by/2.0/
5a60321fb5ff16c7,cabbage,Ken Cook,https://www.flickr.com/people/10990983@N07/,I dig cabbage,https://www.flickr.com/photos/10990983@N07/7172543458,https://creativecommons.org/licenses/by/2.0/
84e28e5087190363,cabbage,Bratislavská župa,https://www.flickr.com/people/fotopavolfreso/,Deň zelá,https://www.flickr.com/photos/fotopavolfreso/15262602060,https://creativecommons.org/licenses/by/2.0/
368e9ac11d892bcc,cabbage,Nicholas Blumhardt,https://www.flickr.com/people/nblumhardt/,Untitled,https://www.flickr.com/photos/nblumhardt/6257266395,https://creativecommons.org/licenses/by/2.0/
9e9a0e44a1383d8a,cabbage,Anthony Easton,https://www.flickr.com/people/pinkmoose/,CAbbages,https://www.flickr.com/photos/pinkmoose/16973033335,https://creativecommons.org/licenses/by/2.0/
1b4d7fe6149b70f9,cabbage,Roberto Verzo,https://www.flickr.com/people/verzo/,Capybara (Hydrochoerus hydrochaeris),https://www.flickr.com/photos/verzo/2985605719,https://creativecommons.org/licenses/by/2.0/
dd952cb228e60c31,cabbage,Urban Explorer Hamburg,https://www.flickr.com/people/blogchef/,Apfelfest 2013,https://www.flickr.com/photos/blogchef/15788801390,https://creativecommons.org/licenses/by/2.0/
ad9fd1cfba645eda,cabbage,fishermansdaughter,https://www.flickr.com/people/fishermansdaughter/,"it's the cabbage patch, kids!",https://www.flickr.com/photos/fishermansdaughter/3717790470,https://creativecommons.org/licenses/by/2.0/
2a1299450c68def6,cabbage,Rick McCharles,https://www.flickr.com/people/rickmccharles/,"Cabbages - Yoghurt Restaurant, Sagada, Philippines",https://www.flickr.com/photos/rickmccharles/6524243187,https://creativecommons.org/licenses/by/2.0/
ad1c06335ab5e8ea,cabbage,"Eden, Janine and Jim",https://www.flickr.com/people/edenpictures/,Chinese Vegetables,https://www.flickr.com/photos/edenpictures/6888410853,https://creativecommons.org/licenses/by/2.0/
c9941577c0068c54,cabbage,Maarten Van Damme,https://www.flickr.com/people/mavadam/,Chicory,https://www.flickr.com/photos/mavadam/2808504847,https://creativecommons.org/licenses/by/2.0/
57eca2510bcc3192,cabbage,J.H. Fearless,https://www.flickr.com/people/jessicareeder/,P1050566,https://www.flickr.com/photos/jessicareeder/3788649244,https://creativecommons.org/licenses/by/2.0/
333c6366df166914,cabbage,IvanWalsh.com,https://www.flickr.com/people/ivanwalsh/,Chinese Farm & 24 Season Clock,https://www.flickr.com/photos/ivanwalsh/4140204690,https://creativecommons.org/licenses/by/2.0/
9c495a46c6c2ecf3,cabbage,jojo nicdao,https://www.flickr.com/people/jonicdao/,Cabbage,https://www.flickr.com/photos/jonicdao/4506811701,https://creativecommons.org/licenses/by/2.0/
b09b43d0308df2a2,cabbage,Ula  Gillion,https://www.flickr.com/people/ulagillion/,Cabbage head,https://www.flickr.com/photos/ulagillion/6235664754,https://creativecommons.org/licenses/by/2.0/
6e9c59efb7f5174f,cabbage,erik forsberg,https://www.flickr.com/people/hepp/,Pak choi,https://www.flickr.com/photos/hepp/16627298728,https://creativecommons.org/licenses/by/2.0/
3ef8a1b9314a679b,cabbage,J E Theriot,https://www.flickr.com/people/jetheriot/,cabbage 2,https://www.flickr.com/photos/jetheriot/6655652091,https://creativecommons.org/licenses/by/2.0/
3aa8d8155b63eb9d,cabbage,LearningLark,https://www.flickr.com/people/44282411@N04/,The Cabbage Patch,https://www.flickr.com/photos/44282411@N04/6818818534,https://creativecommons.org/licenses/by/2.0/
c5ac05e74d1887ef,cabbage,Richy,https://www.flickr.com/people/61435711@N00/,"Greenday Sunday,",https://www.flickr.com/photos/61435711@N00/2044036838,https://creativecommons.org/licenses/by/2.0/
c7f4fe195dbc47fa,cabbage,GanMed64,https://www.flickr.com/people/ganmed64/,"Ontario Cabbage - St Lawrence Market, Toronto",https://www.flickr.com/photos/ganmed64/8138652484,https://creativecommons.org/licenses/by/2.0/
060c6c38aeca1c3d,cauliflower,Periskop/Kort om stress,https://www.flickr.com/people/periskop_kortomstress/,stress_kort_til_foto-8,https://www.flickr.com/photos/periskop_kortomstress/3004716251,https://creativecommons.org/licenses/by/2.0/
5972b64f1d6f7828,cauliflower,Christian Schnettelker,https://www.flickr.com/people/manoftaste-de/,Blumenkohl / Cauliflower,https://www.flickr.com/photos/manoftaste-de/20006920486,https://creativecommons.org/licenses/by/2.0/
52475d3a2dff9392,cauliflower,Dennis Hill,https://www.flickr.com/people/fontplaydotcom/,fp060808a-04,https://www.flickr.com/photos/fontplaydotcom/2597319991,https://creativecommons.org/licenses/by/2.0/
dbfb20675695d79d,cauliflower,Amy,https://www.flickr.com/people/amylovesyah/,Cauliflower,https://www.flickr.com/photos/amylovesyah/3965832937,https://creativecommons.org/licenses/by/2.0/
6cf22c15b38dd015,cauliflower,Miran  Rijavec,https://www.flickr.com/people/miran/,India : New Delhi : Pahar Ganj reloaded // भारत : नई दिल्ली : पहाड़गंज को पुनः लोड  - Fruits and vegetables // फल और सब्जियों,https://www.flickr.com/photos/miran/6235181782,https://creativecommons.org/licenses/by/2.0/
d654d3189d6943c9,cauliflower,shankar s.,https://www.flickr.com/people/shankaronline/,Fresh cauliflower,https://www.flickr.com/photos/shankaronline/7637731570,https://creativecommons.org/licenses/by/2.0/
ffdeb6b90394b17a,cauliflower,Jim Reynolds,https://www.flickr.com/people/revjim5000/,"Step 3 - add the cauliflower pulled into little florets, chickpeas, tomatoes",https://www.flickr.com/photos/revjim5000/3504795170,https://creativecommons.org/licenses/by/2.0/
254ad48c5a0ed5e8,cauliflower,David Stanley,https://www.flickr.com/people/davidstanleytravel/,Cauliflower Delivery,https://www.flickr.com/photos/davidstanleytravel/8591304516,https://creativecommons.org/licenses/by/2.0/
d98f617afb12c32c,cauliflower,Lonneke &amp; Gerdie Marian,https://www.flickr.com/people/lonneke-gerdiemarian/,Bloemkool groeit als kool,https://www.flickr.com/photos/lonneke-gerdiemarian/16458111033,https://creativecommons.org/licenses/by/2.0/
e8300522f37abb10,cauliflower,Media Mike Hazard,https://www.flickr.com/people/88709139@N08/,DSC05957 Cauliflower HAFA FARM,https://www.flickr.com/photos/88709139@N08/19339381609,https://creativecommons.org/licenses/by/2.0/
a0def8c50d5eee74,cauliflower,Andrew Pantyukhin,https://www.flickr.com/people/infofarmer/,Ripe cauliflower for dinner.,https://www.flickr.com/photos/infofarmer/8100929301,https://creativecommons.org/licenses/by/2.0/
9c371df3793afe0d,cauliflower,Thomas Guest,https://www.flickr.com/people/thomasguest/,fractal-vegetable,https://www.flickr.com/photos/thomasguest/2857208130,https://creativecommons.org/licenses/by/2.0/
8e261db781109373,cauliflower,Bo-Yi Wu,https://www.flickr.com/people/appleboy/,DSC03921,https://www.flickr.com/photos/appleboy/4145257553,https://creativecommons.org/licenses/by/2.0/
12aa32840cff5ed6,lettuce,Eric BC Lim,https://www.flickr.com/people/ericlbc/,Butterhead lettuce,https://www.flickr.com/photos/ericlbc/3704845618,https://creativecommons.org/licenses/by/2.0/
4ffaa94ae4ef0657,lettuce,Eric BC Lim,https://www.flickr.com/people/ericlbc/,Butterhead lettuce,https://www.flickr.com/photos/ericlbc/3704847104,https://creativecommons.org/licenses/by/2.0/
ba1405da8c3956d8,lettuce,Frédérique Voisin-Demery,https://www.flickr.com/people/vialbost/,Salade du jardin - 2012-06-08,https://www.flickr.com/photos/vialbost/7353843358,https://creativecommons.org/licenses/by/2.0/
64488be828df2ba1,lettuce,Paul Tomlin,https://www.flickr.com/people/paultomlin/,Green Lettuce!,https://www.flickr.com/photos/paultomlin/2814798749,https://creativecommons.org/licenses/by/2.0/
284a002a07e2bf5f,lettuce,adil113,https://www.flickr.com/people/64884898@N04/,salad,https://www.flickr.com/photos/64884898@N04/5953463561,https://creativecommons.org/licenses/by/2.0/
c50eb81de766705c,lettuce,normanack,https://www.flickr.com/people/29278394@N00/,lettuce seeds,https://www.flickr.com/photos/29278394@N00/2459274101,https://creativecommons.org/licenses/by/2.0/
611b2751cd52ab56,lettuce,feli*,https://www.flickr.com/people/absolut_feli/,"Harvested today. Lettuce leaves, bok choi, silverbeets and parsley. Salad lunch sorted tomorrow. :)",https://www.flickr.com/photos/absolut_feli/9679753148,https://creativecommons.org/licenses/by/2.0/
8bbdde11b8e12645,lettuce,Cheryl DeWolfe,https://www.flickr.com/people/triviaqueen/,saladgreens,https://www.flickr.com/photos/triviaqueen/24497453,https://creativecommons.org/licenses/by/2.0/
dac49f728b0f5a4f,lettuce,switz1873,https://www.flickr.com/people/tripletri/,"PS: Lettuce. (Pataskala, OH)",https://www.flickr.com/photos/tripletri/9121917024,https://creativecommons.org/licenses/by/2.0/
1426006e492c8e4d,lettuce,Urban Sprouts,https://www.flickr.com/people/abbysprouts/,Lettuce=Lechuga,https://www.flickr.com/photos/abbysprouts/5671109032,https://creativecommons.org/licenses/by/2.0/
f6dbfa3db3968347,lettuce,Alice Henneman,https://www.flickr.com/people/alicehenneman/,Lettuce,https://www.flickr.com/photos/alicehenneman/5849718391,https://creativecommons.org/licenses/by/2.0/
d7d7b3cdc6088cc1,lettuce,ilovebutter,https://www.flickr.com/people/jdickert/,Red and Green Leaf Lettuce,https://www.flickr.com/photos/jdickert/604500438,https://creativecommons.org/licenses/by/2.0/
f24a7bc18f94933e,lettuce,Sharada Prasad CS,https://www.flickr.com/people/sharadaprasad/,CSP_5659.JPG,https://www.flickr.com/photos/sharadaprasad/3319810242,https://creativecommons.org/licenses/by/2.0/
fa5649a07afb91d0,lettuce,Joi Ito,https://www.flickr.com/people/joi/,Romaine,https://www.flickr.com/photos/joi/2565192757,https://creativecommons.org/licenses/by/2.0/
ef5e91c2bb35822c,lettuce,The Local People Photo Archive,https://www.flickr.com/people/thelocalpeople/,Grow Your Own,https://www.flickr.com/photos/thelocalpeople/5083001439,https://creativecommons.org/licenses/by/2.0/
f209c900859768a2,lettuce,Andreas Kambanis,https://www.flickr.com/people/andikam/,Plants in our garden on the balcony,https://www.flickr.com/photos/andikam/4884469003,https://creativecommons.org/licenses/by/2.0/
690713bce44a6beb,lettuce,Asha Susan,https://www.flickr.com/people/ashasusan/,Oak Leaf Lettuce,https://www.flickr.com/photos/ashasusan/4323794805,https://creativecommons.org/licenses/by/2.0/
7fb5dc77b2d83459,lettuce,Andrew Malone,https://www.flickr.com/people/andrewmalone/,Lettuce leaf,https://www.flickr.com/photos/andrewmalone/14018849331,https://creativecommons.org/licenses/by/2.0/
5286e09c970760ae,lettuce,Ruth Hartnup,https://www.flickr.com/people/ruthanddave/,Lettuce,https://www.flickr.com/photos/ruthanddave/4668878313,https://creativecommons.org/licenses/by/2.0/
cebf146ad050f375,lettuce,Eliane Kobayakawa,https://www.flickr.com/people/elicrisko/,Alface hidropônica II,https://www.flickr.com/photos/elicrisko/10947313,https://creativecommons.org/licenses/by/2.0/
04773839db040761,lettuce,Carl Lewis,https://www.flickr.com/people/carllewis/,Lactuca sativa,https://www.flickr.com/photos/carllewis/1469520113,https://creativecommons.org/licenses/by/2.0/
391b15bf8dfae98f,lettuce,Jeremy Bronson,https://www.flickr.com/people/jbrons/,Grand Rapids Lettuce,https://www.flickr.com/photos/jbrons/4686922342,https://creativecommons.org/licenses/by/2.0/
22a5a1c3958b323b,lettuce,Mervi Eskelinen,https://www.flickr.com/people/tasselflower/,Kale and banana smoothie,https://www.flickr.com/photos/tasselflower/9515109755,https://creativecommons.org/licenses/by/2.0/
a48e1d9c7b4348b0,lettuce,Codevasf,https://www.flickr.com/people/codevasf/,"Com apoio de Codevasf e Embrapa, jovens produzem alimentos biofortificados no Piauí",https://www.flickr.com/photos/codevasf/17215986425,https://creativecommons.org/licenses/by/2.0/
674917b736ea1911,lettuce,J.H. Fearless,https://www.flickr.com/people/jessicareeder/,P1030755,https://www.flickr.com/photos/jessicareeder/3495173217,https://creativecommons.org/licenses/by/2.0/
b772ad925841be4b,lettuce,Paul Joseph,https://www.flickr.com/people/sashafatcat/,09-jul-06,https://www.flickr.com/photos/sashafatcat/3719921984,https://creativecommons.org/licenses/by/2.0/
270711d8e87ba6bd,lettuce,Sarah,https://www.flickr.com/people/dichohecho/,Homegrown lettuce,https://www.flickr.com/photos/dichohecho/2539676022,https://creativecommons.org/licenses/by/2.0/
1d9d4566ff97773b,lettuce,Carl Lewis,https://www.flickr.com/people/carllewis/,Lactuca sativa,https://www.flickr.com/photos/carllewis/1470391986,https://creativecommons.org/licenses/by/2.0/
ed27799e940f2830,bell_pepper,Convergència i Unió,https://www.flickr.com/people/convergenciaiunio/,Josep Rull al mercat del Vendrell,https://www.flickr.com/photos/convergenciaiunio/17372766870,https://creativecommons.org/licenses/by/2.0/
3c973c21ab2e05e9,bell_pepper,Eugene Kim,https://www.flickr.com/people/eekim/,Smiling Poblano,https://www.flickr.com/photos/eekim/2846088907,https://creativecommons.org/licenses/by/2.0/
a454c49cdca6ea15,bell_pepper,Maks Karochkin,https://www.flickr.com/people/karochkin/,pepper,https://www.flickr.com/photos/karochkin/4561564484,https://creativecommons.org/licenses/by/2.0/
d9461b8ae3e747a0,bell_pepper,Jose Luis Cernadas Iglesias,https://www.flickr.com/people/jlcernadas/,930-Pimiento Rojo,https://www.flickr.com/photos/jlcernadas/4253328555,https://creativecommons.org/licenses/by/2.0/
6b5a5dacaef4cc8c,bell_pepper,Max Bosio,https://www.flickr.com/people/mbosio/,El Festín del Mesón,https://www.flickr.com/photos/mbosio/4644552222,https://creativecommons.org/licenses/by/2.0/
39f8d5252ec63039,bell_pepper,Meng Weng Wong,https://www.flickr.com/people/mengwong/,img_3505,https://www.flickr.com/photos/mengwong/2677887496,https://creativecommons.org/licenses/by/2.0/
df6cdc95c3dd63ea,bell_pepper,Vernon Chan,https://www.flickr.com/people/vernieman/,100 Random Yellow Things #YellowFever,https://www.flickr.com/photos/vernieman/5914419096,https://creativecommons.org/licenses/by/2.0/
fb53b3ef1dd99863,bell_pepper,koorosh B,https://www.flickr.com/people/50823081@N08/,IMG_1964,https://www.flickr.com/photos/50823081@N08/5287556870,https://creativecommons.org/licenses/by/2.0/
fb26bb4b5c0c68aa,bell_pepper,UpSticksNGo Crew,https://www.flickr.com/people/upsticksngo/,And now the healthy stuff! #upsticksandgo #market #barcelona #spain #fruit #vegetables #foodporn #travel #travellingtheworld #michfrost,https://www.flickr.com/photos/upsticksngo/16319408867,https://creativecommons.org/licenses/by/2.0/
9c4359e19f5f7ddf,bell_pepper,David Santaolalla,https://www.flickr.com/people/santaolalla/,Pinta y colorea,https://www.flickr.com/photos/santaolalla/21814622979,https://creativecommons.org/licenses/by/2.0/
e5ced444fedde242,bell_pepper,Herbolario Allium: www.alliumherbal.com,https://www.flickr.com/people/alliumherbal/,Pimientos verdes,https://www.flickr.com/photos/alliumherbal/14548388641,https://creativecommons.org/licenses/by/2.0/
014abb8f9dd9bf13,bell_pepper,Andreas Lehner,https://www.flickr.com/people/lehnin78/,From Milano to Alba and back,https://www.flickr.com/photos/lehnin78/11225587424,https://creativecommons.org/licenses/by/2.0/
99c38c75be37c735,bell_pepper,Lucas Cobb,https://www.flickr.com/people/cobblucas/,Bell Peppers,https://www.flickr.com/photos/cobblucas/4783962793,https://creativecommons.org/licenses/by/2.0/
90fcd4642c308e3a,bell_pepper,Lori L. Stalteri,https://www.flickr.com/people/llstalteri/,Bowl of Habaneros,https://www.flickr.com/photos/llstalteri/8180861035,https://creativecommons.org/licenses/by/2.0/
7d6dfdc10567731c,bell_pepper,George M. Groutas,https://www.flickr.com/people/jorge-11/,DSC_1615,https://www.flickr.com/photos/jorge-11/5117789397,https://creativecommons.org/licenses/by/2.0/
c237f9cec8e311b0,bell_pepper,Walmart,https://www.flickr.com/people/walmartcorporate/,Walmart Organic Bell Peppers,https://www.flickr.com/photos/walmartcorporate/5263930002,https://creativecommons.org/licenses/by/2.0/
03162583e698917d,bell_pepper,jeanluc.schumacher,https://www.flickr.com/people/14710598@N08/,dedzou!!,https://www.flickr.com/photos/14710598@N08/1655202865/,https://creativecommons.org/licenses/by/2.0/
1d6282df25bffdb3,bell_pepper,jean-louis Zimmermann,https://www.flickr.com/people/jeanlouis_zimmermann/,"marché du jeudi (ORANGE, FR84)",https://www.flickr.com/photos/jeanlouis_zimmermann/786805759,https://creativecommons.org/licenses/by/2.0/
035ff0e7ad9ab60d,bell_pepper,Chris Brown,https://www.flickr.com/people/zoonabar/,Capsicum,https://www.flickr.com/photos/zoonabar/2442528901,https://creativecommons.org/licenses/by/2.0/
4ea0e91964da7cb1,bell_pepper,Nikos,https://www.flickr.com/people/metor153/,IMG_2016,https://www.flickr.com/photos/metor153/7526260376,https://creativecommons.org/licenses/by/2.0/
5ede7605d82f7945,bell_pepper,pika1935,https://www.flickr.com/people/93256705@N05/,パプリカ,https://www.flickr.com/photos/93256705@N05/21122702020,https://creativecommons.org/licenses/by/2.0/
43b4a0e9fd52b192,chili_pepper,LAGreenGrounds,https://www.flickr.com/people/lagreengrounds/,ron finley tomato plant,https://www.flickr.com/photos/lagreengrounds/14785241101,https://creativecommons.org/licenses/by/2.0/
647b5b404aa66943,chili_pepper,Tim Buss,https://www.flickr.com/people/timbuss/,Thai pepper harvest,https://www.flickr.com/photos/timbuss/15126332670,https://creativecommons.org/licenses/by/2.0/
ce13bff5ba7e020e,chili_pepper,jakerome,https://www.flickr.com/people/jakerome/,Green (jalapenos),https://www.flickr.com/photos/jakerome/4745134128,https://creativecommons.org/licenses/by/2.0/
92e13616d3d40b24,chili_pepper,Jeff Egnaczyk,https://www.flickr.com/people/post406/,Chili peppers,https://www.flickr.com/photos/post406/1655880290,https://creativecommons.org/licenses/by/2.0/
421278440d33eeaf,chili_pepper,Steve Johnson,https://www.flickr.com/people/artbystevejohnson/,pizza-11,https://www.flickr.com/photos/artbystevejohnson/4975786302,https://creativecommons.org/licenses/by/2.0/
0b312a9e9c21c247,chili_pepper,Ian Ransley,https://www.flickr.com/people/design-dog/,Peppers!,https://www.flickr.com/photos/design-dog/1105387190,https://creativecommons.org/licenses/by/2.0/
901acf86b8243e66,chili_pepper,Market Manager,https://www.flickr.com/people/37884983@N03/,Peppers,https://www.flickr.com/photos/37884983@N03/3816129839,https://creativecommons.org/licenses/by/2.0/
aa809d0a8a7490be,chili_pepper,Javier Lastras,https://www.flickr.com/people/jlastras/,Guindillas en la sartén,https://www.flickr.com/photos/jlastras/2707804322,https://creativecommons.org/licenses/by/2.0/
e880b2116105dc5e,chili_pepper,Everjean,https://www.flickr.com/people/evert-jan/,Spiced,https://www.flickr.com/photos/evert-jan/314343250,https://creativecommons.org/licenses/by/2.0/
5d80fa5d0595f9e8,chili_pepper,Procsilas Moscas,https://www.flickr.com/people/procsilas/,untitled,https://www.flickr.com/photos/procsilas/1301344984,https://creativecommons.org/licenses/by/2.0/
d9fd0bcbda872e8e,chili_pepper,Ilan Kirschenbaum,https://www.flickr.com/people/51162643@N03/,PC114949,https://www.flickr.com/photos/51162643@N03/6540361125,https://creativecommons.org/licenses/by/2.0/
6c1db5e88c6ba393,chili_pepper,Mayda Sanchez-Shingler,https://www.flickr.com/people/maydaohio/,IMG_0022,https://www.flickr.com/photos/maydaohio/8064222862,https://creativecommons.org/licenses/by/2.0/
9f3c017d492c1148,chili_pepper,Loco Steve,https://www.flickr.com/people/locosteve/,Pike's Place Market Seattle,https://www.flickr.com/photos/locosteve/5232913174,https://creativecommons.org/licenses/by/2.0/
8d7cdc0194204008,chili_pepper,nociveglia,https://www.flickr.com/people/40385177@N07/,jalapenos,https://www.flickr.com/photos/40385177@N07/15329194409,https://creativecommons.org/licenses/by/2.0/
51621d36222ca5b2,chili_pepper,Vegan Feast Catering,https://www.flickr.com/people/veganfeast/,Thai Chilies,https://www.flickr.com/photos/veganfeast/4997457044,https://creativecommons.org/licenses/by/2.0/
0270db05fb2107ad,chili_pepper,Jessica Spengler,https://www.flickr.com/people/wordridden/,365.125: Bird's eye chilies,https://www.flickr.com/photos/wordridden/4616650747,https://creativecommons.org/licenses/by/2.0/
78ffc455a5cddbf7,chili_pepper,jules,https://www.flickr.com/people/stone-soup/,chilli oil halloumi6,https://www.flickr.com/photos/stone-soup/6373955001,https://creativecommons.org/licenses/by/2.0/
1fbe753ab8039157,chili_pepper,jcwadeaz,https://www.flickr.com/people/jcwade/,Red Hot,https://www.flickr.com/photos/jcwade/2224418889,https://creativecommons.org/licenses/by/2.0/
377c6e972c443b60,chili_pepper,James Diedrick,https://www.flickr.com/people/jkdatlanta/,cayenne pepper plant,https://www.flickr.com/photos/jkdatlanta/3497413025,https://creativecommons.org/licenses/by/2.0/
f2f1c8c65327a3fd,chili_pepper,UpSticksNGo Crew,https://www.flickr.com/people/upsticksngo/,Chilli - very popular here! #upsticksandgo #chilli #travel #travelphotos #travellingtheworld #localfood #chilli #lombok #indofood #indonesia,https://www.flickr.com/photos/upsticksngo/15230189940,https://creativecommons.org/licenses/by/2.0/
6476d548cd6cde32,chili_pepper,Danielle Walquist  Lynch,https://www.flickr.com/people/25195310@N02/,Peppers,https://www.flickr.com/photos/25195310@N02/3853486272,https://creativecommons.org/licenses/by/2.0/
4c89ba7a542d3ce9,chili_pepper,Alberto Varela,https://www.flickr.com/people/artberri/,"Pimientos secos, simplemente",https://www.flickr.com/photos/artberri/3921232734,https://creativecommons.org/licenses/by/2.0/
75d8befd1522ea89,chili_pepper,Iwan Gabovitch,https://www.flickr.com/people/qubodup/,Heap of Dried Red Chili Peppers,https://www.flickr.com/photos/qubodup/7698343400,https://creativecommons.org/licenses/by/2.0/
e9f039fa24739810,chili_pepper,Damian Gadal,https://www.flickr.com/people/23024164@N06/,Untitled,https://www.flickr.com/photos/23024164@N06/14930556396,https://creativecommons.org/licenses/by/2.0/
c33130d3745fd427,chili_pepper,Luz,https://www.flickr.com/people/nieve44/,Got Hatch?,https://www.flickr.com/photos/nieve44/4997721924,https://creativecommons.org/licenses/by/2.0/
0460697b8ccf2c78,chili_pepper,Paul Arps,https://www.flickr.com/people/slapers/,Pepper at the Shan Market in Pyin Oo Lwin (Myanmar 2013),https://www.flickr.com/photos/slapers/11773270206,https://creativecommons.org/licenses/by/2.0/
03e90a1147ae41e9,chili_pepper,Holly,https://www.flickr.com/people/joyless_joyless/,dried hot peppers,https://www.flickr.com/photos/joyless_joyless/49711782,https://creativecommons.org/licenses/by/2.0/
57db3112bc0da274,chili_pepper,merec0,https://www.flickr.com/people/merec0/,P7179341,https://www.flickr.com/photos/merec0/4815040014,https://creativecommons.org/licenses/by/2.0/
af68a2bbf9b495ca,chili_pepper,Gemma Billings,https://www.flickr.com/people/gemmamei/,2010 07 24,https://www.flickr.com/photos/gemmamei/4842533682,https://creativecommons.org/licenses/by/2.0/
e1d3d83780ee837d,chili_pepper,Dennis Hill,https://www.flickr.com/people/fontplaydotcom/,fp052507-03,https://www.flickr.com/photos/fontplaydotcom/536665000,https://creativecommons.org/licenses/by/2.0/
c294ba5496833a82,chili_pepper,Jimmy_Joe,https://www.flickr.com/people/joc67/,Hot,https://www.flickr.com/photos/joc67/210245503,https://creativecommons.org/licenses/by/2.0/
30060f1a4d3b44d5,chili_pepper,Steven Depolo,https://www.flickr.com/people/stevendepolo/,Hot Chilis Angel Thai Cafe 12-4-09 -- IMG_0051jpg,https://www.flickr.com/photos/stevendepolo/4188865689,https://creativecommons.org/licenses/by/2.0/
754a21fb3d1560c4,chili_pepper,shankar s.,https://www.flickr.com/people/shankaronline/,Red Chillies (hot peppers),https://www.flickr.com/photos/shankaronline/7766723112,https://creativecommons.org/licenses/by/2.0/
24bf2f9fa03a0612,chili_pepper,Miran  Rijavec,https://www.flickr.com/people/miran/,IMG_20150707_230151.jpg,https://www.flickr.com/photos/miran/19317359390,https://creativecommons.org/licenses/by/2.0/
587da4d284b5d230,chili_pepper,Roberto Verzo,https://www.flickr.com/people/verzo/,Chili green and pechay,https://www.flickr.com/photos/verzo/14641216965,https://creativecommons.org/licenses/by/2.0/
3d920f6f08ab15f0,chili_pepper,Paul Hudson,https://www.flickr.com/people/pahudson/,Chillies,https://www.flickr.com/photos/pahudson/16172954539,https://creativecommons.org/licenses/by/2.0/
e4ce549fb2dfc99d,chili_pepper,Andrew Ratto,https://www.flickr.com/people/andydr/,Spicy!,https://www.flickr.com/photos/andydr/2605695,https://creativecommons.org/licenses/by/2.0/
0b57fc481fe067a9,chili_pepper,HarmonyRae,https://www.flickr.com/people/harmonyraelingen/,DSC_0460,https://www.flickr.com/photos/harmonyraelingen/11923380473,https://creativecommons.org/licenses/by/2.0/
3ae337b3cf20dd08,chili_pepper,Hiltrud Möller-Eberth,https://www.flickr.com/people/24211956@N05/,Red and hot,https://www.flickr.com/photos/24211956@N05/4148820188,https://creativecommons.org/licenses/by/2.0/
25a8f4f5979207b8,chili_pepper,Tama Leaver,https://www.flickr.com/people/tamaleaver/,#chilli,https://www.flickr.com/photos/tamaleaver/7722166042,https://creativecommons.org/licenses/by/2.0/
2c9f5f9785980ba1,chili_pepper,Joselu Blanco,https://www.flickr.com/people/silverman68/,Jalapeños,https://www.flickr.com/photos/silverman68/5026601575/,https://creativecommons.org/licenses/by/2.0/
8f0c4f57e8162dbf,chili_pepper,twistedstringknits,https://www.flickr.com/people/twisted-string/,New Mexico Green Chiles,https://www.flickr.com/photos/twisted-string/7616885464,https://creativecommons.org/licenses/by/2.0/
a11fe89d12f439c5,chili_pepper,Nick Saltmarsh,https://www.flickr.com/people/nsalt/,Chillis,https://www.flickr.com/photos/nsalt/2808206383,https://creativecommons.org/licenses/by/2.0/
19d0b333b8a77451,chili_pepper,Whit Andrews,https://www.flickr.com/people/whita/,Black Pepper,https://www.flickr.com/photos/whita/3760480624,https://creativecommons.org/licenses/by/2.0/
524baa3142f4c619,chili_pepper,Rui Ornelas,https://www.flickr.com/people/fotos_dos_ornelas/,AZENHAS DO MAR,https://www.flickr.com/photos/fotos_dos_ornelas/8195650313,https://creativecommons.org/licenses/by/2.0/
95550054b7ba4db0,chili_pepper,夏爱克,https://www.flickr.com/people/around_the_corner/,Chilli,https://www.flickr.com/photos/around_the_corner/11775958146,https://creativecommons.org/licenses/by/2.0/
6e3647b0abf74b82,chili_pepper,Dorine Ruter,https://www.flickr.com/people/dorineruter/,Scherpste pepertje ter wereld,https://www.flickr.com/photos/dorineruter/8033552459,https://creativecommons.org/licenses/by/2.0/
4346cde95fad62a9,chili_pepper,Phil Roeder,https://www.flickr.com/people/tabor-roeder/,Madison Farmers Market,https://www.flickr.com/photos/tabor-roeder/8029464919,https://creativecommons.org/licenses/by/2.0/
e08d554633444e9f,chili_pepper,Mohd Rosdi Zainal Abidin,https://www.flickr.com/people/mrosdi/,kecil-kecil cili api,https://www.flickr.com/photos/mrosdi/3964655653,https://creativecommons.org/licenses/by/2.0/
096f339c63794009,chili_pepper,Ben Hosking,https://www.flickr.com/people/benhosking/,2011_1409 - Nature Textures_6,https://www.flickr.com/photos/benhosking/6144953139,https://creativecommons.org/licenses/by/2.0/
fdf76ed65e1fc05a,chili_pepper,senov,https://www.flickr.com/people/busbong/,三色展開万願寺。,https://www.flickr.com/photos/busbong/6434913027,https://creativecommons.org/licenses/by/2.0/
1b3ae78c9197cc07,chili_pepper,Karri Huhtanen,https://www.flickr.com/people/damork/,IMG_1505,https://www.flickr.com/photos/damork/9602955726,https://creativecommons.org/licenses/by/2.0/
6918360a4f017a28,chili_pepper,Andy Roberts,https://www.flickr.com/people/aroberts/,More radish pods,https://www.flickr.com/photos/aroberts/20596234396,https://creativecommons.org/licenses/by/2.0/
a84dc7c9f58fafcf,chili_pepper,the Italian voice,https://www.flickr.com/people/desiitaly/,Our hot red peppers,https://www.flickr.com/photos/desiitaly/2035171820,https://creativecommons.org/licenses/by/2.0/
29bb383f093d0838,chili_pepper,netstrolling,https://www.flickr.com/people/netstrolling/,고추,https://www.flickr.com/photos/netstrolling/16675193039,https://creativecommons.org/licenses/by/2.0/
f8d7f6d3d7149843,chili_pepper,Mike Licht,https://www.flickr.com/people/notionscapital/,Hot Peppers,https://www.flickr.com/photos/notionscapital/10786739554,https://creativecommons.org/licenses/by/2.0/
2b3a0cf3cc0084b9,chili_pepper,Javier Lastras,https://www.flickr.com/people/jlastras/,Pimientos Verdes,https://www.flickr.com/photos/jlastras/4334721739,https://creativecommons.org/licenses/by/2.0/
ec0547308a3a6224,chili_pepper,Andrew 鐘,https://www.flickr.com/people/meatbell/,peppers,https://www.flickr.com/photos/meatbell/232760962/,https://creativecommons.org/licenses/by/2.0/
52b9dc76b083d132,chili_pepper,Alexandra,https://www.flickr.com/people/maliciousfairy/,Red Hot Chilli Pepper,https://www.flickr.com/photos/maliciousfairy/6872135768,https://creativecommons.org/licenses/by/2.0/
bf8b72e9ae5bc47f,chili_pepper,Andrew Fresh,https://www.flickr.com/people/afresh1/,Checking in on the #ghostpeppers,https://www.flickr.com/photos/afresh1/21182336098,https://creativecommons.org/licenses/by/2.0/
23c38f40ed3ae734,chili_pepper,Julie Gibbons,https://www.flickr.com/people/organikal/,red chilli bunch close,https://www.flickr.com/photos/organikal/5050726205,https://creativecommons.org/licenses/by/2.0/
3e13240fa1b4f370,chili_pepper,Secretaria de Agricultura e Abastecimento,https://www.flickr.com/people/agriculturasp/,Pimenta Dedo-de-moça Amarela,https://www.flickr.com/photos/agriculturasp/5255278469,https://creativecommons.org/licenses/by/2.0/
cdddcde93050891a,chili_pepper,LindsayT...,https://www.flickr.com/people/honeyroastd/,06770014,https://www.flickr.com/photos/honeyroastd/16614846117,https://creativecommons.org/licenses/by/2.0/
32313d69e8e22c22,chili_pepper,Börkur Sigurbjörnsson,https://www.flickr.com/people/borkurdotnet/,Peppers,https://www.flickr.com/photos/borkurdotnet/5011080676/,https://creativecommons.org/licenses/by/2.0/
e404a4878096c706,chili_pepper,Marcus Zorbis,https://www.flickr.com/people/zorbis/,Spicy sunday.,https://www.flickr.com/photos/zorbis/142216654,https://creativecommons.org/licenses/by/2.0/
8682a67ecb6b19c4,chili_pepper,Guy Montag,https://www.flickr.com/people/mapper-montag/,Peppers,https://www.flickr.com/photos/mapper-montag/1289987865,https://creativecommons.org/licenses/by/2.0/
fafaf24fcc4682a5,chili_pepper,Patrick Feller,https://www.flickr.com/people/nakrnsm/,"Produce Market, Airline Dr., Houston, Texas 0811091724",https://www.flickr.com/photos/nakrnsm/3814631927,https://creativecommons.org/licenses/by/2.0/
bbefb83903673cfe,chili_pepper,Peter-Ashley Jackson,https://www.flickr.com/people/p22earl/,Spiral chili pepper,https://www.flickr.com/photos/p22earl/3244049632,https://creativecommons.org/licenses/by/2.0/
6ead5c8a591db44c,chili_pepper,Mike Lee,https://www.flickr.com/people/curiouslee/,DSCN0021,https://www.flickr.com/photos/curiouslee/3954761412,https://creativecommons.org/licenses/by/2.0/
67c01e1cdfbf6a57,chili_pepper,Suloke Mathai,https://www.flickr.com/people/13416821@N08/,Yesssssss!! Chillies!!,https://www.flickr.com/photos/13416821@N08/5620386948,https://creativecommons.org/licenses/by/2.0/
124e0acbf36ca084,chili_pepper,Nattu,https://www.flickr.com/people/nattu/,Maldivian Made. So vivid..,https://www.flickr.com/photos/nattu/2879166259,https://creativecommons.org/licenses/by/2.0/
a8fbcd40d49161fb,chili_pepper,Warren Rachele,https://www.flickr.com/people/wrachele/,Pick a Peck of Red Hot Peppers,https://www.flickr.com/photos/wrachele/8448498295,https://creativecommons.org/licenses/by/2.0/
f58a2f90811a02a4,chili_pepper,J P Davidson,https://www.flickr.com/people/jpdavidsonimages/,Red Peppers,https://www.flickr.com/photos/jpdavidsonimages/4752642640,https://creativecommons.org/licenses/by/2.0/
875651b0238c95a1,chili_pepper,Austin Kirk,https://www.flickr.com/people/aukirk/,Red Hot Peppers,https://www.flickr.com/photos/aukirk/8031798215,https://creativecommons.org/licenses/by/2.0/
3b92193377243944,chili_pepper,Dèsirèe Tonus,https://www.flickr.com/people/interno2/,green chillies,https://www.flickr.com/photos/interno2/6222809651,https://creativecommons.org/licenses/by/2.0/
d5cc254a73a914dd,chili_pepper,Daniele Gidsicki,https://www.flickr.com/people/dgidsicki/,Pimentas - Aracajú,https://www.flickr.com/photos/dgidsicki/2257723601,https://creativecommons.org/licenses/by/2.0/
cb89afe2f172efc1,chili_pepper,mannewaar,https://www.flickr.com/people/mannewaar/,Apache Chili - Afternoon,https://www.flickr.com/photos/mannewaar/4867235790,https://creativecommons.org/licenses/by/2.0/
173460a932147f41,chili_pepper,Urs Steiner,https://www.flickr.com/people/stoneysteiner/,These will set your stomache on fire!,https://www.flickr.com/photos/stoneysteiner/16408294064,https://creativecommons.org/licenses/by/2.0/
5382ed28f4fe8c6c,chili_pepper,Wesley Fryer,https://www.flickr.com/people/wfryer/,Anaheim Green Chilis,https://www.flickr.com/photos/wfryer/6859182213/,https://creativecommons.org/licenses/by/2.0/
e9fbba1c0113a79e,chili_pepper,James Bowe,https://www.flickr.com/people/jamesrbowe/,Three Red Chilli Peppers,https://www.flickr.com/photos/jamesrbowe/6018808766,https://creativecommons.org/licenses/by/2.0/
7947cb5b5e6ed83a,chili_pepper,Carlos Lopes,https://www.flickr.com/people/carlosedlopes/,Pimentas,https://www.flickr.com/photos/carlosedlopes/3721216134,https://creativecommons.org/licenses/by/2.0/
43f40fc7e859d209,chili_pepper,Jaymis Loveday,https://www.flickr.com/people/jaymis/,Coles had a special on Dangerous Chillies. So I’m trying Ghost and Carolina Reaper for the first time. The Reaper is srs bsns.,https://www.flickr.com/photos/jaymis/17773224478,https://creativecommons.org/licenses/by/2.0/
b825a4fbbf44cfb9,chili_pepper,brownpau,https://www.flickr.com/people/brownpau/,Thai green chilies,https://www.flickr.com/photos/brownpau/11757786526,https://creativecommons.org/licenses/by/2.0/
31458a2764cf9dd7,chili_pepper,Sasha Farina,https://www.flickr.com/people/sashafarina/,Enough green chillies? We'll see. They say what you eat today might burn your ass tomorrow. Haha!,https://www.flickr.com/photos/sashafarina/9364654490,https://creativecommons.org/licenses/by/2.0/
59f7a287079f4cbd,chili_pepper,SantaRosa OLD SKOOL,https://www.flickr.com/people/santarosa/,Para tirar mau olhado...,https://www.flickr.com/photos/santarosa/125347818,https://creativecommons.org/licenses/by/2.0/
44519aaa0006ccd4,chili_pepper,liu_xing,https://www.flickr.com/people/margaret-t/,Mandalay market,https://www.flickr.com/photos/margaret-t/8310940008,https://creativecommons.org/licenses/by/2.0/
62eb733bbd21228f,chili_pepper,Christian Dory,https://www.flickr.com/people/94873553@N00/,Hot Red,http://www.flickr.com/photos/94873553@N00/428678262/in/set-72157594492915063/,https://creativecommons.org/licenses/by/2.0/
f24d543624b7f92d,chili_pepper,Tarek Siala,https://www.flickr.com/people/tarksiala/,Red Pepper,https://www.flickr.com/photos/tarksiala/10757740015,https://creativecommons.org/licenses/by/2.0/
d824d455648cb57f,chili_pepper,Jeff Shewan,https://www.flickr.com/people/shoeboxpics27/,Shishito Peppers,https://www.flickr.com/photos/shoeboxpics27/16177919601,https://creativecommons.org/licenses/by/2.0/
fbba0f9e83187f80,chili_pepper,Herbolario Allium: www.alliumherbal.com,https://www.flickr.com/people/alliumherbal/,Pimiento rojo italiano,https://www.flickr.com/photos/alliumherbal/7425544818,https://creativecommons.org/licenses/by/2.0/
5e4509d4d693d88d,chili_pepper,Shumpei Sano,https://www.flickr.com/people/128518134@N07/,red hot chilli peppers,https://www.flickr.com/photos/128518134@N07/15933361369,https://creativecommons.org/licenses/by/2.0/
cdeb0c20486b2396,chili_pepper,Mai Le,https://www.flickr.com/people/maile/,peppers,https://www.flickr.com/photos/maile/2901776034,https://creativecommons.org/licenses/by/2.0/
4410e31efb6ddfef,chili_pepper,yanhan wang,https://www.flickr.com/people/99744033@N06/,my name is chili,https://www.flickr.com/photos/99744033@N06/9419631499,https://creativecommons.org/licenses/by/2.0/
69570d6809014f1d,corn,Didriks,https://www.flickr.com/people/dinnerseries/,The corn is ready for the grill,https://www.flickr.com/photos/dinnerseries/4821483909,https://creativecommons.org/licenses/by/2.0/
c1f0345b9bf19b6e,corn,karen2754,https://www.flickr.com/people/48677280@N00/,popcorn,https://www.flickr.com/photos/48677280@N00/2199126999,https://creativecommons.org/licenses/by/2.0/
1ee37d95b6c9a487,corn,Ian @ ThePaperboy.com,https://www.flickr.com/people/thepaperboy/,Orange Pyramid,https://www.flickr.com/photos/thepaperboy/2188860700,https://creativecommons.org/licenses/by/2.0/
b3ac244935827ac4,corn,Dru Bloomfield,https://www.flickr.com/people/athomeinscottsdale/,Corn in the Pool,https://www.flickr.com/photos/athomeinscottsdale/5737866359,https://creativecommons.org/licenses/by/2.0/
f93d2dab75e7ea1d,corn,camay,https://www.flickr.com/people/camay/,1018061763.jpg,https://www.flickr.com/photos/camay/9664374862,https://creativecommons.org/licenses/by/2.0/
e835789924aa837c,corn,elaine ross baylon,https://www.flickr.com/people/elainerossbaylon/,Ang mais.. Bow! #corn #cornix #lifeisbeautiful,https://www.flickr.com/photos/elainerossbaylon/14125580656,https://creativecommons.org/licenses/by/2.0/
94a9d5545336339e,corn,Rosana Prada,https://www.flickr.com/people/zanastardust/,two-color corn,https://www.flickr.com/photos/zanastardust/1303616796,https://creativecommons.org/licenses/by/2.0/
10626368043a3bd2,corn,Leonardo Rech,https://www.flickr.com/people/leonardorech/,O Trabalho de uma Abelha II,https://www.flickr.com/photos/leonardorech/5640922781,https://creativecommons.org/licenses/by/2.0/
95d66ae8285a6cb1,corn,Bryan Alexander,https://www.flickr.com/people/bryanalexander/,"corn harvested, Sept 2011",https://www.flickr.com/photos/bryanalexander/6115726083,https://creativecommons.org/licenses/by/2.0/
a0d1756a71fda37d,corn,Huan Nguyen,https://www.flickr.com/people/huannguyenfoto/,Bắp khô,https://www.flickr.com/photos/huannguyenfoto/4087973481,https://creativecommons.org/licenses/by/2.0/
9e22d3b2ed00f497,corn,Kabsik Park,https://www.flickr.com/people/royalty-free-images/,corns,https://www.flickr.com/photos/royalty-free-images/139142405,https://creativecommons.org/licenses/by/2.0/
51d49accf9bdd7c9,corn,Sharron,https://www.flickr.com/people/lownote/,Into the maze,https://www.flickr.com/photos/lownote/14758659690,https://creativecommons.org/licenses/by/2.0/
41122b170ffd7326,corn,shrinkin&#x27;violet,https://www.flickr.com/people/samuir/,avon valley country park,https://www.flickr.com/photos/samuir/15091201212,https://creativecommons.org/licenses/by/2.0/
acb81fedbc64fe65,corn,Austin Kirk,https://www.flickr.com/people/aukirk/,Corn Husk,https://www.flickr.com/photos/aukirk/10225779486,https://creativecommons.org/licenses/by/2.0/
0e000edc884057c1,corn,chlsgraphy,https://www.flickr.com/people/chelseasabrina/,4,https://www.flickr.com/photos/chelseasabrina/8313960789,https://creativecommons.org/licenses/by/2.0/
1adc1fc47dabae98,corn,timquijano,https://www.flickr.com/people/timquijano/,"Corn, hanging up in the shed above the house",https://www.flickr.com/photos/timquijano/5452459713,https://creativecommons.org/licenses/by/2.0/
30e855c7efee4246,corn,Ninad Chaudhari,https://www.flickr.com/people/ninadchaudhari/,@ Manori beach,https://www.flickr.com/photos/ninadchaudhari/4528805312,https://creativecommons.org/licenses/by/2.0/
0faaa82e7546df40,corn,Ozzy Delaney,https://www.flickr.com/people/24931020@N02/,Corn,https://www.flickr.com/photos/24931020@N02/15362528175,https://creativecommons.org/licenses/by/2.0/
71d4f62725c17c43,corn,Pete Birkinshaw,https://www.flickr.com/people/binaryape/,A Corny Photograph,https://www.flickr.com/photos/binaryape/4064687614,https://creativecommons.org/licenses/by/2.0/
fdf2c56cd2badc1c,corn,Joshua Rothhaas,https://www.flickr.com/people/joshuarothhaas/,Parents Garden-2,https://www.flickr.com/photos/joshuarothhaas/2874038725,https://creativecommons.org/licenses/by/2.0/
f13051fbec5bddce,corn,shrinkin&#x27;violet,https://www.flickr.com/people/samuir/,avon valley country park ~ maize in the maze,https://www.flickr.com/photos/samuir/14904872449,https://creativecommons.org/licenses/by/2.0/
29d66cb28ef209e1,corn,Frontier Culture Museum,https://www.flickr.com/people/fcmv/,DSCN1525_1600,https://www.flickr.com/photos/fcmv/10175227494/,https://creativecommons.org/licenses/by/2.0/
60124c8a3ec9601a,corn,fishhawk,https://www.flickr.com/people/16502322@N03/,Not a squirrel :),https://www.flickr.com/photos/16502322@N03/17612981558,https://creativecommons.org/licenses/by/2.0/
ce52a02e0fc54539,corn,Niran V V,https://www.flickr.com/people/niranvv/,"Beautiful macro Snap of Corn From Munnar, Kerala",https://www.flickr.com/photos/niranvv/4623791230,https://creativecommons.org/licenses/by/2.0/
a9c5d9bbf71b08f3,corn,Robert Gray,https://www.flickr.com/people/55063261@N06/,IMG_5133,https://www.flickr.com/photos/55063261@N06/14920848239,https://creativecommons.org/licenses/by/2.0/
1ac283c0888a082c,corn,jan_jaja,https://www.flickr.com/people/jan_jaja/,Maiskolben. #basel #herbstmesse,https://www.flickr.com/photos/jan_jaja/6341287247,https://creativecommons.org/licenses/by/2.0/
768f5c30511c7127,corn,Gloria Cabada-Leman,https://www.flickr.com/people/67238971@N04/,Corn,https://www.flickr.com/photos/67238971@N04/6299793495,https://creativecommons.org/licenses/by/2.0/
7c2d3e168d67fb4c,corn,Texas Tech University Student Housing,https://www.flickr.com/people/ttustudents/,IMG_1946,https://www.flickr.com/photos/ttustudents/15592969856,https://creativecommons.org/licenses/by/2.0/
d88f864edcb51014,corn,allisonmseward12,https://www.flickr.com/people/59679093@N02/,HHF Corn Maze,https://www.flickr.com/photos/59679093@N02/8039058284,https://creativecommons.org/licenses/by/2.0/
f69f0998b954adc7,corn,Shubert Ciencia,https://www.flickr.com/people/bigberto/,"Corn (Ames, Iowa)",https://www.flickr.com/photos/bigberto/2829061462,https://creativecommons.org/licenses/by/2.0/
622f55cf251a20ce,corn,liz west,https://www.flickr.com/people/calliope/,kernels,https://www.flickr.com/photos/calliope/5963405779,https://creativecommons.org/licenses/by/2.0/
87b7fd632b1ed0f9,corn,Sharon Mollerus,https://www.flickr.com/people/clairity/,"Corn Cobs, Minnesota State Fair",https://www.flickr.com/photos/clairity/15030771585,https://creativecommons.org/licenses/by/2.0/
978ac911b1acaf5c,corn,oatsy40,https://www.flickr.com/people/oatsy40/,Peas and Sweetcorn,https://www.flickr.com/photos/oatsy40/8419653814,https://creativecommons.org/licenses/by/2.0/
a3b79dbeb2f719e9,corn,Adam Isserlis,https://www.flickr.com/people/adamisserlis/,Clemente's Outing,https://www.flickr.com/photos/adamisserlis/4658229763,https://creativecommons.org/licenses/by/2.0/
dea0f945f13d1643,eggplant,Department of Foreign Affairs and Trade,https://www.flickr.com/people/dfataustralianaid/,SOLS0358,https://www.flickr.com/photos/dfataustralianaid/10722261233,https://creativecommons.org/licenses/by/2.0/
499a41917e530eff,eggplant,Diógenes  ;),https://www.flickr.com/people/diogeneselfilosofo/,Berenjena,https://www.flickr.com/photos/diogeneselfilosofo/8755510673,https://creativecommons.org/licenses/by/2.0/
245989cd558bd026,eggplant,dollen,https://www.flickr.com/people/dollen/,Eggplant,https://www.flickr.com/photos/dollen/8351897160,https://creativecommons.org/licenses/by/2.0/
677f748fc02de7e5,eggplant,Herbolario Allium: www.alliumherbal.com,https://www.flickr.com/people/alliumherbal/,Berenjena,https://www.flickr.com/photos/alliumherbal/16782992659,https://creativecommons.org/licenses/by/2.0/
b8e50eb1fda236d1,eggplant,Alan Levine,https://www.flickr.com/people/cogdog/,Honey I Shrunk the Eggplant!,https://www.flickr.com/photos/cogdog/9411525319,https://creativecommons.org/licenses/by/2.0/
916d5edb5ca9728d,eggplant,Emilian Robert Vicol,https://www.flickr.com/people/free-stock/,baked-eggplant_29729-480x360,https://www.flickr.com/photos/free-stock/4810844549,https://creativecommons.org/licenses/by/2.0/
6db2c39f348a3fa8,eggplant,Ilan Kirschenbaum,https://www.flickr.com/people/51162643@N03/,PC114932,https://www.flickr.com/photos/51162643@N03/6540343945/,https://creativecommons.org/licenses/by/2.0/
7b63aa1886469590,eggplant,Julian Lim,https://www.flickr.com/people/julianlim/,bulky,https://www.flickr.com/photos/julianlim/4639769336,https://creativecommons.org/licenses/by/2.0/
167e4af2583275b4,eggplant,John Hoey,https://www.flickr.com/people/drjohn01702/,Eggplants,https://www.flickr.com/photos/drjohn01702/15176865379,https://creativecommons.org/licenses/by/2.0/
8fa15d284eb9f61c,eggplant,Mike Mozart,https://www.flickr.com/people/jeepersmedia/,"Quagmire Eggplant, 9/2014, by Mike Mozart of TheToyChannel and JeepersMedia on YouTube #Quagmire #EggPlant",https://www.flickr.com/photos/jeepersmedia/14948233400,https://creativecommons.org/licenses/by/2.0/
b49f71f942be44d2,eggplant,Counse,https://www.flickr.com/people/cbroders/,Eggplant 1,https://www.flickr.com/photos/cbroders/5968689301,https://creativecommons.org/licenses/by/2.0/
711a7727d52410f6,eggplant,F Delventhal,https://www.flickr.com/people/krossbow/,Clagett Farm Share Week 12,https://www.flickr.com/photos/krossbow/4881765041,https://creativecommons.org/licenses/by/2.0/
e78e932503864441,eggplant,FoodBankCENC.org,https://www.flickr.com/people/foodbankcenc/,Today is an #EGGcelent #FreshFoodFriday because we get to distribute these fresh eggplants to our partner agencies! We’re so #grateful to be able to provide this #nutritious item to our neighbors who perhaps can’t always afford or do not have access to fr,https://www.flickr.com/photos/foodbankcenc/15472732096,https://creativecommons.org/licenses/by/2.0/
aa89589bca04b7a9,eggplant,Darya Pino,https://www.flickr.com/people/summertomato/,First Eggplants,https://www.flickr.com/photos/summertomato/4836356585,https://creativecommons.org/licenses/by/2.0/
2e7ec8de54f876bf,eggplant,Market Manager,https://www.flickr.com/people/37884983@N03/,Eggplant,https://www.flickr.com/photos/37884983@N03/3781936750,https://creativecommons.org/licenses/by/2.0/
ef43ede1e5171a4f,eggplant,Håvar og Solveig,https://www.flickr.com/people/seenful/,Aubergine,https://www.flickr.com/photos/seenful/3826712768,https://creativecommons.org/licenses/by/2.0/
8da2bce7dda64c71,eggplant,Victoria Rachitzky Hoch,https://www.flickr.com/people/viclic/,"Beringela, Berenjena, Aubergin",https://www.flickr.com/photos/viclic/272753997,https://creativecommons.org/licenses/by/2.0/
68569087714a6dff,eggplant,Stephen Pierzchala,https://www.flickr.com/people/spierzchala/,Some eggplant at #Fergulians veggie and fruit stand today. #Hudson #MA #home #fruit #veggie #eggplant,https://www.flickr.com/photos/spierzchala/9698458492,https://creativecommons.org/licenses/by/2.0/
98e189e3e402d451,eggplant,John Walker,https://www.flickr.com/people/whatcouldgowrong/,mangosteen,https://www.flickr.com/photos/whatcouldgowrong/5675076652,https://creativecommons.org/licenses/by/2.0/
ed0e9416f559a9bc,eggplant,raddewey,https://www.flickr.com/people/raddewey/,IMG_1991,https://www.flickr.com/photos/raddewey/2088625271/,https://creativecommons.org/licenses/by/2.0/
fac707e72d939b78,eggplant,NatalieMaynor,https://www.flickr.com/people/nataliemaynor/,Farmers' Market,https://www.flickr.com/photos/nataliemaynor/3645745862,https://creativecommons.org/licenses/by/2.0/
78e57dca3ebaf3a9,eggplant,Robert Couse-Baker,https://www.flickr.com/people/29233640@N07/,l’aubergine,https://www.flickr.com/photos/29233640@N07/3710241457,https://creativecommons.org/licenses/by/2.0/
805bf6bc1d518ce7,eggplant,ivanatman,https://www.flickr.com/people/ivanatm/,The purple eggplants,https://www.flickr.com/photos/ivanatm/3467146989,https://creativecommons.org/licenses/by/2.0/
dccdb68a24a1fa0e,eggplant,liz west,https://www.flickr.com/people/calliope/,eggplant,https://www.flickr.com/photos/calliope/1016097355,https://creativecommons.org/licenses/by/2.0/
d56644884556ca32,eggplant,netstrolling,https://www.flickr.com/people/netstrolling/,가지,https://www.flickr.com/photos/netstrolling/16241362833,https://creativecommons.org/licenses/by/2.0/
aec10c43b403712b,eggplant,Curt Gibbs,https://www.flickr.com/people/experiencela/,Small Japanese Eggplant,https://www.flickr.com/photos/experiencela/126158915,https://creativecommons.org/licenses/by/2.0/
a65cd24309953c88,eggplant,Ilan Kirschenbaum,https://www.flickr.com/people/51162643@N03/,PC114943,https://www.flickr.com/photos/51162643@N03/6540353331,https://creativecommons.org/licenses/by/2.0/
9689218d02d444bf,celery,Zaskoda,https://www.flickr.com/people/zaskoda/,Celery,https://www.flickr.com/photos/zaskoda/3851545276,https://creativecommons.org/licenses/by/2.0/
4e4384e014727e48,celery,a.pitch,https://www.flickr.com/people/a_pitch/,Chives,https://www.flickr.com/photos/a_pitch/2423214285,https://creativecommons.org/licenses/by/2.0/
322cfc9bc244d880,asparagus,skeep,https://www.flickr.com/people/skeep/,IMG_4456-01,https://www.flickr.com/photos/skeep/4656852271,https://creativecommons.org/licenses/by/2.0/
e996fb0776c8d79f,asparagus,Kyle Adams,https://www.flickr.com/people/kyleandkelly/,Late Night Asparagus Blanching,https://www.flickr.com/photos/kyleandkelly/7391240878,https://creativecommons.org/licenses/by/2.0/
5703c35b17de4b85,asparagus,david pacey,https://www.flickr.com/people/63723146@N08/,ASPARAGUS,https://www.flickr.com/photos/63723146@N08/17560111500,https://creativecommons.org/licenses/by/2.0/
44b6c0e398350d50,asparagus,Leo Rey,https://www.flickr.com/people/leorey/,Aspargos tostados com alho,https://www.flickr.com/photos/leorey/14020402678,https://creativecommons.org/licenses/by/2.0/
fd366ada850387e8,asparagus,Neeta Lind,https://www.flickr.com/people/neeta_lind/,IMG_5057,https://www.flickr.com/photos/neeta_lind/5526883809,https://creativecommons.org/licenses/by/2.0/
fba2cd09be949ef5,asparagus,missy,https://www.flickr.com/people/missy-and-the-universe/,asparagus with orange rind,https://www.flickr.com/photos/missy-and-the-universe/3022892416,https://creativecommons.org/licenses/by/2.0/
9f3f536e251b7a44,asparagus,Jennifer Jordan,https://www.flickr.com/people/lovingshiva/,Mid-Winter Asparagus,https://www.flickr.com/photos/lovingshiva/4283871594,https://creativecommons.org/licenses/by/2.0/
c04ab80e14730c99,asparagus,Kullez,https://www.flickr.com/people/kullez/,Sparris,https://www.flickr.com/photos/kullez/4511591023,https://creativecommons.org/licenses/by/2.0/
ed32045c837917e5,asparagus,Sharon Mollerus,https://www.flickr.com/people/clairity/,Asparagus and Shallots,https://www.flickr.com/photos/clairity/750693493,https://creativecommons.org/licenses/by/2.0/
dbadb067d2b0f890,asparagus,BrunoBrunan,https://www.flickr.com/people/brunodobrasil/,BrunoBrunan,https://www.flickr.com/photos/brunodobrasil/12892708005,https://creativecommons.org/licenses/by/2.0/
52e8e11767ce0461,asparagus,Chun Yip  So,https://www.flickr.com/people/chunso/,Asparagus,https://www.flickr.com/photos/chunso/4696793007,https://creativecommons.org/licenses/by/2.0/
8c9db91a211d0934,asparagus,Jim  Lukach,https://www.flickr.com/people/65047661@N00/,Fresh from the farm....and a new kitchen!,https://www.flickr.com/photos/65047661@N00/6979628450,https://creativecommons.org/licenses/by/2.0/
ef0f905dffbb7c24,asparagus,OakleyOriginals,https://www.flickr.com/people/oakleyoriginals/,Handful of Health,https://www.flickr.com/photos/oakleyoriginals/8661287840,https://creativecommons.org/licenses/by/2.0/
4bcb7022cdc97c0b,asparagus,Jeremy Bronson,https://www.flickr.com/people/jbrons/,Methanethiol,https://www.flickr.com/photos/jbrons/4521603087,https://creativecommons.org/licenses/by/2.0/
7adeabc809d922e8,asparagus,46137,https://www.flickr.com/people/wolfworld/,asparagus_wet,https://www.flickr.com/photos/wolfworld/141537574,https://creativecommons.org/licenses/by/2.0/
bc1f2298856819e8,asparagus,Neil Conway,https://www.flickr.com/people/neilconway/,Asparagus,https://www.flickr.com/photos/neilconway/8587634357,https://creativecommons.org/licenses/by/2.0/
2036f2a8d4fb3064,asparagus,Simon Huntley,https://www.flickr.com/people/127921325@N03/,SFC_asparagus_labeled,https://www.flickr.com/photos/127921325@N03/15104270060/,https://creativecommons.org/licenses/by/2.0/
7bb00653b29707fd,asparagus,Suzette - www.suzette.nu,https://www.flickr.com/people/suzettesuzette/,asperges,https://www.flickr.com/photos/suzettesuzette/5737280988,https://creativecommons.org/licenses/by/2.0/
a4d3bd325d41480d,asparagus,erinmahollitz,https://www.flickr.com/people/erinmahollitz/,apspargus,https://www.flickr.com/photos/erinmahollitz/3516675834,https://creativecommons.org/licenses/by/2.0/
be2613670e2d87a4,asparagus,woodleywonderworks,https://www.flickr.com/people/wwworks/,grilled asparagus,https://www.flickr.com/photos/wwworks/3791176636,https://creativecommons.org/licenses/by/2.0/
4ad07599e010125e,asparagus,Jan McLaughlin,https://www.flickr.com/people/fauxpress/,BBQ Sunday,https://www.flickr.com/photos/fauxpress/2484358788,https://creativecommons.org/licenses/by/2.0/
0a7e02881e0f55ac,asparagus,Jim Lightfoot,https://www.flickr.com/people/jim-lightfoot/,FreshFromTheGarden Asparagus1,https://www.flickr.com/photos/112095551@N02/14126995681,https://creativecommons.org/licenses/by/2.0/
3362ca986c409492,asparagus,Jun Seita,https://www.flickr.com/people/jseita/,California Ave Farmers' Market,https://www.flickr.com/photos/jseita/16860185718,https://creativecommons.org/licenses/by/2.0/
f4fca405d02a0229,asparagus,Glen MacLarty,https://www.flickr.com/people/glenmaclarty/,Humble asparagus,https://www.flickr.com/photos/glenmaclarty/334937405/,https://creativecommons.org/licenses/by/2.0/
2802573ce5dbe8e2,asparagus,Sheri Wetherell,https://www.flickr.com/people/sheriwetherell/,IMG_8076,https://www.flickr.com/photos/sheriwetherell/2714427783,https://creativecommons.org/licenses/by/2.0/
0e5296cda9830e1c,sweet_potato,wasabinouta,https://www.flickr.com/people/wasabinouta/,イチョウイモ,https://www.flickr.com/photos/wasabinouta/5478455990,https://creativecommons.org/licenses/by/2.0/
ab5d1ca9c3ed76c2,kale,chunkysalsa,https://www.flickr.com/people/chunkysalsa/,First time made Kale chips. It's awesome.. #food,https://www.flickr.com/photos/chunkysalsa/8295911920,https://creativecommons.org/licenses/by/2.0/
b1bcae6643559d10,ginger,VanLap Hoàng,https://www.flickr.com/people/35334437@N05/,Zingiberaceae -Curcuma domestica,https://www.flickr.com/photos/35334437@N05/9800779485,https://creativecommons.org/licenses/by/2.0/
6261ff86801279a1,ginger,Cindy Funk,https://www.flickr.com/people/cindyfunk/,Untitled,https://www.flickr.com/photos/cindyfunk/6141795283,https://creativecommons.org/licenses/by/2.0/
61c88f8d7a017fee,ginger,empanada_paris,https://www.flickr.com/people/empanada_paris/,IMG_5708,https://www.flickr.com/photos/empanada_paris/6226548685,https://creativecommons.org/licenses/by/2.0/
75929ca6734135e5,ginger,Yvon,https://www.flickr.com/people/bellissima_italia/,aardperen,https://www.flickr.com/photos/bellissima_italia/4142613361,https://creativecommons.org/licenses/by/2.0/
03445ea091823225,ginger,Steven Depolo,https://www.flickr.com/people/stevendepolo/,"Ginger Pile Grand Rapids April 06, 2012 5",https://www.flickr.com/photos/stevendepolo/7155714264/,https://creativecommons.org/licenses/by/2.0/
364d058a3fe54efe,ginger,Jungle Rebel,https://www.flickr.com/people/junglegarden/,Curcuma,https://www.flickr.com/photos/junglegarden/14465182136,https://creativecommons.org/licenses/by/2.0/
cb614d8545d6b06c,ginger,Thomas Won,https://www.flickr.com/people/thomaswon9121/,Ginger pile up,https://www.flickr.com/photos/thomaswon9121/2836510402,https://creativecommons.org/licenses/by/2.0/
b00711d64f3b24ca,beet,RBerteig,https://www.flickr.com/people/rberteig/,beet!,https://www.flickr.com/photos/rberteig/7271149440,https://creativecommons.org/licenses/by/2.0/
c4512acf2b313c4a,beet,NatalieMaynor,https://www.flickr.com/people/nataliemaynor/,Beets,https://www.flickr.com/photos/nataliemaynor/7402535748,https://creativecommons.org/licenses/by/2.0/
80250cd880c1dcad,beet,Stacy Spensley,https://www.flickr.com/people/notahipster/,roasted red beets,https://www.flickr.com/photos/notahipster/5537834062,https://creativecommons.org/licenses/by/2.0/
c7ef4404b900ddff,radish,Jeff Miccolis,https://www.flickr.com/people/jsmiccolis/,Radishes,https://www.flickr.com/photos/jsmiccolis/14186981839,https://creativecommons.org/licenses/by/2.0/
dcb89bb85aa27dc1,radish,Blowing Puffer Fish,https://www.flickr.com/people/changyisheng/,Great white radish.,https://www.flickr.com/photos/changyisheng/10658808954,https://creativecommons.org/licenses/by/2.0/
1e2692d51c623bbc,radish,Kurtis Garbutt,https://www.flickr.com/people/kjgarbutt/,Radishes,https://www.flickr.com/photos/kjgarbutt/5195097711,https://creativecommons.org/licenses/by/2.0/
d521af06699eca6f,radish,Caroline,https://www.flickr.com/people/hills_alive/,back in season ....,https://www.flickr.com/photos/hills_alive/5659778531,https://creativecommons.org/licenses/by/2.0/
99db37510e089a47,radish,netstrolling,https://www.flickr.com/people/netstrolling/,무,https://www.flickr.com/photos/netstrolling/16673732828,https://creativecommons.org/licenses/by/2.0/
1d388046e6568c78,radish,Tom Marvel,https://www.flickr.com/people/99576374@N02/,nyc 62114-5,https://www.flickr.com/photos/99576374@N02/14500528804,https://creativecommons.org/licenses/by/2.0/
27d0654f889882ae,radish,benketaro,https://www.flickr.com/people/misskei/,Scarlet queen turnips,https://www.flickr.com/photos/misskei/2168130844,https://creativecommons.org/licenses/by/2.0/
404adf97589b9712,radish,Andy Wright,https://www.flickr.com/people/rightee/,Radishes,https://www.flickr.com/photos/rightee/532969212,https://creativecommons.org/licenses/by/2.0/
74764943784830df,radish,Market Manager,https://www.flickr.com/people/37884983@N03/,Beets,https://www.flickr.com/photos/37884983@N03/3745073854,https://creativecommons.org/licenses/by/2.0/
c13bb80f57cf9504,radish,Jorge Brazil,https://www.flickr.com/people/viajor/,Radish,https://www.flickr.com/photos/viajor/16450831546,https://creativecommons.org/licenses/by/2.0/
50128b7c2ba91e7a,radish,Fiona Henderson,https://www.flickr.com/people/fifikins/,Radish!,https://www.flickr.com/photos/fifikins/7457567860,https://creativecommons.org/licenses/by/2.0/
34fa3bb169727d06,radish,m4tik - 128db,https://www.flickr.com/people/m4tik/,Days...,https://www.flickr.com/photos/m4tik/4556961567,https://creativecommons.org/licenses/by/2.0/
0d3ba3ab80596a7f,radish,Christian Jensen,https://www.flickr.com/people/cs-jay/,Bringing some homegrown radish from our garden to Kristina at the hospital,https://www.flickr.com/photos/cs-jay/18399770664,https://creativecommons.org/licenses/by/2.0/
abf1721c2082a19f,radish,alexander.steed,https://www.flickr.com/people/30064910@N04/,Chef Jacob goes to the Portland Farmers' Market,https://www.flickr.com/photos/30064910@N04/4910591205,https://creativecommons.org/licenses/by/2.0/
309672b4fd16f999,radish,Iqbal Osman,https://www.flickr.com/people/82066314@N06/,Radish for salads,https://www.flickr.com/photos/82066314@N06/14404821264,https://creativecommons.org/licenses/by/2.0/
f658ba616ecab77c,radish,Isaac Wedin,https://www.flickr.com/people/izik/,Huge rose hips.,https://www.flickr.com/photos/izik/7754316376,https://creativecommons.org/licenses/by/2.0/
fa346553c36b90ff,radish,Brian Chow,https://www.flickr.com/people/free-stuff/,Cherry beets,https://www.flickr.com/photos/free-stuff/19916226440,https://creativecommons.org/licenses/by/2.0/
c8b55c83267e2b65,radish,Sue Salisbury,https://www.flickr.com/people/sue_salisbury-maui-hawaii/,Daikon Kula Farmer's Market Sue Salisbury Maui Hawaii,https://www.flickr.com/photos/sue_salisbury-maui-hawaii/15013731836,https://creativecommons.org/licenses/by/2.0/
e98ce63d9ce362b6,radish,dogolaca,https://www.flickr.com/people/dongoldberg/,Beets,https://www.flickr.com/photos/dongoldberg/5296384040,https://creativecommons.org/licenses/by/2.0/
0fc9643c338b7daf,radish,Steffen Zahn,https://www.flickr.com/people/steffenz/,Gelbe Möhren,https://www.flickr.com/photos/steffenz/3754773802,https://creativecommons.org/licenses/by/2.0/
8a46aef3ce5686b9,radish,davitydave,https://www.flickr.com/people/dlytle/,Veggies!,https://www.flickr.com/photos/dlytle/7411290380,https://creativecommons.org/licenses/by/2.0/
0fca278053eab28a,radish,Patrick Armstrong,https://www.flickr.com/people/pleaseshareyourapple/,Radishes,https://www.flickr.com/photos/pleaseshareyourapple/500213546,https://creativecommons.org/licenses/by/2.0/
91fe08bd05cba3ab,radish,Anathea Utley,https://www.flickr.com/people/anathea/,radish,https://www.flickr.com/photos/anathea/562889487,https://creativecommons.org/licenses/by/2.0/
3212136111ca2de1,radish,Bob Doran,https://www.flickr.com/people/humblog/,P1020812,https://www.flickr.com/photos/humblog/5626947252,https://creativecommons.org/licenses/by/2.0/
b7b57c46248041cc,radish,Damian Gadal,https://www.flickr.com/people/23024164@N06/,Radish,https://www.flickr.com/photos/23024164@N06/8729441399,https://creativecommons.org/licenses/by/2.0/
f2d247e95027630a,radish,jammmick,https://www.flickr.com/people/jammmick/,"June 3 Farmers Market, Harrisonburg, Va., 2010",https://www.flickr.com/photos/jammmick/4954060926,https://creativecommons.org/licenses/by/2.0/
2c2f08522befd4dc,radish,Ken Hawkins,https://www.flickr.com/people/khawkins04/,Brant Family Farm 8,https://www.flickr.com/photos/khawkins04/5254559282,https://creativecommons.org/licenses/by/2.0/
64c009f023704994,radish,Oskari Kettunen,https://www.flickr.com/people/aok/,Radish,https://www.flickr.com/photos/aok/623297803,https://creativecommons.org/licenses/by/2.0/
4a99af96cbff67aa,radish,poppet with a camera,https://www.flickr.com/people/infobunny/,Untitled,https://www.flickr.com/photos/infobunny/6996583742,https://creativecommons.org/licenses/by/2.0/
3e98d07088812330,radish,Dom Pates,https://www.flickr.com/people/globalismpictures/,Daikon (white radish),https://www.flickr.com/photos/globalismpictures/5846021312,https://creativecommons.org/licenses/by/2.0/
3d531172d49e9857,radish,swong95765,https://www.flickr.com/people/29487672@N07/,Beets - Beta vulgaris,https://www.flickr.com/photos/29487672@N07/14576399929,https://creativecommons.org/licenses/by/2.0/
25404d4412efabd1,radish,polmuadi,https://www.flickr.com/people/polmuadi/,me importa un rábano,https://www.flickr.com/photos/polmuadi/102261695,https://creativecommons.org/licenses/by/2.0/
af98985d27c9b3ab,radish,"Kurman Communications, Inc.",https://www.flickr.com/people/kurmanphotos/,Radish DSC08285,https://www.flickr.com/photos/kurmanphotos/18194563623,https://creativecommons.org/licenses/by/2.0/
591f896bd51861f1,radish,St Peter&#x27;s Community News,https://www.flickr.com/people/stpeterscommunitynews/,"Radish at St Peter's Community Allotment, Tameside",https://www.flickr.com/photos/stpeterscommunitynews/4020060033,https://creativecommons.org/licenses/by/2.0/
950aee821fc187df,radish,jeremy_w_osborne,https://www.flickr.com/people/jeremyosborne/,Bunch of beets (and leaves),https://www.flickr.com/photos/jeremyosborne/4478073292,https://creativecommons.org/licenses/by/2.0/
55993dfb14488b41,radish,bellergy2,https://www.flickr.com/people/bellergy/,P1010177.JPG,https://www.flickr.com/photos/bellergy/4046567344,https://creativecommons.org/licenses/by/2.0/
ed6e23d37f84c939,radish,Ryan McFarland,https://www.flickr.com/people/zieak/,Jordan's radishes planted in late May,https://www.flickr.com/photos/zieak/5977834586,https://creativecommons.org/licenses/by/2.0/
680fa1e4ab5536d1,turnip,H. Alexander Talbot,https://www.flickr.com/people/ideasinfood/,SoftEggHokkaidoTurnipsGarlicButter,https://www.flickr.com/photos/ideasinfood/8364603232,https://creativecommons.org/licenses/by/2.0/
eb520b2e0d1604a5,leek,Damian Gadal,https://www.flickr.com/people/23024164@N06/,Chop Me Up,https://www.flickr.com/photos/23024164@N06/7891588560,https://creativecommons.org/licenses/by/2.0/
5856aff41998e2c4,leek,Giles Turnbull,https://www.flickr.com/people/gilest/,Leeks #leeks,https://www.flickr.com/photos/gilest/16623513650,https://creativecommons.org/licenses/by/2.0/
a85c674986cae2e1,leek,huber.edith,https://www.flickr.com/people/110476544@N04/,Pasta Salad,https://www.flickr.com/photos/110476544@N04/14835488516/,https://creativecommons.org/licenses/by/2.0/
fa3af7426ebc7ba2,leek,Alexander Williams,https://www.flickr.com/people/squidlord/,2011-10-23_14-47-35_HDR,https://www.flickr.com/photos/squidlord/6281053788,https://creativecommons.org/licenses/by/2.0/
bf0ad1c2a08e14b3,leek,Karen and Brad Emerson,https://www.flickr.com/people/karenandbrademerson/,Leeks,https://www.flickr.com/photos/karenandbrademerson/3388423657,https://creativecommons.org/licenses/by/2.0/
e399d9051dd89be7,leek,LollyKnit,https://www.flickr.com/people/lollyknit/,Leek Stalks,https://www.flickr.com/photos/lollyknit/461531533,https://creativecommons.org/licenses/by/2.0/
905943b6b4f814a1,leek,Jonny Hunter,https://www.flickr.com/people/jonnyhunter/,Leeks,https://www.flickr.com/photos/jonnyhunter/393502105,https://creativecommons.org/licenses/by/2.0/
7269819a36a6b11c,leek,Hannah Donovan,https://www.flickr.com/people/hannahdonovan/,London Field's Market,https://www.flickr.com/photos/hannahdonovan/4761330577,https://creativecommons.org/licenses/by/2.0/
ea97ee1be500bff2,leek,Rusty Clark - On the Air M-F 8am-noon,https://www.flickr.com/people/rusty_clark/,Walmart - Merritt Island FL,https://www.flickr.com/photos/rusty_clark/8580203399,https://creativecommons.org/licenses/by/2.0/
0214d86b4b4152ee,leek,MAD BELLO,https://www.flickr.com/people/58524829@N00/,Finocchio,https://www.flickr.com/photos/58524829@N00/10553164496,https://creativecommons.org/licenses/by/2.0/
cf0cdf5984421444,leek,Green Mountain Girls Farm,https://www.flickr.com/people/eatstayfarm/,IMG_20130718_160626_451,https://www.flickr.com/photos/eatstayfarm/15513546316,https://creativecommons.org/licenses/by/2.0/
74e72569d51941ae,leek,Rachel Hathaway,https://www.flickr.com/people/rachelhathaway/,Greens,https://www.flickr.com/photos/rachelhathaway/3673379343,https://creativecommons.org/licenses/by/2.0/
e9c1a32608c3474c,leek,Erik Hansen,https://www.flickr.com/people/erikorama/,IMG_0409,https://www.flickr.com/photos/erikorama/7133502299/,https://creativecommons.org/licenses/by/2.0/
5f1f8ab047054334,leek,Rosmarie Voegtli,https://www.flickr.com/people/rvoegtli/,green,https://www.flickr.com/photos/rvoegtli/8565759442,https://creativecommons.org/licenses/by/2.0/
7b960019fb6d78c1,leek,Herbolario Allium: www.alliumherbal.com,https://www.flickr.com/people/alliumherbal/,Calçots,https://www.flickr.com/photos/alliumherbal/17177442809,https://creativecommons.org/licenses/by/2.0/
35055f2ff0c79a5c,leek,Kate Ter Haar,https://www.flickr.com/people/katerha/,Wikileeks,https://www.flickr.com/photos/katerha/9774518672,https://creativecommons.org/licenses/by/2.0/
0cdf74810d6c9e2f,leek,Lablascovegmenu,https://www.flickr.com/people/lablasco/,Chopped spring garlic,https://www.flickr.com/photos/lablasco/8191185782,https://creativecommons.org/licenses/by/2.0/
74a1800356770076,leek,Glenn Dettwiler,https://www.flickr.com/people/swisschef/,IMG_1379,https://www.flickr.com/photos/swisschef/4538603744,https://creativecommons.org/licenses/by/2.0/
e1d138fc367ca0be,leek,Larry Hoffman,https://www.flickr.com/people/dinesarasota/,Green Onions,https://www.flickr.com/photos/dinesarasota/4148346016,https://creativecommons.org/licenses/by/2.0/
ea8fb157fd7c58d1,leek,Heather Hammond,https://www.flickr.com/people/119236997@N03/,Leek Soup4,https://www.flickr.com/photos/119236997@N03/16589277669,https://creativecommons.org/licenses/by/2.0/
73451d299a4797c7,leek,Neeta Lind,https://www.flickr.com/people/neeta_lind/,Untitled,https://www.flickr.com/photos/neeta_lind/15043984985,https://creativecommons.org/licenses/by/2.0/
7407766729ef1c73,leek,Whitney,https://www.flickr.com/people/whitneyinchicago/,Spring Onions,https://www.flickr.com/photos/whitneyinchicago/3647859941,https://creativecommons.org/licenses/by/2.0/
8282c44cbb6f40c6,artichoke,THOR,https://www.flickr.com/people/geishaboy500/,Artichoke,https://www.flickr.com/photos/geishaboy500/100038316,https://creativecommons.org/licenses/by/2.0/
6eae367ecf2b45ef,artichoke,Kevin Wong,https://www.flickr.com/people/-marlith-/,Artichokes,https://www.flickr.com/photos/-marlith-/2410837722,https://creativecommons.org/licenses/by/2.0/
d47fea0b0b8586ae,artichoke,paranda☆UP DATE,https://www.flickr.com/people/paranda_update/,Artichoke,https://www.flickr.com/photos/paranda_update/5797466005,https://creativecommons.org/licenses/by/2.0/
cb0dbd86317ed7e6,artichoke,Jessica Paterson,https://www.flickr.com/people/modernrelics/,IMG_7881,https://www.flickr.com/photos/modernrelics/1094657766,https://creativecommons.org/licenses/by/2.0/
d8682f608607ea43,artichoke,wilvia,https://www.flickr.com/people/wilvia/,alcachofas / artichokes,https://www.flickr.com/photos/wilvia/3969221244,https://creativecommons.org/licenses/by/2.0/
d751653990f98fdd,artichoke,fishermansdaughter,https://www.flickr.com/people/fishermansdaughter/,home for the hops harvest,https://www.flickr.com/photos/fishermansdaughter/6071047176,https://creativecommons.org/licenses/by/2.0/
4491c573d64e2179,artichoke,Ariane Middel,https://www.flickr.com/people/ariii/,2009_0329-12.21.06_ariii,https://www.flickr.com/photos/ariii/3400202037,https://creativecommons.org/licenses/by/2.0/
3dbc4215166afab8,artichoke,Paul Simpson,https://www.flickr.com/people/paulsimpson1976/,Artichoke,https://www.flickr.com/photos/paulsimpson1976/4061942670,https://creativecommons.org/licenses/by/2.0/
431af2928d56fa2d,artichoke,ABERLIN2009,https://www.flickr.com/people/aberlin2009/,SEP-01-2009 VANDUSEN GARDEN 093,https://www.flickr.com/photos/aberlin2009/3879249675,https://creativecommons.org/licenses/by/2.0/
d262b5eaf1ff10ab,artichoke,Jack Dorsey,https://www.flickr.com/people/jackdorsey/,My favorite vegetable.,https://www.flickr.com/photos/jackdorsey/186861045,https://creativecommons.org/licenses/by/2.0/
6088fd6ae034ee68,artichoke,wasabinouta,https://www.flickr.com/people/wasabinouta/,フキノトウ,https://www.flickr.com/photos/wasabinouta/5460067261,https://creativecommons.org/licenses/by/2.0/
497073406802f51e,artichoke,Garry Knight,https://www.flickr.com/people/garryknight/,Thistle Do Nicely,https://www.flickr.com/photos/garryknight/790719844,https://creativecommons.org/licenses/by/2.0/
01f48058ba6bf22d,artichoke,Herb Neufeld,https://www.flickr.com/people/oggiedog/,"San Diego, CA",https://www.flickr.com/photos/oggiedog/5941931279,https://creativecommons.org/licenses/by/2.0/
8c88af4acd46989a,artichoke,vkanaya,https://www.flickr.com/people/sweetrevlation/,L1140278,https://www.flickr.com/photos/sweetrevlation/8781733351/,https://creativecommons.org/licenses/by/2.0/
a676a96747197bfd,artichoke,isamiga76,https://www.flickr.com/people/33852840@N06/,Artichaut en fleur,https://www.flickr.com/photos/33852840@N06/14905991716,https://creativecommons.org/licenses/by/2.0/
d223b711385f7be5,artichoke,Russ Bowling,https://www.flickr.com/people/robphoto/,Maguey Agave,https://www.flickr.com/photos/robphoto/4291617895,https://creativecommons.org/licenses/by/2.0/
30f3fbc2b4979121,artichoke,Cameron Nordholm,https://www.flickr.com/people/cameronnordholm/,Artichoke with garlic and bay leaves,https://www.flickr.com/photos/cameronnordholm/2411544950,https://creativecommons.org/licenses/by/2.0/
b1d4ae7c190cab56,artichoke,Bernt Rostad,https://www.flickr.com/people/brostad/,Hop cones,https://www.flickr.com/photos/brostad/12518439314,https://creativecommons.org/licenses/by/2.0/
abce05f91cf1d5a3,artichoke,Randy Heinitz,https://www.flickr.com/people/rheinitz/,Artichokes at Sunset,https://www.flickr.com/photos/rheinitz/8384576449,https://creativecommons.org/licenses/by/2.0/
372bddbc15fd4bbb,artichoke,Daniel Mee,https://www.flickr.com/people/danielmee/,Succulent flower,https://www.flickr.com/photos/danielmee/17134308672,https://creativecommons.org/licenses/by/2.0/
cfcc50d167d89018,artichoke,tpholland,https://www.flickr.com/people/tpholland/,Thistles,https://www.flickr.com/photos/tpholland/7766803418,https://creativecommons.org/licenses/by/2.0/
e0950a40789e3628,artichoke,cheeseslave,https://www.flickr.com/people/ammichaels/,Spring is here and we have artichokes in the front yard garden! You plant then once and they come back over and over again. Going to steam them and eat them with melted butter. #urbanfarming #frontyardgarden #artichoke #organicgardening #organic #homegrow,https://www.flickr.com/photos/ammichaels/16614150523,https://creativecommons.org/licenses/by/2.0/
52acbfc79363fb9e,artichoke,Lynette,https://www.flickr.com/people/lynetter/,artichoke in herb garden at Acorn Bank,https://www.flickr.com/photos/lynetter/52193478,https://creativecommons.org/licenses/by/2.0/
f1c62837a2d7b150,artichoke,Mark Skipper,https://www.flickr.com/people/bitterjug/,Thistle II,https://www.flickr.com/photos/bitterjug/1031489198,https://creativecommons.org/licenses/by/2.0/
85fe33dffb155168,artichoke,jules,https://www.flickr.com/people/stone-soup/,globe artichokes,https://www.flickr.com/photos/stone-soup/264807338,https://creativecommons.org/licenses/by/2.0/
0f76dd41ef4bce5d,artichoke,PunkToad,https://www.flickr.com/people/punktoad/,Artichoke Flower,https://www.flickr.com/photos/punktoad/18897508093,https://creativecommons.org/licenses/by/2.0/
e513cc752e4c851a,artichoke,Lisa Padilla,https://www.flickr.com/people/lisap/,artichoke,https://www.flickr.com/photos/lisap/2326868147,https://creativecommons.org/licenses/by/2.0/
ffa5cfd66c304aaa,artichoke,Oddio Overplay,https://www.flickr.com/people/oddio/,Food Bank Garden,https://www.flickr.com/photos/oddio/2804548578,https://creativecommons.org/licenses/by/2.0/
4e5bf9531b019370,artichoke,Emma Forsberg,https://www.flickr.com/people/echoforsberg/,greenery wallpaper,https://www.flickr.com/photos/echoforsberg/2336045028,https://creativecommons.org/licenses/by/2.0/
9541dd605d61cb4c,artichoke,AnnaKika,https://www.flickr.com/people/ullkika/,P1210324,https://www.flickr.com/photos/ullkika/9667022318,https://creativecommons.org/licenses/by/2.0/
053fbbafa21f1255,artichoke,Damian Gadal,https://www.flickr.com/people/23024164@N06/,Green Patterns,https://www.flickr.com/photos/23024164@N06/7891654624,https://creativecommons.org/licenses/by/2.0/
82e63e87cddd30f5,artichoke,Laurel L. Russwurm,https://www.flickr.com/people/laurelrusswurm/,bee_1897cc,https://www.flickr.com/photos/laurelrusswurm/18631558698,https://creativecommons.org/licenses/by/2.0/
35bd0e318d26c446,artichoke,Itinerant Tightwad,https://www.flickr.com/people/itineranttightwad/,Jaffa Artichoke Closeup,https://www.flickr.com/photos/itineranttightwad/3695520508,https://creativecommons.org/licenses/by/2.0/
f143a8233c8a6992,artichoke,regan76,https://www.flickr.com/people/j_regan/,Artichoke,https://www.flickr.com/photos/j_regan/290028462/in/album-72157600961577948/,https://creativecommons.org/licenses/by/2.0/
e441377f55c0f927,artichoke,Arrhakis World,https://www.flickr.com/people/arrhakisfreeimages/,Artichoke Flower - AF - ARK - 001 - 2014,https://www.flickr.com/photos/arrhakisfreeimages/16716458379,https://creativecommons.org/licenses/by/2.0/
cbce0fff8ba0866a,artichoke,Matthew Robinson,https://www.flickr.com/people/noisecollusion/,Artichoke,https://www.flickr.com/photos/noisecollusion/417551346,https://creativecommons.org/licenses/by/2.0/
e35b14b7a742ee9a,artichoke,Anonym Anonymous,https://www.flickr.com/people/vuzilein/,Teethy monsters,https://www.flickr.com/photos/vuzilein/19561123713,https://creativecommons.org/licenses/by/2.0/
72fb8a262020b9d3,artichoke,Didriks,https://www.flickr.com/people/dinnerseries/,Artichoke Centerpiece,https://www.flickr.com/photos/dinnerseries/16037070752,https://creativecommons.org/licenses/by/2.0/
6e633fb22013c3db,artichoke,Meena Kadri,https://www.flickr.com/people/meanestindian/,Carciofo #1,https://www.flickr.com/photos/meanestindian/439025511,https://creativecommons.org/licenses/by/2.0/
480f4f8ee9aed84e,artichoke,Dominic Alves,https://www.flickr.com/people/dominicspics/,Purple Artichoke Flower,https://www.flickr.com/photos/dominicspics/1128942430,https://creativecommons.org/licenses/by/2.0/
04affe6d329fab8c,artichoke,Maggie Hoffman,https://www.flickr.com/people/maggiejane/,carciofi,https://www.flickr.com/photos/maggiejane/3915573224,https://creativecommons.org/licenses/by/2.0/
fc2ed3340985d6c1,artichoke,MAMJODH,https://www.flickr.com/people/mamjodh/,European Larch Larix Decidua cone and brilliant green needles  in autumn - Mercantour National Park - France,https://www.flickr.com/photos/mamjodh/3995177525,https://creativecommons.org/licenses/by/2.0/
5d7c7cbebbbeebf5,artichoke,ale,https://www.flickr.com/people/lapatia/,Pigna,https://www.flickr.com/photos/lapatia/4831666306,https://creativecommons.org/licenses/by/2.0/
b8ea17054c5ad1d1,artichoke,koorosh B,https://www.flickr.com/people/50823081@N08/,50d,https://www.flickr.com/photos/50823081@N08/5429846737,https://creativecommons.org/licenses/by/2.0/
fd4a7ccc44a52da7,artichoke,Wendy Cutler,https://www.flickr.com/people/wlcutler/,20130805_EnglishBay_Cardoons_Cutler_P1510308,https://www.flickr.com/photos/wlcutler/9450354936,https://creativecommons.org/licenses/by/2.0/
507a37b30e76e241,artichoke,Patrick Standish,https://www.flickr.com/people/patrickstandish/,Hen and Chicks,https://www.flickr.com/photos/patrickstandish/1130752736,https://creativecommons.org/licenses/by/2.0/
0a79e09fc487c405,artichoke,Mike Licht,https://www.flickr.com/people/notionscapital/,Vegan Spies,https://www.flickr.com/photos/notionscapital/2512893668,https://creativecommons.org/licenses/by/2.0/
41efbb5a529c1f47,artichoke,Alvin Nguyen,https://www.flickr.com/people/alvin_photography/,IMG_2534,https://www.flickr.com/photos/alvin_photography/8725767300,https://creativecommons.org/licenses/by/2.0/
6d096f0bc416dd70,artichoke,Luigi Guarino,https://www.flickr.com/people/luigi_and_linda/,Carciofi,https://www.flickr.com/photos/luigi_and_linda/2354355627,https://creativecommons.org/licenses/by/2.0/
0d9da98e3e1ee109,artichoke,Jay Cross,https://www.flickr.com/people/jaycross/,Lugano,https://www.flickr.com/photos/jaycross/6677111115,https://creativecommons.org/licenses/by/2.0/
07011714dad566a8,artichoke,Audrey,https://www.flickr.com/people/audreyjm529/,Pine Cone,https://www.flickr.com/photos/audreyjm529/162774840,https://creativecommons.org/licenses/by/2.0/
522fee527b36566c,artichoke,Anna,https://www.flickr.com/people/katja-london/,Cynara cardunculus Scolymus Grp.,https://www.flickr.com/photos/katja-london/1118689897,https://creativecommons.org/licenses/by/2.0/
e0cb90e27d4cf277,artichoke,Jennifer,https://www.flickr.com/people/23126594@N00/,20070616 artichoke 01,https://www.flickr.com/photos/23126594@N00/558356264,https://creativecommons.org/licenses/by/2.0/
733baad820575a2a,artichoke,DianeWorth,https://www.flickr.com/people/dianeworth/,"Artichokes at the Farmer's Market, Kits (IMG_2091)",https://www.flickr.com/photos/dianeworth/19659249971,https://creativecommons.org/licenses/by/2.0/
0b0521b290e33c55,artichoke,Menchie,https://www.flickr.com/people/xie/,Cnv0066,https://www.flickr.com/photos/xie/3989283,https://creativecommons.org/licenses/by/2.0/
bc563a99c0b88988,artichoke,Daniel Sancho,https://www.flickr.com/people/teclasorg/,Alcachofa,https://www.flickr.com/photos/teclasorg/83092551,https://creativecommons.org/licenses/by/2.0/
b50e15c55f112f41,artichoke,Allagash Brewing,https://www.flickr.com/people/allagashbrewing/,Aroostook Fresh Hops for Pilot Beer,https://www.flickr.com/photos/allagashbrewing/9677242585,https://creativecommons.org/licenses/by/2.0/
c804f64273f99714,artichoke,devra,https://www.flickr.com/people/minicooper93402/,artichoke bloom at miner's,https://www.flickr.com/photos/minicooper93402/9098889204,https://creativecommons.org/licenses/by/2.0/
261aaae4c64fff03,artichoke,Pablo,https://www.flickr.com/people/88083695@N07/,Alcachofa,https://www.flickr.com/photos/88083695@N07/13925033055,https://creativecommons.org/licenses/by/2.0/
bfb19f1f75979f9b,artichoke,Eran Finkle,https://www.flickr.com/people/finklez/,Cynara cardunculus - ארטישוק,https://www.flickr.com/photos/finklez/3832353131,https://creativecommons.org/licenses/by/2.0/
c09bb8e61f16f6c1,artichoke,Ben Crowe,https://www.flickr.com/people/croweb/,Artichoke,https://www.flickr.com/photos/croweb/2836972883,https://creativecommons.org/licenses/by/2.0/
5304b9d39c629f54,artichoke,Frédéric BISSON,https://www.flickr.com/people/zigazou76/,Fleur,https://www.flickr.com/photos/zigazou76/5897776713,https://creativecommons.org/licenses/by/2.0/
acdf02449458dc22,artichoke,deesybee,https://www.flickr.com/people/45813723@N00/,green spiky plant,https://www.flickr.com/photos/45813723@N00/361973364,https://creativecommons.org/licenses/by/2.0/
c390138e505807d5,artichoke,Victoria Rachitzky Hoch,https://www.flickr.com/people/viclic/,"Alcachora, Alcachofa, Artichoke",https://www.flickr.com/photos/viclic/272753986,https://creativecommons.org/licenses/by/2.0/
7149d80773da32c7,artichoke,Federico Capoano,https://www.flickr.com/people/26515834@N08/,Organic Artchokes,https://www.flickr.com/photos/26515834@N08/6979472408,https://creativecommons.org/licenses/by/2.0/
5011bf64c04b3f0a,artichoke,Crystal,https://www.flickr.com/people/crystalflickr/,Strange Fruit,https://www.flickr.com/photos/crystalflickr/221358451,https://creativecommons.org/licenses/by/2.0/
95b5b8f6834149cc,artichoke,Gaetan Janssens,https://www.flickr.com/people/34280349@N06/,Vadrouille Août 2013,https://www.flickr.com/photos/34280349@N06/9610950641,https://creativecommons.org/licenses/by/2.0/
2d9eaf6aa2efbaa9,artichoke,Neil Conway,https://www.flickr.com/people/neilconway/,Untitled,https://www.flickr.com/photos/neilconway/3600225917,https://creativecommons.org/licenses/by/2.0/
44c3e6a83c3d6161,brussels_sprout,Lynn  Hasselberger,https://www.flickr.com/people/hasselbergers/,"Making my quick roasted brussel sprouts that, to me, are like candy. And soooo easy!",https://www.flickr.com/photos/hasselbergers/8538419270,https://creativecommons.org/licenses/by/2.0/
5901e1212c970bb8,brussels_sprout,Paul Downey,https://www.flickr.com/people/psd/,Peas,https://www.flickr.com/photos/psd/5670963,https://creativecommons.org/licenses/by/2.0/
334aea63fb4d9984,brussels_sprout,Jasmine&amp;Roses,https://www.flickr.com/people/townandcountrygardens/,Brussels Sprouts Harvest,https://www.flickr.com/photos/townandcountrygardens/5594670017,https://creativecommons.org/licenses/by/2.0/
5b6c0471e6240654,brussels_sprout,jasper_su,https://www.flickr.com/people/24918130@N03/,brussels sprouts,https://www.flickr.com/photos/24918130@N03/7031705149,https://creativecommons.org/licenses/by/2.0/
b0d2ae543ccd122d,brussels_sprout,Kazuhiro Keino,https://www.flickr.com/people/djkeino/,courge amère,https://www.flickr.com/photos/djkeino/6043938368,https://creativecommons.org/licenses/by/2.0/
2981e35468e3942d,brussels_sprout,tokyofoodcast,https://www.flickr.com/people/tokyofoodcast/,Mission in San Francisco,https://www.flickr.com/photos/tokyofoodcast/319371645,https://creativecommons.org/licenses/by/2.0/
cc1fe5ecfca8d1de,green_bean,Stephen Harlan,https://www.flickr.com/people/gogostevie/,Green Beans,https://www.flickr.com/photos/gogostevie/541577334,https://creativecommons.org/licenses/by/2.0/
dd53c8067f01ada3,green_bean,16:9clue,https://www.flickr.com/people/53255320@N07/,Green beans,https://www.flickr.com/photos/53255320@N07/6801283613,https://creativecommons.org/licenses/by/2.0/
b6866f33d583726b,green_bean,Scott Akerman,https://www.flickr.com/people/sterlic/,Beans,https://www.flickr.com/photos/sterlic/3265027712,https://creativecommons.org/licenses/by/2.0/
1a4e8e2825055793,green_bean,judywitts,https://www.flickr.com/people/overthetuscanstove/,upload,https://www.flickr.com/photos/overthetuscanstove/17405333388,https://creativecommons.org/licenses/by/2.0/
a700c6dc0318b677,green_bean,Jose Ibarra,https://www.flickr.com/people/hozae/,Green Beans,https://www.flickr.com/photos/hozae/3926339075,https://creativecommons.org/licenses/by/2.0/
329aa6f2de5b33c7,green_bean,nociveglia,https://www.flickr.com/people/40385177@N07/,French beans Anellino di Trento,https://www.flickr.com/photos/40385177@N07/7930724030,https://creativecommons.org/licenses/by/2.0/
460f5da9ce802bc0,green_bean,Robert Couse-Baker,https://www.flickr.com/people/29233640@N07/,les fèves,https://www.flickr.com/photos/29233640@N07/3473694971,https://creativecommons.org/licenses/by/2.0/
4d6ac4fcfd598998,green_bean,Jared Lynem,https://www.flickr.com/people/iloveverdi/,canning dilly beans: the beans obviously,https://www.flickr.com/photos/iloveverdi/3916750356,https://creativecommons.org/licenses/by/2.0/
990b9dc99f386760,green_bean,Du Truong,https://www.flickr.com/people/130448072@N02/,photo from Unsplash (549),https://www.flickr.com/photos/130448072@N02/16962864831,https://creativecommons.org/licenses/by/2.0/
38517aefc4683e05,green_bean,J.H. Fearless,https://www.flickr.com/people/jessicareeder/,P1050569,https://www.flickr.com/photos/jessicareeder/3788650320,https://creativecommons.org/licenses/by/2.0/
841bb0b15e6e719f,green_bean,DMichael Burns,https://www.flickr.com/people/zonie/,Green Beans,https://www.flickr.com/photos/zonie/5056712104,https://creativecommons.org/licenses/by/2.0/
8f8179a78f34186a,green_bean,Diógenes  ;),https://www.flickr.com/people/diogeneselfilosofo/,Ejotes,https://www.flickr.com/photos/diogeneselfilosofo/8896622026,https://creativecommons.org/licenses/by/2.0/
242b2f2b3b1f269f,green_bean,Gail,https://www.flickr.com/people/gail_thepinkpeppercorn/,clean beans,https://www.flickr.com/photos/gail_thepinkpeppercorn/3787626896/,https://creativecommons.org/licenses/by/2.0/
125034db0e093a34,green_bean,nociveglia,https://www.flickr.com/people/40385177@N07/,fagiolini anellino di trento,https://www.flickr.com/photos/40385177@N07/9734415059,https://creativecommons.org/licenses/by/2.0/
108757f199d803ad,green_bean,Rebecca Chesney,https://www.flickr.com/people/rebeccachesney/,From la nonna's garden,https://www.flickr.com/photos/rebeccachesney/18818192684,https://creativecommons.org/licenses/by/2.0/
e9560b8b8e45d588,green_bean,Dennis Brekke,https://www.flickr.com/people/dbrekke/,Green Beans!,https://www.flickr.com/photos/dbrekke/181937009,https://creativecommons.org/licenses/by/2.0/
58c33e41b2ac1db8,green_bean,Chun Yip  So,https://www.flickr.com/people/chunso/,Sautéed Dry String Beans,https://www.flickr.com/photos/chunso/8347517677/,https://creativecommons.org/licenses/by/2.0/
71800dde3caa1407,green_bean,thebittenword.com,https://www.flickr.com/people/galant/,Clagett Farm CSA 2008 Week 18,https://www.flickr.com/photos/galant/2995876671,https://creativecommons.org/licenses/by/2.0/
30a37d3f0b9a55f7,green_bean,Mohammed Mahdi,https://www.flickr.com/people/mobentec/,Green Beans,https://www.flickr.com/photos/mobentec/5362356515,https://creativecommons.org/licenses/by/2.0/
2a5a7b50e0beff80,green_bean,Kanko*,https://www.flickr.com/people/kankan/,green soybeans / 枝豆,https://www.flickr.com/photos/kankan/33346213,https://creativecommons.org/licenses/by/2.0/
1ae8f448985bbcb2,green_bean,csouza_79,https://www.flickr.com/people/10290911@N06/,string beans,https://www.flickr.com/photos/10290911@N06/5141931718,https://creativecommons.org/licenses/by/2.0/
cba2d0e91b250574,green_bean,sunmoon,https://www.flickr.com/people/sunmoon/,Beans,https://www.flickr.com/photos/sunmoon/4595524117,https://creativecommons.org/licenses/by/2.0/
3f8d419180fcb573,green_bean,CGP Grey,https://www.flickr.com/people/cgpgrey/,2009-07-19T10-24-35 -- DSC_0473,https://www.flickr.com/photos/cgpgrey/4891911174,https://creativecommons.org/licenses/by/2.0/
83714f484b08cf94,green_bean,Eugenia Loli,https://www.flickr.com/people/eugenia_loli/,Runner beans,https://www.flickr.com/photos/eugenia_loli/5055369701/,https://creativecommons.org/licenses/by/2.0/
ba714e1103449ae5,green_bean,Cambodia4kids.org Beth Kanter,https://www.flickr.com/people/cambodia4kidsorg/,Mung Beans,https://www.flickr.com/photos/cambodia4kidsorg/233263277,https://creativecommons.org/licenses/by/2.0/
66e8768533826a05,green_bean,Mike McCune,https://www.flickr.com/people/mccun934/,100907_1707a.jpg,https://www.flickr.com/photos/mccun934/1783046084,https://creativecommons.org/licenses/by/2.0/
dca07b205b9e0cb0,green_bean,Cirofono,https://www.flickr.com/people/ciroduran/,Mira mis nuevos iPods,https://www.flickr.com/photos/ciroduran/365481052,https://creativecommons.org/licenses/by/2.0/
29e52aabfdb5a830,green_bean,Dave Walker,https://www.flickr.com/people/ffg/,green+,https://www.flickr.com/photos/ffg/19858983802,https://creativecommons.org/licenses/by/2.0/
684316e5f7c7b98c,green_bean,Cambodia4kids.org Beth Kanter,https://www.flickr.com/people/cambodia4kidsorg/,Green Beans,https://www.flickr.com/photos/cambodia4kidsorg/79869052,https://creativecommons.org/licenses/by/2.0/
9b76e96282038ae5,green_bean,Miguel Vaca,https://www.flickr.com/people/miguelvaca/,Habichuela,https://www.flickr.com/photos/miguelvaca/256507072,https://creativecommons.org/licenses/by/2.0/
87ae5b2bce1d3ec8,green_bean,Lori L. Stalteri,https://www.flickr.com/people/llstalteri/,Fresh Green Beans,https://www.flickr.com/photos/llstalteri/7798631326,https://creativecommons.org/licenses/by/2.0/
1fef5a7cc724f4a4,green_bean,Eugene Kim,https://www.flickr.com/people/eekim/,Wild Radish Pods,https://www.flickr.com/photos/eekim/5994836866,https://creativecommons.org/licenses/by/2.0/
e16ace1f990172cc,green_bean,Mike Mozart,https://www.flickr.com/people/jeepersmedia/,Green Beans,https://www.flickr.com/photos/jeepersmedia/15134304555,https://creativecommons.org/licenses/by/2.0/
8fa951fd085d6761,green_bean,NatalieMaynor,https://www.flickr.com/people/nataliemaynor/,Farmers Market,https://www.flickr.com/photos/nataliemaynor/14809444701,https://creativecommons.org/licenses/by/2.0/
6a576293df4b8506,green_bean,Mike Mozart,https://www.flickr.com/people/jeepersmedia/,Green Beans,https://www.flickr.com/photos/jeepersmedia/14947599929/,https://creativecommons.org/licenses/by/2.0/
07c820860493ed3c,green_bean,Jos Dielis,https://www.flickr.com/people/dielis/,Plecing Kangkung,https://www.flickr.com/photos/dielis/3866543857,https://creativecommons.org/licenses/by/2.0/
8eb864d1d304cecf,green_bean,David Masters,https://www.flickr.com/people/davidmasters/,365 x25 Mung Beans Underwater,https://www.flickr.com/photos/davidmasters/3658171390,https://creativecommons.org/licenses/by/2.0/
8336b8fdef8dc64d,green_bean,Dan4th Nicholas,https://www.flickr.com/people/dan4th/,79/365: Green beans,https://www.flickr.com/photos/dan4th/5545781744,https://creativecommons.org/licenses/by/2.0/
fc10748de1960294,green_bean,Jim_K-Town,https://www.flickr.com/people/innovaticlab/,green/white,https://www.flickr.com/photos/innovaticlab/5340704664,https://creativecommons.org/licenses/by/2.0/
f1e533eb57462229,green_bean,Alan Levine,https://www.flickr.com/people/cogdog/,Bean Mountain,https://www.flickr.com/photos/cogdog/6849762975,https://creativecommons.org/licenses/by/2.0/
c133e679100b5efb,olive,Bea,https://www.flickr.com/people/beamillion/,Autumn fruits: olives,https://www.flickr.com/photos/beamillion/1950526829/,https://creativecommons.org/licenses/by/2.0/
6bd77526e073920b,olive,Matt Feifarek,https://www.flickr.com/people/mad_city_bastard/,picking olives in Tuscany,https://www.flickr.com/photos/mad_city_bastard/1118251174,https://creativecommons.org/licenses/by/2.0/
7b1e852d02770c8d,olive,Itinerant Tightwad,https://www.flickr.com/people/itineranttightwad/,Black Olives of Tel Aviv,https://www.flickr.com/photos/itineranttightwad/3695519552,https://creativecommons.org/licenses/by/2.0/
8ef47fd0820071dd,olive,gnuckx select1,https://www.flickr.com/people/44001010@N03/,104 gnuckx Italy-Taormina-Macro-castielli_CC0,https://www.flickr.com/photos/44001010@N03/4047157527,https://creativecommons.org/licenses/by/2.0/
152fc751f1787b4f,olive,SITS Girls,https://www.flickr.com/people/sitsgirls/,F and E olive oil,https://www.flickr.com/photos/sitsgirls/15354071587,https://creativecommons.org/licenses/by/2.0/
9dac354e5fc98594,olive,Peter Firminger,https://www.flickr.com/people/wollombi/,Olives,https://www.flickr.com/photos/wollombi/49941205,https://creativecommons.org/licenses/by/2.0/
57cb6f983952b20b,olive,Jorge Mejía peralta,https://www.flickr.com/people/mejiaperalta/,IMG_1947,https://www.flickr.com/photos/mejiaperalta/7027207573,https://creativecommons.org/licenses/by/2.0/
fd3f4bad74797e58,olive,kazuh,https://www.flickr.com/people/kazuh/,おせち料理（3） 銀杏,https://www.flickr.com/photos/kazuh/2903864,https://creativecommons.org/licenses/by/2.0/
39f6549c2d2a4f8e,olive,Itinerant Tightwad,https://www.flickr.com/people/itineranttightwad/,Green Olives of Tel Aviv,https://www.flickr.com/photos/itineranttightwad/3695519594,https://creativecommons.org/licenses/by/2.0/
f628849d3d34c8c2,olive,Bev Sykes,https://www.flickr.com/people/basykes/,Growing Olives,https://www.flickr.com/photos/basykes/63139667,https://creativecommons.org/licenses/by/2.0/
1c44af6803dd2c23,olive,Susie Wyshak,https://www.flickr.com/people/susievision/,Castelveltrano olives at Penrose Restaurant in Oakland,https://www.flickr.com/photos/susievision/15314973755,https://creativecommons.org/licenses/by/2.0/
f509159922bd5baa,olive,FolsomNatural,https://www.flickr.com/people/87249144@N08/,ODCpickle961,https://www.flickr.com/photos/87249144@N08/14966073879,https://creativecommons.org/licenses/by/2.0/
8a9bcb9c57fb6372,olive,Bluespark Labs,https://www.flickr.com/people/bluesparklabs/,IMG_4151,https://www.flickr.com/photos/bluesparklabs/8247636082,https://creativecommons.org/licenses/by/2.0/
8292534f4a652525,olive,Henry Hemming,https://www.flickr.com/people/henry_hemming/,Olives I,https://www.flickr.com/photos/henry_hemming/15244739898,https://creativecommons.org/licenses/by/2.0/
3f3254e52adb6a54,olive,Julia Maudlin,https://www.flickr.com/people/juliamaudlin/,"Olives and Souk, Hyeres",https://www.flickr.com/photos/juliamaudlin/15122074291,https://creativecommons.org/licenses/by/2.0/
910796da8a49348e,olive,Creative Tools,https://www.flickr.com/people/creative_tools/,CreativeTools.se - PackshotCreator - CreativeTools.se - PackshotCreator - Jar of olives,https://www.flickr.com/photos/creative_tools/4353175861,https://creativecommons.org/licenses/by/2.0/
fe59d872d24d7c23,olive,ADT 04,https://www.flickr.com/people/alpesdehauteprovence-tourisme/,branche oliviers,https://www.flickr.com/photos/alpesdehauteprovence-tourisme/12497819684,https://creativecommons.org/licenses/by/2.0/
b83e064df74a7c64,olive,assillo,https://www.flickr.com/people/assillo/,olive,https://www.flickr.com/photos/assillo/14089198596,https://creativecommons.org/licenses/by/2.0/
bcb19dc50d80a2c9,olive,Robert Judge,https://www.flickr.com/people/bobjudge/,zatoons,https://www.flickr.com/photos/bobjudge/3566500017,https://creativecommons.org/licenses/by/2.0/
788128b76b023393,olive,Biodiversity Heritage Library,https://www.flickr.com/people/biodivlibrary/,n347_w1150,https://www.flickr.com/photos/biodivlibrary/8097017323,https://creativecommons.org/licenses/by/2.0/
7ba35c0e2ad608a3,olive,Dan Perry,https://www.flickr.com/people/golf_pictures/,Sex Olives,https://www.flickr.com/photos/golf_pictures/3261174244,https://creativecommons.org/licenses/by/2.0/
0e9135fa9d27282f,olive,Logan Ingalls,https://www.flickr.com/people/plutor/,Kumquats,https://www.flickr.com/photos/plutor/72128178,https://creativecommons.org/licenses/by/2.0/
72c1f25e3d2fe912,olive,Michael Button,https://www.flickr.com/people/michaeljohnbutton/,Mallorca- Orient Holiday Sept-13,https://www.flickr.com/photos/michaeljohnbutton/10042364035,https://creativecommons.org/licenses/by/2.0/
38f669c30e5fe0f6,olive,Matt Feifarek,https://www.flickr.com/people/mad_city_bastard/,dscf0392.jpg,https://www.flickr.com/photos/mad_city_bastard/4070139847,https://creativecommons.org/licenses/by/2.0/
28dd0c0cd4399d48,olive,Gabriele Cantini,https://www.flickr.com/people/letorri/,Harvest olive oil Tuscany - Le Torri -,https://www.flickr.com/photos/letorri/5216892099,https://creativecommons.org/licenses/by/2.0/
88f8c7daeadc733a,olive,Rui Ornelas,https://www.flickr.com/people/fotos_dos_ornelas/,PA294680,https://www.flickr.com/photos/fotos_dos_ornelas/284946902,https://creativecommons.org/licenses/by/2.0/
ba10cd295a220ec0,basil,Magic Madzik,https://www.flickr.com/people/cefeida/,164/365: Basil!,https://www.flickr.com/photos/cefeida/553678591,https://creativecommons.org/licenses/by/2.0/
ca5fa1c6b2f83cdc,basil,Karen,https://www.flickr.com/people/56832361@N00/,Baby herbs,https://www.flickr.com/photos/56832361@N00/125967179,https://creativecommons.org/licenses/by/2.0/
3f7e7ea92657bf2f,basil,Foodista,https://www.flickr.com/people/foodista/,Seattle Urban Farm Co. Mobile Vegetable Garden,https://www.flickr.com/photos/foodista/4935609985,https://creativecommons.org/licenses/by/2.0/
dcaa76c2727abc4e,basil,keri.,https://www.flickr.com/people/kickthebeat/,"this is charlie the overgrown basil plant, he's going to help me with dinner in the new house after I finish moving in",https://www.flickr.com/photos/kickthebeat/15227251786/,https://creativecommons.org/licenses/by/2.0/
94dda2149ac8ab73,basil,Fiona Henderson,https://www.flickr.com/people/fifikins/,09/01/2011 9/365,https://www.flickr.com/photos/fifikins/5338044891,https://creativecommons.org/licenses/by/2.0/
988be35fdd82ac2d,basil,Rhian,https://www.flickr.com/people/rhian/,Pot of basil,https://www.flickr.com/photos/rhian/7555498340,https://creativecommons.org/licenses/by/2.0/
e0f860ee7f0e7d4d,basil,Lonneke &amp; Gerdie Marian,https://www.flickr.com/people/lonneke-gerdiemarian/,Spinazie,https://www.flickr.com/photos/lonneke-gerdiemarian/17077538341,https://creativecommons.org/licenses/by/2.0/
1ae2dcc14edb8372,basil,twistedstringknits,https://www.flickr.com/people/twisted-string/,Sweet Basil,https://www.flickr.com/photos/twisted-string/7377326350,https://creativecommons.org/licenses/by/2.0/
c48d7cbe78327571,basil,Andy Roberts,https://www.flickr.com/people/aroberts/,Bottled Patio Fire,https://www.flickr.com/photos/aroberts/18900612701,https://creativecommons.org/licenses/by/2.0/
80b67aa71e941e1c,basil,Camilla Salem,https://www.flickr.com/people/camillaleila/,DSC_7947,https://www.flickr.com/photos/camillaleila/8972004148,https://creativecommons.org/licenses/by/2.0/
8f26c7f802ec38cc,basil,Stacy Spensley,https://www.flickr.com/people/notahipster/,"arugula, 5.30.09",https://www.flickr.com/photos/notahipster/3580340026,https://creativecommons.org/licenses/by/2.0/
b155ef2fda48f22c,basil,Andrea Nguyen,https://www.flickr.com/people/andrea_nguyen/,Thai lemon basil,https://www.flickr.com/photos/andrea_nguyen/5753835528,https://creativecommons.org/licenses/by/2.0/
a092858af8947606,basil,Roberto Verzo,https://www.flickr.com/people/verzo/,"January 2, 2012",https://www.flickr.com/photos/verzo/6627274853,https://creativecommons.org/licenses/by/2.0/
e4d15f5550b394af,basil,midorisyu,https://www.flickr.com/people/midorisyu/,My first GRDⅢ　06,https://www.flickr.com/photos/midorisyu/14453334992,https://creativecommons.org/licenses/by/2.0/
efcd605bd5d1ba40,basil,Christian Schnettelker,https://www.flickr.com/people/manoftaste-de/,Basil / Basilikum,https://www.flickr.com/photos/manoftaste-de/11573224766,https://creativecommons.org/licenses/by/2.0/
00ef90168ae041be,basil,Phil Manker,https://www.flickr.com/people/philmanker/,Fagus Sylvatica Cristata by Phil Manker,https://www.flickr.com/photos/philmanker/10840115023,https://creativecommons.org/licenses/by/2.0/
d124c8d54c07d767,basil,Andy Roberts,https://www.flickr.com/people/aroberts/,ID Please,https://www.flickr.com/photos/aroberts/20303992422,https://creativecommons.org/licenses/by/2.0/
25c030239f6804e2,basil,Newtown grafitti,https://www.flickr.com/people/newtown_grafitti/,Purple,https://www.flickr.com/photos/newtown_grafitti/8302883809,https://creativecommons.org/licenses/by/2.0/
220a8ae6f5045492,basil,Yasuo Kida,https://www.flickr.com/people/kidayasuo/,Untitled,https://www.flickr.com/photos/kidayasuo/6954099627,https://creativecommons.org/licenses/by/2.0/
25822a6d1e169df9,basil,mnchilemom,https://www.flickr.com/people/50228879@N00/,P6045369-B Basil,https://www.flickr.com/photos/50228879@N00/6101909462,https://creativecommons.org/licenses/by/2.0/
54bea4d9e1931394,basil,Alice sage,https://www.flickr.com/people/alissimo/,basil,https://www.flickr.com/photos/alissimo/315912899,https://creativecommons.org/licenses/by/2.0/
6987ea5110692517,basil,Damien Boilley,https://www.flickr.com/people/damouns/,Justicia betonica,https://www.flickr.com/photos/damouns/82843607,https://creativecommons.org/licenses/by/2.0/
ea582f9defa7ad10,basil,TheBlixGuy,https://www.flickr.com/people/92182607@N08/,HTC One Sample,https://www.flickr.com/photos/92182607@N08/9458152194,https://creativecommons.org/licenses/by/2.0/
4027e0a280c74548,basil,amandamandy,https://www.flickr.com/people/polaina/,Untitled,https://www.flickr.com/photos/polaina/2610731457,https://creativecommons.org/licenses/by/2.0/
05c11bf162e71716,basil,godserv,https://www.flickr.com/people/godserv/,Green Leaves,https://www.flickr.com/photos/godserv/11348395064,https://creativecommons.org/licenses/by/2.0/
a620c98070819776,basil,Parker Knight,https://www.flickr.com/people/rocketboom/,Evening 47,https://www.flickr.com/photos/rocketboom/14685208951,https://creativecommons.org/licenses/by/2.0/
4fbfc943d991caa0,basil,Naotake Murayama,https://www.flickr.com/people/naotakem/,Basil,https://www.flickr.com/photos/naotakem/8065222208,https://creativecommons.org/licenses/by/2.0/
769c925606c674f2,basil,Carl Lewis,https://www.flickr.com/people/carllewis/,Ocimum basilicum,https://www.flickr.com/photos/carllewis/1470229806,https://creativecommons.org/licenses/by/2.0/
22f39d19ed20a814,basil,Jane Lenahan,https://www.flickr.com/people/83478713@N04/,DSC01503market,https://www.flickr.com/photos/83478713@N04/9517630535,https://creativecommons.org/licenses/by/2.0/
cc1944241891aeea,basil,F Delventhal,https://www.flickr.com/people/krossbow/,Clagett Farm Share Week 15,https://www.flickr.com/photos/krossbow/4984937694,https://creativecommons.org/licenses/by/2.0/
5173080e2cc2ae79,basil,Harry Rose,https://www.flickr.com/people/macleaygrassman/,Tetragonia tetragonioides plant2,https://www.flickr.com/photos/macleaygrassman/19603239239,https://creativecommons.org/licenses/by/2.0/
f70a8dbd4a03d325,basil,ANTONELLO,https://www.flickr.com/people/antonilic/,vasenicola,https://www.flickr.com/photos/antonilic/859143652,https://creativecommons.org/licenses/by/2.0/
1a77c62a6eb7e3e3,basil,Iburiedpaul,https://www.flickr.com/people/roeshad/,Basil,https://www.flickr.com/photos/roeshad/5886593532,https://creativecommons.org/licenses/by/2.0/
1a10e7979d313ac7,basil,LollyKnit,https://www.flickr.com/people/lollyknit/,Basil,https://www.flickr.com/photos/lollyknit/534328058,https://creativecommons.org/licenses/by/2.0/
d3f9d281a9a9c20e,basil,Joi Ito,https://www.flickr.com/people/joi/,Green hot chili peppers,https://www.flickr.com/photos/joi/3905548794,https://creativecommons.org/licenses/by/2.0/
07b49d7bec31a699,basil,Joy,https://www.flickr.com/people/joyosity/,Start with spinach,https://www.flickr.com/photos/joyosity/8050256354,https://creativecommons.org/licenses/by/2.0/
861f69159fa43521,basil,Rob and Stephanie Levy,https://www.flickr.com/people/robandstephanielevy/,Basil Rathbone,https://www.flickr.com/photos/robandstephanielevy/238756783,https://creativecommons.org/licenses/by/2.0/
bcb9825c05c8ec1c,basil,Renata Avila,https://www.flickr.com/people/renata_a_pinto/,DSC01076,https://www.flickr.com/photos/renata_a_pinto/5729267288,https://creativecommons.org/licenses/by/2.0/
74d160e9eb29e2b1,basil,Lori L. Stalteri,https://www.flickr.com/people/llstalteri/,P1020105,https://www.flickr.com/photos/llstalteri/9351963734,https://creativecommons.org/licenses/by/2.0/
78404bb5e2b62f96,basil,Christopher Sessums,https://www.flickr.com/people/csessums/,Green Basil Leaves,https://www.flickr.com/photos/csessums/4748225546,https://creativecommons.org/licenses/by/2.0/
d6626ad43609edc0,basil,Taiyo FUJII,https://www.flickr.com/people/t_trace/,Basilico leafs,https://www.flickr.com/photos/t_trace/3015466366,https://creativecommons.org/licenses/by/2.0/
c8715bc785f7fb88,basil,Tony Austin,https://www.flickr.com/people/tonyaustin/,Basil,https://www.flickr.com/photos/tonyaustin/4586998140,https://creativecommons.org/licenses/by/2.0/
6c72a2d685f8bca7,basil,j bizzie,https://www.flickr.com/people/k9d/,#BASIL #DIY #INDOOR #HERB #GARDEN,https://www.flickr.com/photos/k9d/6524260507/,https://creativecommons.org/licenses/by/2.0/
84ab03d59c516cee,basil,Swallowtail Garden Seeds,https://www.flickr.com/people/swallowtailgardenseeds/,Genovese Basil. Ocimum basilicum.,https://www.flickr.com/photos/swallowtailgardenseeds/15549915298,https://creativecommons.org/licenses/by/2.0/
68da16cde28f39fc,basil,Rhonda Oglesby,https://www.flickr.com/people/roglesby/,basil plant,https://www.flickr.com/photos/roglesby/3815061668,https://creativecommons.org/licenses/by/2.0/
17879a1b43c0a732,basil,crosseye Marketing - Tourismus Marketing Online,https://www.flickr.com/people/ezoxeye/,Blättervielfalt,https://www.flickr.com/photos/ezoxeye/4687401827,https://creativecommons.org/licenses/by/2.0/
60fc250032dfa948,basil,Andrew Taylor,https://www.flickr.com/people/profilerehab/,Blue Flowers,https://www.flickr.com/photos/profilerehab/5847082401,https://creativecommons.org/licenses/by/2.0/
65b6a463b30260da,basil,Takahiro Yamagiwa,https://www.flickr.com/people/yama2k/,Pod full of holy basil in my balcony 20130121,https://www.flickr.com/photos/yama2k/8397890990,https://creativecommons.org/licenses/by/2.0/
8f4c7c400b46bad7,basil,Denise Krebs,https://www.flickr.com/people/mrsdkrebs/,2012-206 Basil,https://www.flickr.com/photos/mrsdkrebs/7641477562,https://creativecommons.org/licenses/by/2.0/
1e17b76323d734f3,basil,Beatrice Murch,https://www.flickr.com/people/blmurch/,Peppers,https://www.flickr.com/photos/blmurch/8491117713,https://creativecommons.org/licenses/by/2.0/
89b39f27c2f32a35,basil,Kate Ter Haar,https://www.flickr.com/people/katerha/,Pesto anyone?,https://www.flickr.com/photos/katerha/7915232532,https://creativecommons.org/licenses/by/2.0/
35636bc72e647961,basil,glenngould,https://www.flickr.com/people/for_tea_too/,"Love basil, but it goes south quickly",https://www.flickr.com/photos/for_tea_too/15509259962,https://creativecommons.org/licenses/by/2.0/
29a04b99c5213afa,basil,Lina María Álvarez Higuita,https://www.flickr.com/people/47482025@N06/,Albaca,https://www.flickr.com/photos/47482025@N06/16390871915,https://creativecommons.org/licenses/by/2.0/
4463f8cc31a7dc1b,basil,benet2006,https://www.flickr.com/people/benetd/,"Damselfly, Schley Pass",https://www.flickr.com/photos/benetd/14888294819,https://creativecommons.org/licenses/by/2.0/
870a0360d159c4bd,basil,Susan Beach,https://www.flickr.com/people/isimmer/,Basil,https://www.flickr.com/photos/isimmer/230463825,https://creativecommons.org/licenses/by/2.0/
c6d267b90feadbfe,basil,tlwmdbt,https://www.flickr.com/people/danieltoschlaeger/,basil / Basilikum / baslilic,https://www.flickr.com/photos/danieltoschlaeger/9390980087,https://creativecommons.org/licenses/by/2.0/
eabe5dd84d4dfd14,basil,Travis Wise,https://www.flickr.com/people/photographingtravis/,Patio,https://www.flickr.com/photos/photographingtravis/19391465836,https://creativecommons.org/licenses/by/2.0/
8eb921ef7715bdd7,basil,apium,https://www.flickr.com/people/apium/,june 071 basil with bug,https://www.flickr.com/photos/apium/3687893526,https://creativecommons.org/licenses/by/2.0/
ca6697500cb2bd26,basil,sophie,https://www.flickr.com/people/sophiea/,basil- Foglia Violetta di Lattuga,https://www.flickr.com/photos/sophiea/4921486320,https://creativecommons.org/licenses/by/2.0/
bcdeb43d493301a5,basil,sakura,https://www.flickr.com/people/sa_ku_ra/,basil from the yard,https://www.flickr.com/photos/sa_ku_ra/19618941,https://creativecommons.org/licenses/by/2.0/
df99a98867b01089,basil,Logan Ingalls,https://www.flickr.com/people/plutor/,"Finally, basil",https://www.flickr.com/photos/plutor/6046594473/,https://creativecommons.org/licenses/by/2.0/
a835257caf24dab6,basil,Serres Fortier,https://www.flickr.com/people/lesserresfortier/,Basilic citron,https://www.flickr.com/photos/lesserresfortier/16406511081,https://creativecommons.org/licenses/by/2.0/
a42db32615c53b28,basil,1000zen,https://www.flickr.com/people/1000zen/,basilicum,https://www.flickr.com/photos/1000zen/8668375954,https://creativecommons.org/licenses/by/2.0/
1df21e785a6f0595,basil,janeyhenning,https://www.flickr.com/people/88979981@N00/,"basil, cilantro and oregano",https://www.flickr.com/photos/88979981@N00/2667520789,https://creativecommons.org/licenses/by/2.0/
845d0d2554ac5e8d,basil,Tim Sheerman-Chase,https://www.flickr.com/people/tim_uk/,Window Plant,https://www.flickr.com/photos/tim_uk/6472592111,https://creativecommons.org/licenses/by/2.0/
b26f086ee09f7f31,basil,Amy G,https://www.flickr.com/people/apple_pathways/,IMG_0381,https://www.flickr.com/photos/apple_pathways/18217239341,https://creativecommons.org/licenses/by/2.0/
647fe5d03ea65539,basil,Akos Kokai,https://www.flickr.com/people/on_earth/,Veratrum viride,https://www.flickr.com/photos/on_earth/9534256912,https://creativecommons.org/licenses/by/2.0/
bccadc5697d9213f,basil,Ashley Basil,https://www.flickr.com/people/28438417@N08/,Peperomia skottsbergii ?,https://www.flickr.com/photos/28438417@N08/8528963405,https://creativecommons.org/licenses/by/2.0/
0ea75ebeec219b2a,basil,Hey Paul Studios,https://www.flickr.com/people/hey__paul/,Arugula Harvest,https://www.flickr.com/photos/hey__paul/5240740197,https://creativecommons.org/licenses/by/2.0/
5803ac5d20687383,basil,the Italian voice,https://www.flickr.com/people/desiitaly/,Hot pepper plants,https://www.flickr.com/photos/desiitaly/801757580,https://creativecommons.org/licenses/by/2.0/
d2ac43bca1e7dec0,basil,cbertel,https://www.flickr.com/people/cbertel/,Basil 2,https://www.flickr.com/photos/cbertel/2822755613,https://creativecommons.org/licenses/by/2.0/
6133518ba9d71527,basil,sabotrax,https://www.flickr.com/people/sabotrax/,Kräuter,https://www.flickr.com/photos/sabotrax/2239966921,https://creativecommons.org/licenses/by/2.0/
296baafa083b2f34,basil,Ryan Somma,https://www.flickr.com/people/ideonexus/,Bonzai Crabapple,https://www.flickr.com/photos/ideonexus/5925364242,https://creativecommons.org/licenses/by/2.0/
93d1fbbf292d9b14,basil,Anna Hirsch,https://www.flickr.com/people/antigone/,Sweet Basil,https://www.flickr.com/photos/antigone/427509784,https://creativecommons.org/licenses/by/2.0/
99ba2aee94713b7e,basil,emerson12,https://www.flickr.com/people/emerson12/,basil drop,https://www.flickr.com/photos/emerson12/3806806318,https://creativecommons.org/licenses/by/2.0/
7f9ddeca89b7b298,basil,Danila De Santis Fotografa,https://www.flickr.com/people/daniladesantisfoto/,_DSC0170,https://www.flickr.com/photos/daniladesantisfoto/8077204206,https://creativecommons.org/licenses/by/2.0/
97be2a5055cc2fe1,basil,William Ng,https://www.flickr.com/people/williamnyk/,IMG_0009,https://www.flickr.com/photos/williamnyk/165583585,https://creativecommons.org/licenses/by/2.0/
896e3f5f2425a7ee,basil,bfishadow,https://www.flickr.com/people/bfishadow/,Vegetables,https://www.flickr.com/photos/bfishadow/4369648431,https://creativecommons.org/licenses/by/2.0/
73418e25ef4bf69e,basil,Yvonne Esperanza,https://www.flickr.com/people/yvonsita/,Picked some fresh basil from the garden this morning. Giving it away. I have way too much. #photooftheday #igers #igersaddicts #instagood,https://www.flickr.com/photos/yvonsita/8290839771,https://creativecommons.org/licenses/by/2.0/
debb1c2dda78445f,basil,missellyrh,https://www.flickr.com/people/missellyrh/,Strawberry 'Mignonette',https://www.flickr.com/photos/missellyrh/9153894172,https://creativecommons.org/licenses/by/2.0/
c5631621780519ec,basil,Beth Coll Anderson,https://www.flickr.com/people/pixelrn/,basil,https://www.flickr.com/photos/pixelrn/1126888437,https://creativecommons.org/licenses/by/2.0/
fea3ba65b8e136ec,basil,Camera Eye,https://www.flickr.com/people/71925103@N00/,Butterflies,https://www.flickr.com/photos/71925103@N00/20277299,https://creativecommons.org/licenses/by/2.0/
32d83bdb673ef13d,parsley,brunifia,https://www.flickr.com/people/brunifia/,prezzemolo,https://www.flickr.com/photos/brunifia/5731643740,https://creativecommons.org/licenses/by/2.0/
9d994866e8acb996,parsley,CeresB,https://www.flickr.com/people/37054091@N06/,Coriander,https://www.flickr.com/photos/37054091@N06/5686883059,https://creativecommons.org/licenses/by/2.0/
72d5116fa215c73d,parsley,Anna,https://www.flickr.com/people/katja-london/,Petroselinum crispum,https://www.flickr.com/photos/katja-london/2466651908,https://creativecommons.org/licenses/by/2.0/
b9189081fff89c62,parsley,sylvar,https://www.flickr.com/people/sylvar/,IMG_1049.JPG,https://www.flickr.com/photos/sylvar/14426152891,https://creativecommons.org/licenses/by/2.0/
7f952d3e8373d1e2,parsley,Joylita Saldanha,https://www.flickr.com/people/joylitas/,Holy Parsley!,https://www.flickr.com/photos/joylitas/2084551499,https://creativecommons.org/licenses/by/2.0/
9e214a1a3ff94448,parsley,mi),https://www.flickr.com/people/46695600@N03/,perejil,https://www.flickr.com/photos/46695600@N03/6923881746,https://creativecommons.org/licenses/by/2.0/
f01270794ad28125,parsley,cookbookman17,https://www.flickr.com/people/cookbookman/,Fresh Parsley,https://www.flickr.com/photos/cookbookman/5620131626,https://creativecommons.org/licenses/by/2.0/
978802a0e62c3a6d,parsley,dollen,https://www.flickr.com/people/dollen/,Parsley,https://www.flickr.com/photos/dollen/8366234800,https://creativecommons.org/licenses/by/2.0/
c06243694a3b0fda,parsley,storebukkebruse,https://www.flickr.com/people/tusnelda/,Parsley closeup,https://www.flickr.com/photos/tusnelda/3496770388,https://creativecommons.org/licenses/by/2.0/
6ce02f55c3a91e2c,parsley,Jeremy Keith,https://www.flickr.com/people/adactio/,Flat-leafed parsley,https://www.flickr.com/photos/adactio/2856031477,https://creativecommons.org/licenses/by/2.0/
3f5da220b64c436f,parsley,Cirofono,https://www.flickr.com/people/ciroduran/,MacroPerejil (Formerly known as MacroCéleri),https://www.flickr.com/photos/ciroduran/331050813,https://creativecommons.org/licenses/by/2.0/
b2ee9926a8372906,parsley,Phelyan Sanjoin,https://www.flickr.com/people/phelyan/,Parsley,https://www.flickr.com/photos/phelyan/2678306280,https://creativecommons.org/licenses/by/2.0/
3f26f78e96430d20,parsley,bellergy2,https://www.flickr.com/people/bellergy/,黑骨芒,https://www.flickr.com/photos/bellergy/4045851079,https://creativecommons.org/licenses/by/2.0/
7204512e23048a9a,parsley,Larry Hoffman,https://www.flickr.com/people/dinesarasota/,Fresh Parsley,https://www.flickr.com/photos/dinesarasota/3586142199,https://creativecommons.org/licenses/by/2.0/
5c53b784885dd597,parsley,Qfamily,https://www.flickr.com/people/dasqfamily/,Garden fresh cilantro,https://www.flickr.com/photos/dasqfamily/2648343226,https://creativecommons.org/licenses/by/2.0/
4bc132144beb9f7c,parsley,Olga Berrios,https://www.flickr.com/people/ofernandezberrios/,perejil,https://www.flickr.com/photos/ofernandezberrios/2845464761,https://creativecommons.org/licenses/by/2.0/
ca03fe8a5dfaf9a3,parsley,Gamal Liranzo,https://www.flickr.com/people/gamachy/,Flowers,https://www.flickr.com/photos/gamachy/15796468359,https://creativecommons.org/licenses/by/2.0/
7efaaa73dc2deda7,shrimp,FromSandToGlass,https://www.flickr.com/people/ericabreetoe/,Scarlet Skunk Cleaner Shrimp,https://www.flickr.com/photos/ericabreetoe/7092408609,https://creativecommons.org/licenses/by/2.0/
855dffdd4d2bb84e,shrimp,man pikin,https://www.flickr.com/people/musicamang/,Maine Lobster from Eric,https://www.flickr.com/photos/musicamang/71698698,https://creativecommons.org/licenses/by/2.0/
47709d000a217c44,shrimp,NatalieMaynor,https://www.flickr.com/people/nataliemaynor/,New Orleans,https://www.flickr.com/photos/nataliemaynor/6942492612,https://creativecommons.org/licenses/by/2.0/
460ab2a2c5e6c724,shrimp,Paul Arps,https://www.flickr.com/people/slapers/,Fresh langoustines of Ile de Ré (France 2011),https://www.flickr.com/photos/slapers/6089249328,https://creativecommons.org/licenses/by/2.0/
2e653b00d437ad2f,shrimp,Charleston&#x27;s TheDigitel,https://www.flickr.com/people/29456235@N04/,IMG_0951,https://www.flickr.com/photos/29456235@N04/4473188816,https://creativecommons.org/licenses/by/2.0/
47c410a1973b7fa2,shrimp,Corey Taratuta,https://www.flickr.com/people/onthewhiteline/,Louisiana Crawfish Dinner,https://www.flickr.com/photos/onthewhiteline/7097591087,https://creativecommons.org/licenses/by/2.0/
7bcec8d64c12d079,shrimp,The MisAdventures of Maja,https://www.flickr.com/people/misadventuresofmaja/,Hello friendships!!! I love you all!!! #misadventures #troublemaker #mjwmaine #lobster,https://www.flickr.com/photos/misadventuresofmaja/20145340549,https://creativecommons.org/licenses/by/2.0/
fe7d1baece6b966b,shrimp,Javier Lastras,https://www.flickr.com/people/jlastras/,Gambas Cocidas,https://www.flickr.com/photos/jlastras/3913016957,https://creativecommons.org/licenses/by/2.0/
3778c732ead6dce3,shrimp,Isaac Wedin,https://www.flickr.com/people/izik/,Boiling crawfish,https://www.flickr.com/photos/izik/3522249190,https://creativecommons.org/licenses/by/2.0/
be1b316d335517eb,shrimp,Arnstein Rønning,https://www.flickr.com/people/eaglestein/,Fiskemarkedet i Alanya,https://www.flickr.com/photos/eaglestein/5431949218,https://creativecommons.org/licenses/by/2.0/
d50df5175f45cfd1,shrimp,Rev Stan,https://www.flickr.com/people/revstan/,Prawn platter,https://www.flickr.com/photos/revstan/4447544870,https://creativecommons.org/licenses/by/2.0/
aa7f034b62fa7063,shrimp,Christopher Adams,https://www.flickr.com/people/christopheradams/,Aquatic Addiction Development,https://www.flickr.com/photos/christopheradams/13305978403,https://creativecommons.org/licenses/by/2.0/
1c9a1191fb1b5853,shrimp,Amber DeGrace,https://www.flickr.com/people/ink_mama/,Starting tonight's dinner. Main character in this story are these lovelies.,https://www.flickr.com/photos/ink_mama/8661632476,https://creativecommons.org/licenses/by/2.0/
93efda6cf8fcb86c,shrimp,Derek Gavey,https://www.flickr.com/people/derekgavey/,Fresh Prawns,https://www.flickr.com/photos/derekgavey/4593694883,https://creativecommons.org/licenses/by/2.0/
599e7ee97b601344,shrimp,chunkysalsa,https://www.flickr.com/people/chunkysalsa/,Our pet lobster is getting big. His name is Bubbles and he likes long walks on the beach & sleeping under the tree,https://www.flickr.com/photos/chunkysalsa/8501073876,https://creativecommons.org/licenses/by/2.0/
570c1cf91cc7e966,shrimp,Biodiversity Heritage Library,https://www.flickr.com/people/biodivlibrary/,n318_w1150,https://www.flickr.com/photos/biodivlibrary/6678744811,https://creativecommons.org/licenses/by/2.0/
5314d8ad8213a49a,shrimp,jen,https://www.flickr.com/people/blu_pineappl3/,bloody mary,https://www.flickr.com/photos/blu_pineappl3/18736470336,https://creativecommons.org/licenses/by/2.0/
42fc437af4b988a3,shrimp,Heather Cowper,https://www.flickr.com/people/heatheronhertravels/,Langoustine in Feskekôrka in Gothenburg,https://www.flickr.com/photos/heatheronhertravels/6488635627,https://creativecommons.org/licenses/by/2.0/
b501a973b2d75321,shrimp,Phil Whitehouse,https://www.flickr.com/people/philliecasablanca/,Orange,https://www.flickr.com/photos/philliecasablanca/8599714424/,https://creativecommons.org/licenses/by/2.0/
d3bb102999f5135b,shrimp,Peter Shanks,https://www.flickr.com/people/botheredbybees/,cray,https://www.flickr.com/photos/botheredbybees/4305415817,https://creativecommons.org/licenses/by/2.0/
0381e5e25585560d,shrimp,Per Åström,https://www.flickr.com/people/perkovich/,Westcoast,https://www.flickr.com/photos/perkovich/2810600937/,https://creativecommons.org/licenses/by/2.0/
ea50311b6182d861,shrimp,coliedog mac,https://www.flickr.com/people/34805754@N00/,Freash caught Scottish prawns,https://www.flickr.com/photos/34805754@N00/141326105,https://creativecommons.org/licenses/by/2.0/
4215559a6707f660,shrimp,Phil Darnell,https://www.flickr.com/people/18534063@N00/,Crawfish Plate,https://www.flickr.com/photos/18534063@N00/403826049,https://creativecommons.org/licenses/by/2.0/
96b9579cd2e97de7,shrimp,Michael Mayer,https://www.flickr.com/people/michael_mayer/,Fish Restaurant / Rhodos,https://www.flickr.com/photos/michael_mayer/8732994015,https://creativecommons.org/licenses/by/2.0/
80611262aa320134,shrimp,whatleydude,https://www.flickr.com/people/whatleydude/,How about some lobster?,https://www.flickr.com/photos/whatleydude/5680276207,https://creativecommons.org/licenses/by/2.0/
6b45a1f2fd49c488,shrimp,Jonas Nordström,https://www.flickr.com/people/windyjonas/,Hummer klar för gratinering,https://www.flickr.com/photos/windyjonas/4251674310,https://creativecommons.org/licenses/by/2.0/
1fea3becc6687583,shrimp,indigoMood,https://www.flickr.com/people/indigomood/,mud bugs,https://www.flickr.com/photos/indigomood/3445854635,https://creativecommons.org/licenses/by/2.0/
e0a6ae327cba49bd,shrimp,Daniel Oines,https://www.flickr.com/people/dno1967b/,Untitled,https://www.flickr.com/photos/dno1967b/5396842296,https://creativecommons.org/licenses/by/2.0/
410b0ae930ca9405,shrimp,バイク便八王子立川所沢,https://www.flickr.com/people/32926922@N08/,アメリカザリガニ,https://www.flickr.com/photos/32926922@N08/4677465481,https://creativecommons.org/licenses/by/2.0/
62eb2f12de680992,shrimp,Procsilas Moscas,https://www.flickr.com/people/procsilas/,untitled,https://www.flickr.com/photos/procsilas/385385287,https://creativecommons.org/licenses/by/2.0/
ec292511fa280dac,shrimp,Ben Davis,https://www.flickr.com/people/78559452@N08/,Shrimp Tails,https://www.flickr.com/photos/78559452@N08/8974056376,https://creativecommons.org/licenses/by/2.0/
79387fc64319f0d2,shrimp,Yun Huang Yong,https://www.flickr.com/people/goosmurf/,Scorpions. For eating. With 2 weeks of holidaying to go I did not partake.,https://www.flickr.com/photos/goosmurf/20391699332,https://creativecommons.org/licenses/by/2.0/
6c5d1d44e6a4e2c5,shrimp,Victoria Reay,https://www.flickr.com/people/vkreay/,Valencia,https://www.flickr.com/photos/vkreay/2384795733,https://creativecommons.org/licenses/by/2.0/
bda783d21002d7f3,shrimp,Frugan,https://www.flickr.com/people/frugan/,Kräftskiva,https://www.flickr.com/photos/frugan/2752422189,https://creativecommons.org/licenses/by/2.0/
ac07d54c2f887ae3,shrimp,Gavin St. Ours,https://www.flickr.com/people/gavinmusic/,Before.,https://www.flickr.com/photos/gavinmusic/14483255472,https://creativecommons.org/licenses/by/2.0/
859a4325f75a348b,shrimp,Shawn Rossi,https://www.flickr.com/people/shawnzlea/,Boiled shrimp on ice,https://www.flickr.com/photos/shawnzlea/647444899,https://creativecommons.org/licenses/by/2.0/
3c74f300c1296e1f,shrimp,taylorhatmaker,https://www.flickr.com/people/henofthewoods/,Welcome to New Orleans. Must maintain...,https://www.flickr.com/photos/henofthewoods/8326885259,https://creativecommons.org/licenses/by/2.0/
81ee2bedfa0c90c9,shrimp,Michael Coté,https://www.flickr.com/people/cote/,Thai table,https://www.flickr.com/photos/cote/5034749986,https://creativecommons.org/licenses/by/2.0/
44223069de85849c,shrimp,Maia Valenzuela,https://www.flickr.com/people/maiabee/,translucent krill,https://www.flickr.com/photos/maiabee/2760133825,https://creativecommons.org/licenses/by/2.0/
3965464d67a5a1d4,shrimp,AnneCN,https://www.flickr.com/people/anne-cathrine_nyberg/,shrimps,https://www.flickr.com/photos/anne-cathrine_nyberg/5844466599,https://creativecommons.org/licenses/by/2.0/
ffdf3b4d9237c25d,shrimp,VanLap Hoàng,https://www.flickr.com/people/35334437@N05/,18-Tôm-Thẻ rằn,https://www.flickr.com/photos/35334437@N05/15770865185,https://creativecommons.org/licenses/by/2.0/
b5ef8194e7b81275,shrimp,Public.Resource.Org,https://www.flickr.com/people/publicresourceorg/,Cleaner Shrimp,https://www.flickr.com/photos/publicresourceorg/493819461,https://creativecommons.org/licenses/by/2.0/
52495cd018e3a13c,shrimp,Jessica Spengler,https://www.flickr.com/people/wordridden/,Prawns from Palamos,https://www.flickr.com/photos/wordridden/9394026198,https://creativecommons.org/licenses/by/2.0/
0c6b23f11ce16cd2,shrimp,Roberto Verzo,https://www.flickr.com/people/verzo/,Manila - 9th day,https://www.flickr.com/photos/verzo/4885678764,https://creativecommons.org/licenses/by/2.0/
258e8069090d8ebb,shrimp,BrunoBrunan,https://www.flickr.com/people/brunodobrasil/,BrunoBrunan,https://www.flickr.com/photos/brunodobrasil/11392624264/,https://creativecommons.org/licenses/by/2.0/
cf50dcb8e0ed5b33,shrimp,snowpea&amp;bokchoi,https://www.flickr.com/people/bokchoi-snowpea/,CalumetShrimp,https://www.flickr.com/photos/bokchoi-snowpea/5051983780,https://creativecommons.org/licenses/by/2.0/
159087226b8dcecb,shrimp,Paul,https://www.flickr.com/people/pphillips1987/,langastine,https://www.flickr.com/photos/pphillips1987/10410887093,https://creativecommons.org/licenses/by/2.0/
4d469a6501c48cd7,shrimp,lovinkat,https://www.flickr.com/people/lovinkat/,Lobsters as big as our heads!,https://www.flickr.com/photos/lovinkat/8927267835,https://creativecommons.org/licenses/by/2.0/
1fd085b89abeafb3,shrimp,tatu43,https://www.flickr.com/people/tatu43/,Mercado Público,https://www.flickr.com/photos/tatu43/300301409,https://creativecommons.org/licenses/by/2.0/
511477fc08657338,shrimp,Arnstein Rønning,https://www.flickr.com/people/eaglestein/,Sjøkreps,https://www.flickr.com/photos/eaglestein/4628708969,https://creativecommons.org/licenses/by/2.0/
ffad69b9c3e27965,shrimp,David J,https://www.flickr.com/people/sebilden/,Crayfish,https://www.flickr.com/photos/sebilden/14961604482,https://creativecommons.org/licenses/by/2.0/
c5a36eb54129e4f9,shrimp,Billy Brown,https://www.flickr.com/people/billybrown00/,Boiled Crawfish,https://www.flickr.com/photos/billybrown00/5535517467,https://creativecommons.org/licenses/by/2.0/
d313b4a7d047ef22,shrimp,Ellen Munro,https://www.flickr.com/people/ellenmunro/,Prawns,https://www.flickr.com/photos/ellenmunro/9607910011,https://creativecommons.org/licenses/by/2.0/
6f36cac78c180e0a,shrimp,Daniel Lobo,https://www.flickr.com/people/daquellamanera/,Gambas,https://www.flickr.com/photos/daquellamanera/359077193,https://creativecommons.org/licenses/by/2.0/
216236d88c774a90,shrimp,Rob and Stephanie Levy,https://www.flickr.com/people/robandstephanielevy/,a tiger prawn from the creek,https://www.flickr.com/photos/robandstephanielevy/274835441,https://creativecommons.org/licenses/by/2.0/
0e27ed1ac8ff942d,sausage,Marit &amp; Toomas Hinnosaar,https://www.flickr.com/people/hinnosaar/,Blood sausage,https://www.flickr.com/photos/hinnosaar/6534119025,https://creativecommons.org/licenses/by/2.0/
319154a284a16ef6,sausage,artreverse,https://www.flickr.com/people/artreverse/,IMG_2808,https://www.flickr.com/photos/artreverse/8286011080,https://creativecommons.org/licenses/by/2.0/
f700b5145835bf5f,sausage,Camila Geek_Girl Mariano Paganini,https://www.flickr.com/people/ssecmp/,Linguiça,https://www.flickr.com/photos/ssecmp/3369441447,https://creativecommons.org/licenses/by/2.0/
830892f6924139dd,sausage,Darin McClure,https://www.flickr.com/people/darinrmcclure/,Tubesteak,https://www.flickr.com/photos/darinrmcclure/7897491104,https://creativecommons.org/licenses/by/2.0/
c563d7a1946815fd,sausage,Glenn Dettwiler,https://www.flickr.com/people/swisschef/,"German wieners, Weiss brat, Leibekasse and lean brat... All local and fresh...! @edelweissdeli",https://www.flickr.com/photos/swisschef/16081720102,https://creativecommons.org/licenses/by/2.0/
bf0752631f0201e4,sausage,Mike McCune,https://www.flickr.com/people/mccun934/,home made sausage - chicken and fig,https://www.flickr.com/photos/mccun934/2645355010,https://creativecommons.org/licenses/by/2.0/
e08232dcf89fcbda,sausage,Erica Firment,https://www.flickr.com/people/librarianavengers/,Michigan party dogs,https://www.flickr.com/photos/librarianavengers/467215132,https://creativecommons.org/licenses/by/2.0/
2ef7a12eadab1331,bacon,Chloe Lim,https://www.flickr.com/people/kfoodaddict/,Pork belly for Korean BBQ,https://www.flickr.com/photos/kfoodaddict/6071825566,https://creativecommons.org/licenses/by/2.0/
89f396d1a46b48ae,bacon,Conor Lawless,https://www.flickr.com/people/conchur/,DSC_1404_Bacon,https://www.flickr.com/photos/conchur/13915349006,https://creativecommons.org/licenses/by/2.0/
320f140ef96e41c6,butter,jules,https://www.flickr.com/people/stone-soup/,rolls royce mayonnaise,https://www.flickr.com/photos/stone-soup/7534338696,https://creativecommons.org/licenses/by/2.0/
